app,sleep_time,request_size,response_size
1,0.187,1024,64
1,0.187,1024,64
1,0.187,1024,64
1,5.905,2048,64
3,5.399,2048,2048
2,5.153,24576,64
2,40.34,24576,64
1,0.203,1024,64
1,0.218,1024,64
3,7.537,2048,2048
1,0.33,1024,64
1,0.511,1024,64
1,0.012,1024,64
1,0.013,1024,64
1,0.015,1024,64
1,0.011,1024,64
1,0.015,1024,64
1,0.011,1024,64
1,0.012,1024,64
1,0.015,1024,64
1,0.018,1024,64
1,0.013,1024,64
1,0.012,1024,64
1,0.014,1024,64
1,0.011,1024,64
1,0.012,1024,64
1,0.012,1024,64
3,13.046,4096,4096
3,12.92,4096,4096
1,0.187,1024,64
1,0.189,1024,64
2,38.167,24576,64
2,38.155,24576,64
1,0.187,1024,64
3,2.558,2048,2048
3,2.574,2048,2048
1,0.667,1024,64
1,0.648,1024,64
3,4.072,2048,2048
3,4.023,2048,2048
3,5.278,2048,2048
3,14.335,4096,4096
3,13.859,4096,4096
3,5.023,2048,2048
3,5.054,2048,2048
1,0.43,1024,64
1,0.39,1024,64
1,1.667,2048,64
1,1.653,2048,64
3,3.973,2048,2048
3,3.957,2048,2048
1,0.649,1024,64
1,0.649,1024,64
1,0.033,1024,64
1,0.033,1024,64
2,37.789,24576,64
2,37.789,24576,64
1,0.909,2048,64
1,0.909,2048,64
3,6.918,2048,2048
3,6.918,2048,2048
5,19.645,4096,4096
5,19.626,4096,4096
5,25.671,8192,8192
5,25.705,8192,8192
3,4.918,2048,2048
3,4.918,2048,2048
5,24.864,8192,8192
5,24.845,8192,8192
3,7.834,2048,2048
3,7.834,2048,2048
2,59.217,24576,64
2,59.217,24576,64
5,25.204,8192,8192
5,25.19,8192,8192
3,8.302,4096,4096
3,7.922,4096,4096
2,32.202,24576,64
2,32.202,24576,64
2,71.998,24576,64
2,71.982,24576,64
2,62.132,24576,64
2,62.132,24576,64
2,71.436,24576,64
2,71.436,24576,64
2,33.636,24576,64
2,33.636,24576,64
5,18.576,4096,4096
5,18.593,4096,4096
3,12.956,4096,4096
3,12.956,4096,4096
2,78.987,24576,64
2,78.987,24576,64
2,58.08,24576,64
2,58.097,24576,64
2,151.181,24576,64
2,151.2,24576,64
2,30.94,24576,64
2,30.94,24576,64
5,16.986,4096,4096
5,16.97,4096,4096
2,36.293,24576,64
2,36.277,24576,64
2,77.926,24576,64
2,77.926,24576,64
3,3.913,2048,2048
3,3.913,2048,2048
2,54.526,24576,64
2,54.526,24576,64
2,99.158,24576,64
2,99.158,24576,64
5,29.027,8192,8192
5,29.011,8192,8192
3,7.108,2048,2048
3,7.108,2048,2048
2,52.898,24576,64
2,52.881,24576,64
2,54.084,24576,64
2,54.084,24576,64
2,74.288,24576,64
2,74.301,24576,64
2,196.639,24576,64
2,196.639,24576,64
3,5.578,2048,2048
2,63.153,24576,64
2,63.172,24576,64
5,17.435,4096,4096
5,17.435,4096,4096
3,6.515,2048,2048
3,6.515,2048,2048
2,43.419,24576,64
2,43.404,24576,64
1,0.649,1024,64
1,0.649,1024,64
1,0.922,2048,64
1,0.906,2048,64
1,1.206,2048,64
1,1.206,2048,64
1,1.821,2048,64
1,1.805,2048,64
5,19.633,4096,4096
5,19.65,4096,4096
5,22.856,8192,8192
5,22.856,8192,8192
2,34.692,24576,64
2,34.692,24576,64
3,3.412,2048,2048
3,3.398,2048,2048
2,34.236,24576,64
2,34.236,24576,64
5,16.958,4096,4096
5,16.801,4096,4096
3,8.29,4096,4096
3,8.272,4096,4096
3,4.328,2048,2048
3,4.328,2048,2048
3,14.046,4096,4096
3,14.065,4096,4096
2,57.791,24576,64
2,57.791,24576,64
3,9.173,4096,4096
3,9.173,4096,4096
2,48.436,24576,64
2,48.422,24576,64
3,10.327,4096,4096
3,10.314,4096,4096
5,16.396,4096,4096
5,16.396,4096,4096
2,76.534,24576,64
2,76.5,24576,64
2,36.64,24576,64
2,36.843,24576,64
2,36.591,24576,64
2,36.403,24576,64
3,11.7,4096,4096
3,11.591,4096,4096
1,0.97,2048,64
1,0.97,2048,64
3,14.941,4096,4096
5,22.775,8192,8192
5,22.788,8192,8192
3,14.923,4096,4096
5,21.081,8192,8192
5,21.081,8192,8192
3,3.674,2048,2048
3,3.646,2048,2048
5,22.449,8192,8192
5,22.449,8192,8192
2,113.378,24576,64
2,113.363,24576,64
5,22.878,8192,8192
5,22.864,8192,8192
2,32.059,24576,64
2,32.043,24576,64
3,2.335,2048,2048
3,2.274,2048,2048
1,0.998,2048,64
1,0.998,2048,64
3,3.634,2048,2048
3,3.587,2048,2048
1,0.017,1024,64
2,46.106,24576,64
2,46.09,24576,64
3,5.659,2048,2048
3,5.675,2048,2048
2,60.564,24576,64
2,60.753,24576,64
2,112.52,24576,64
2,112.52,24576,64
1,0.831,1024,64
1,0.831,1024,64
1,1.093,2048,64
1,1.093,2048,64
2,90.797,24576,64
2,90.797,24576,64
2,54.474,24576,64
2,54.536,24576,64
2,138.526,24576,64
2,138.511,24576,64
2,45.934,24576,64
2,45.919,24576,64
2,43.709,24576,64
2,43.693,24576,64
5,16.798,4096,4096
5,16.814,4096,4096
5,25.574,8192,8192
5,25.574,8192,8192
2,122.966,24576,64
2,122.949,24576,64
2,58.815,24576,64
2,58.799,24576,64
2,151.001,24576,64
2,151.001,24576,64
2,154.587,24576,64
2,154.574,24576,64
2,58.427,24576,64
2,58.427,24576,64
2,53.105,24576,64
2,53.105,24576,64
2,42.567,24576,64
2,42.567,24576,64
1,0.688,1024,64
1,0.688,1024,64
2,62.698,24576,64
2,62.698,24576,64
2,87.815,24576,64
2,87.815,24576,64
2,150.946,24576,64
2,150.946,24576,64
3,14.859,4096,4096
3,14.844,4096,4096
2,51.664,24576,64
2,51.664,24576,64
2,131.931,24576,64
2,131.946,24576,64
2,112.968,24576,64
2,112.953,24576,64
2,86.891,24576,64
2,86.909,24576,64
2,50.387,24576,64
2,50.387,24576,64
2,129.157,24576,64
2,129.185,24576,64
5,27.889,8192,8192
5,27.922,8192,8192
2,79.413,24576,64
2,79.368,24576,64
2,54.656,24576,64
2,54.64,24576,64
2,143.031,24576,64
2,143.0,24576,64
2,130.787,24576,64
2,130.787,24576,64
2,175.363,24576,64
2,175.363,24576,64
2,95.537,24576,64
2,95.552,24576,64
2,32.642,24576,64
2,32.642,24576,64
2,49.288,24576,64
2,49.272,24576,64
2,81.602,24576,64
2,81.556,24576,64
3,5.67,2048,2048
2,60.765,24576,64
2,60.781,24576,64
2,129.954,24576,64
2,129.938,24576,64
2,98.432,24576,64
2,98.404,24576,64
2,159.879,24576,64
2,159.863,24576,64
2,157.152,24576,64
2,157.152,24576,64
2,264.406,24576,64
2,264.42,24576,64
2,63.91,24576,64
2,63.881,24576,64
2,142.853,24576,64
2,142.838,24576,64
3,9.978,4096,4096
3,9.978,4096,4096
2,51.767,24576,64
2,51.767,24576,64
2,64.843,24576,64
2,64.825,24576,64
2,236.108,24576,64
2,236.108,24576,64
2,281.596,24576,64
2,281.58,24576,64
2,204.161,24576,64
2,204.161,24576,64
5,25.171,8192,8192
5,25.184,8192,8192
2,156.317,24576,64
2,156.317,24576,64
2,45.242,24576,64
2,45.242,24576,64
2,101.997,24576,64
2,101.983,24576,64
2,45.019,24576,64
2,45.019,24576,64
2,108.914,24576,64
2,108.914,24576,64
2,127.43,24576,64
2,127.43,24576,64
2,92.586,24576,64
2,92.586,24576,64
2,160.029,24576,64
2,34.479,24576,64
2,34.479,24576,64
2,159.999,24576,64
2,89.67,24576,64
2,89.687,24576,64
2,56.48,24576,64
2,56.466,24576,64
2,62.675,24576,64
2,62.675,24576,64
2,205.957,24576,64
2,205.957,24576,64
2,99.679,24576,64
2,99.679,24576,64
2,62.185,24576,64
2,62.185,24576,64
2,100.93,24576,64
2,100.93,24576,64
2,188.102,24576,64
2,188.102,24576,64
2,121.704,24576,64
2,121.689,24576,64
2,61.682,24576,64
2,61.682,24576,64
2,81.632,24576,64
2,81.619,24576,64
2,152.692,24576,64
2,152.692,24576,64
2,174.2,24576,64
2,174.2,24576,64
2,156.141,24576,64
2,156.141,24576,64
2,58.733,24576,64
2,58.733,24576,64
2,76.996,24576,64
2,76.996,24576,64
2,59.488,24576,64
2,59.488,24576,64
2,189.696,24576,64
2,189.683,24576,64
2,141.642,24576,64
2,141.642,24576,64
2,148.71,24576,64
2,148.693,24576,64
2,199.205,24576,64
2,199.205,24576,64
2,100.263,24576,64
2,100.28,24576,64
2,121.833,24576,64
2,121.833,24576,64
2,70.895,24576,64
2,70.895,24576,64
2,61.272,24576,64
2,61.272,24576,64
5,23.947,8192,8192
5,23.947,8192,8192
2,61.131,24576,64
2,61.131,24576,64
2,178.891,24576,64
2,178.891,24576,64
2,278.092,24576,64
2,277.934,24576,64
2,50.028,24576,64
2,50.045,24576,64
2,123.383,24576,64
2,123.383,24576,64
2,139.917,24576,64
2,139.901,24576,64
2,151.105,24576,64
2,151.105,24576,64
2,84.969,24576,64
2,84.949,24576,64
2,51.434,24576,64
2,51.387,24576,64
2,221.827,24576,64
2,221.827,24576,64
2,56.241,24576,64
2,56.241,24576,64
2,172.726,24576,64
2,172.726,24576,64
2,134.169,24576,64
2,134.232,24576,64
2,259.117,24576,64
2,259.117,24576,64
2,142.43,24576,64
2,96.845,24576,64
2,142.413,24576,64
2,96.83,24576,64
2,138.403,24576,64
2,138.387,24576,64
1,0.018,1024,64
2,97.098,24576,64
2,97.098,24576,64
1,0.754,1024,64
1,0.738,1024,64
2,82.382,24576,64
2,82.382,24576,64
2,78.58,24576,64
2,78.58,24576,64
2,132.282,24576,64
2,132.378,24576,64
5,16.441,4096,4096
5,16.441,4096,4096
2,109.289,24576,64
2,109.289,24576,64
2,199.753,24576,64
2,199.753,24576,64
2,37.934,24576,64
2,37.934,24576,64
2,164.52,24576,64
2,164.076,24576,64
1,0.567,1024,64
2,220.98,24576,64
2,220.98,24576,64
2,75.69,24576,64
2,75.675,24576,64
2,70.507,24576,64
2,70.521,24576,64
2,122.525,24576,64
2,122.538,24576,64
2,139.785,24576,64
2,139.785,24576,64
2,298.703,24576,64
2,298.718,24576,64
2,149.242,24576,64
2,149.226,24576,64
5,24.999,8192,8192
5,24.999,8192,8192
2,147.497,24576,64
2,147.482,24576,64
2,249.322,24576,64
2,249.353,24576,64
2,86.208,24576,64
2,86.208,24576,64
2,165.748,24576,64
2,281.16,24576,64
5,24.714,8192,8192
2,208.423,24576,64
2,259.658,24576,64
2,132.279,24576,64
2,206.584,24576,64
2,276.096,24576,64
2,276.096,24576,64
2,132.233,24576,64
2,206.538,24576,64
2,259.611,24576,64
5,24.637,8192,8192
2,165.654,24576,64
2,281.082,24576,64
2,208.345,24576,64
5,29.545,8192,8192
5,29.545,8192,8192
2,149.36,24576,64
2,149.344,24576,64
2,106.262,24576,64
2,106.262,24576,64
2,240.167,24576,64
2,240.167,24576,64
2,106.024,24576,64
2,106.024,24576,64
2,35.909,24576,64
2,35.893,24576,64
5,27.402,8192,8192
5,27.402,8192,8192
2,185.299,24576,64
2,185.299,24576,64
2,188.267,24576,64
2,188.267,24576,64
5,21.237,8192,8192
5,21.237,8192,8192
2,144.802,24576,64
2,144.784,24576,64
2,236.483,24576,64
2,236.47,24576,64
2,84.236,24576,64
2,84.236,24576,64
2,143.786,24576,64
2,143.8,24576,64
2,100.636,24576,64
2,100.558,24576,64
2,48.951,24576,64
2,48.935,24576,64
2,290.091,24576,64
2,290.091,24576,64
2,164.529,24576,64
2,164.511,24576,64
2,177.38,24576,64
2,177.333,24576,64
2,236.789,24576,64
2,236.808,24576,64
2,66.742,24576,64
2,66.742,24576,64
2,190.67,24576,64
2,190.67,24576,64
2,115.687,24576,64
2,115.687,24576,64
2,85.281,24576,64
2,40.987,24576,64
2,85.236,24576,64
2,46.608,24576,64
2,40.96,24576,64
2,91.279,24576,64
2,91.249,24576,64
2,46.578,24576,64
2,58.031,24576,64
2,58.031,24576,64
5,17.265,4096,4096
5,17.265,4096,4096
2,53.936,24576,64
2,53.936,24576,64
2,53.969,24576,64
2,53.969,24576,64
2,85.031,24576,64
2,85.015,24576,64
2,91.357,24576,64
2,91.357,24576,64
2,48.804,24576,64
2,49.133,24576,64
1,0.455,1024,64
3,5.486,2048,2048
3,5.486,2048,2048
2,66.269,24576,64
2,66.256,24576,64
2,96.305,24576,64
2,96.274,24576,64
2,144.304,24576,64
2,144.304,24576,64
2,247.122,24576,64
2,247.122,24576,64
3,15.112,4096,4096
3,15.007,4096,4096
2,194.337,24576,64
2,194.337,24576,64
2,234.589,24576,64
2,234.635,24576,64
2,154.656,24576,64
2,154.671,24576,64
2,184.873,24576,64
2,184.873,24576,64
2,112.959,24576,64
2,112.959,24576,64
2,70.28,24576,64
2,70.28,24576,64
2,125.643,24576,64
2,125.63,24576,64
2,91.362,24576,64
2,91.362,24576,64
3,8.809,4096,4096
2,69.631,24576,64
2,69.617,24576,64
2,225.121,24576,64
2,225.121,24576,64
2,207.635,24576,64
2,207.635,24576,64
2,265.434,24576,64
2,265.434,24576,64
2,136.078,24576,64
2,136.078,24576,64
2,126.652,24576,64
2,126.589,24576,64
2,103.156,24576,64
2,103.156,24576,64
2,246.268,24576,64
2,246.237,24576,64
2,42.936,24576,64
2,42.936,24576,64
2,47.48,24576,64
2,47.48,24576,64
5,22.001,8192,8192
5,22.032,8192,8192
5,20.494,8192,8192
5,20.467,8192,8192
2,53.376,24576,64
2,53.346,24576,64
3,9.016,4096,4096
3,8.89,4096,4096
3,15.514,4096,4096
2,50.389,24576,64
3,11.484,4096,4096
3,15.499,4096,4096
2,50.374,24576,64
3,11.469,4096,4096
3,11.689,4096,4096
3,11.689,4096,4096
2,50.544,24576,64
3,12.674,4096,4096
2,86.583,24576,64
2,88.066,24576,64
2,142.91,24576,64
2,115.988,24576,64
2,84.029,24576,64
2,160.017,24576,64
2,159.892,24576,64
2,89.414,24576,64
2,87.72,24576,64
2,50.326,24576,64
3,12.472,4096,4096
2,30.246,24576,64
2,87.893,24576,64
2,142.754,24576,64
2,115.832,24576,64
2,83.873,24576,64
2,86.396,24576,64
2,89.274,24576,64
2,87.689,24576,64
2,84.733,24576,64
2,84.733,24576,64
2,84.111,24576,64
2,30.214,24576,64
2,115.441,24576,64
2,109.553,24576,64
2,33.486,24576,64
3,6.594,2048,2048
3,6.594,2048,2048
2,78.65,24576,64
2,78.634,24576,64
2,37.869,24576,64
2,166.084,24576,64
2,195.537,24576,64
2,94.071,24576,64
2,186.729,24576,64
2,89.133,24576,64
2,143.555,24576,64
2,207.741,24576,64
2,144.571,24576,64
2,221.067,24576,64
2,132.116,24576,64
2,186.636,24576,64
2,88.04,24576,64
2,88.022,24576,64
2,244.218,24576,64
2,244.202,24576,64
2,66.553,24576,64
2,133.129,24576,64
2,120.989,24576,64
2,192.04,24576,64
2,114.959,24576,64
2,125.217,24576,64
2,144.102,24576,64
2,252.006,24576,64
2,84.138,24576,64
2,37.54,24576,64
2,114.848,24576,64
2,84.153,24576,64
2,83.481,24576,64
2,32.987,24576,64
2,108.977,24576,64
2,143.134,24576,64
2,93.728,24576,64
2,186.401,24576,64
2,195.194,24576,64
2,88.792,24576,64
2,165.727,24576,64
2,150.465,24576,64
2,290.653,24576,64
2,220.739,24576,64
2,148.311,24576,64
2,131.77,24576,64
2,93.959,24576,64
2,207.394,24576,64
2,144.224,24576,64
2,186.288,24576,64
2,66.428,24576,64
2,133.007,24576,64
2,229.962,24576,64
2,229.962,24576,64
2,191.683,24576,64
2,124.842,24576,64
2,190.604,24576,64
2,143.744,24576,64
2,120.631,24576,64
2,251.66,24576,64
2,114.596,24576,64
2,223.019,24576,64
2,141.498,24576,64
2,114.615,24576,64
2,33.654,24576,64
2,33.623,24576,64
2,207.083,24576,64
2,66.779,24576,64
2,66.796,24576,64
2,67.801,24576,64
2,185.807,24576,64
2,67.785,24576,64
2,239.819,24576,64
2,239.819,24576,64
2,212.086,24576,64
2,212.069,24576,64
2,221.791,24576,64
2,242.596,24576,64
1,0.202,1024,64
1,0.202,1024,64
2,164.583,24576,64
2,278.925,24576,64
2,278.925,24576,64
2,130.189,24576,64
2,130.155,24576,64
2,184.946,24576,64
2,163.145,24576,64
2,89.599,24576,64
2,89.599,24576,64
2,251.935,24576,64
2,251.935,24576,64
5,18.894,4096,4096
5,18.882,4096,4096
2,132.558,24576,64
2,148.053,24576,64
2,140.739,24576,64
2,141.35,24576,64
2,36.448,24576,64
5,18.286,4096,4096
2,34.558,24576,64
5,18.271,4096,4096
5,18.366,4096,4096
5,18.366,4096,4096
2,34.543,24576,64
2,36.419,24576,64
5,18.663,4096,4096
5,18.663,4096,4096
2,123.721,24576,64
2,188.916,24576,64
2,249.411,24576,64
2,238.187,24576,64
2,249.429,24576,64
2,256.208,24576,64
2,189.417,24576,64
2,148.332,24576,64
2,193.193,24576,64
2,149.125,24576,64
2,280.268,24576,64
2,197.896,24576,64
2,188.243,24576,64
2,286.92,24576,64
2,146.699,24576,64
2,235.147,24576,64
2,144.592,24576,64
2,90.227,24576,64
2,234.522,24576,64
2,69.338,24576,64
2,69.355,24576,64
1,0.656,1024,64
1,0.656,1024,64
2,34.694,24576,64
2,105.008,24576,64
2,34.709,24576,64
2,174.199,24576,64
2,174.199,24576,64
2,63.595,24576,64
2,63.607,24576,64
2,191.271,24576,64
2,186.616,24576,64
2,168.121,24576,64
2,168.121,24576,64
2,218.659,24576,64
2,203.178,24576,64
2,137.391,24576,64
2,218.119,24576,64
2,238.924,24576,64
2,181.963,24576,64
2,110.519,24576,64
2,181.526,24576,64
2,159.74,24576,64
2,161.053,24576,64
2,205.979,24576,64
2,205.979,24576,64
2,129.839,24576,64
2,137.989,24576,64
2,235.796,24576,64
2,145.284,24576,64
2,246.883,24576,64
2,138.445,24576,64
2,121.206,24576,64
2,186.401,24576,64
2,196.678,24576,64
2,147.377,24576,64
2,247.21,24576,64
2,253.989,24576,64
2,278.783,24576,64
2,191.521,24576,64
2,146.175,24576,64
2,187.182,24576,64
2,287.974,24576,64
2,187.151,24576,64
2,234.053,24576,64
2,190.458,24576,64
2,104.148,24576,64
2,233.24,24576,64
2,128.153,24576,64
2,46.438,24576,64
2,46.423,24576,64
2,128.125,24576,64
2,300.242,24576,64
2,159.318,24576,64
1,1.086,2048,64
1,1.086,2048,64
2,147.821,24576,64
2,147.791,24576,64
2,155.062,24576,64
2,155.062,24576,64
2,219.29,24576,64
2,252.923,24576,64
2,252.907,24576,64
2,241.098,24576,64
2,241.085,24576,64
2,286.099,24576,64
2,298.79,24576,64
2,158.334,24576,64
2,218.992,24576,64
5,22.609,8192,8192
5,22.609,8192,8192
2,177.557,24576,64
2,96.805,24576,64
2,96.805,24576,64
2,177.542,24576,64
2,179.541,24576,64
2,179.541,24576,64
2,233.725,24576,64
2,233.725,24576,64
2,238.122,24576,64
2,238.122,24576,64
2,234.195,24576,64
2,234.212,24576,64
2,51.769,24576,64
2,51.769,24576,64
2,271.111,24576,64
2,271.095,24576,64
2,34.158,24576,64
2,54.676,24576,64
2,54.676,24576,64
2,62.933,24576,64
2,62.914,24576,64
2,143.14,24576,64
2,181.838,24576,64
2,143.042,24576,64
2,181.777,24576,64
2,171.32,24576,64
2,171.32,24576,64
2,160.528,24576,64
2,160.388,24576,64
2,177.684,24576,64
2,177.684,24576,64
2,51.175,24576,64
2,51.175,24576,64
2,165.946,24576,64
2,165.946,24576,64
2,118.253,24576,64
2,118.236,24576,64
2,206.554,24576,64
2,206.554,24576,64
2,94.232,24576,64
2,94.232,24576,64
2,51.019,24576,64
2,51.034,24576,64
2,271.691,24576,64
2,272.083,24576,64
2,61.132,24576,64
2,61.132,24576,64
2,146.391,24576,64
2,146.391,24576,64
3,8.476,4096,4096
5,24.436,8192,8192
2,35.583,24576,64
1,0.266,1024,64
1,0.266,1024,64
2,61.064,24576,64
2,61.064,24576,64
2,61.204,24576,64
2,61.204,24576,64
2,233.919,24576,64
2,233.901,24576,64
2,177.244,24576,64
2,177.213,24576,64
2,70.123,24576,64
2,70.123,24576,64
3,3.809,2048,2048
3,3.822,2048,2048
2,159.284,24576,64
2,159.3,24576,64
3,9.733,4096,4096
3,15.998,4096,4096
3,15.451,4096,4096
2,55.815,24576,64
5,18.113,4096,4096
2,43.343,24576,64
2,43.343,24576,64
2,233.105,24576,64
2,233.105,24576,64
2,39.006,24576,64
2,211.982,24576,64
2,255.361,24576,64
2,113.132,24576,64
5,18.377,4096,4096
2,232.123,24576,64
2,181.795,24576,64
5,18.768,4096,4096
2,267.34,24576,64
2,153.419,24576,64
2,263.256,24576,64
2,279.855,24576,64
2,112.507,24576,64
2,232.638,24576,64
2,279.84,24576,64
2,263.225,24576,64
2,38.943,24576,64
2,112.476,24576,64
2,232.607,24576,64
2,113.039,24576,64
2,211.888,24576,64
2,153.341,24576,64
2,255.283,24576,64
5,18.299,4096,4096
2,181.732,24576,64
2,232.045,24576,64
5,18.69,4096,4096
2,267.262,24576,64
2,54.839,24576,64
2,40.367,24576,64
2,40.32,24576,64
5,20.55,8192,8192
2,35.665,24576,64
2,35.65,24576,64
2,31.008,24576,64
2,36.105,24576,64
3,6.228,2048,2048
2,57.664,24576,64
2,54.652,24576,64
2,40.764,24576,64
2,40.718,24576,64
5,22.222,8192,8192
2,33.385,24576,64
3,14.757,4096,4096
2,54.605,24576,64
2,40.119,24576,64
3,8.507,4096,4096
3,14.225,4096,4096
5,16.903,4096,4096
2,54.589,24576,64
5,20.333,4096,4096
2,36.026,24576,64
2,54.604,24576,64
2,40.149,24576,64
2,40.671,24576,64
2,40.671,24576,64
2,57.601,24576,64
2,157.433,24576,64
2,121.927,24576,64
2,157.417,24576,64
2,121.911,24576,64
2,165.377,24576,64
2,165.377,24576,64
2,54.214,24576,64
2,54.214,24576,64
2,199.495,24576,64
2,199.495,24576,64
2,157.043,24576,64
2,157.043,24576,64
2,272.979,24576,64
2,272.979,24576,64
2,231.137,24576,64
3,4.194,2048,2048
3,4.194,2048,2048
2,231.119,24576,64
2,223.736,24576,64
2,223.718,24576,64
2,199.891,24576,64
2,199.891,24576,64
2,148.445,24576,64
2,148.428,24576,64
2,225.615,24576,64
5,26.536,8192,8192
2,61.56,24576,64
2,225.476,24576,64
3,12.414,4096,4096
2,188.131,24576,64
2,188.118,24576,64
2,165.312,24576,64
2,165.312,24576,64
2,265.782,24576,64
2,265.782,24576,64
2,283.856,24576,64
2,283.826,24576,64
2,168.502,24576,64
2,168.502,24576,64
2,59.505,24576,64
2,59.505,24576,64
2,121.672,24576,64
2,121.591,24576,64
2,75.936,24576,64
2,128.775,24576,64
2,75.917,24576,64
2,128.744,24576,64
2,165.767,24576,64
2,165.753,24576,64
2,208.449,24576,64
2,208.449,24576,64
2,197.387,24576,64
2,136.333,24576,64
2,197.37,24576,64
2,104.328,24576,64
2,136.302,24576,64
2,104.315,24576,64
2,104.756,24576,64
2,104.756,24576,64
2,158.965,24576,64
2,158.965,24576,64
2,58.545,24576,64
5,23.504,8192,8192
2,53.621,24576,64
2,53.606,24576,64
2,119.821,24576,64
2,119.821,24576,64
2,74.793,24576,64
2,74.762,24576,64
2,117.414,24576,64
2,117.399,24576,64
1,0.016,1024,64
1,0.016,1024,64
2,243.719,24576,64
2,80.065,24576,64
2,243.672,24576,64
2,80.02,24576,64
2,45.861,24576,64
2,45.861,24576,64
2,56.853,24576,64
2,56.853,24576,64
1,0.047,1024,64
1,0.047,1024,64
2,244.075,24576,64
2,244.075,24576,64
2,155.17,24576,64
2,155.185,24576,64
2,262.266,24576,64
2,262.279,24576,64
2,116.433,24576,64
2,116.433,24576,64
2,230.794,24576,64
2,230.825,24576,64
2,171.787,24576,64
2,171.787,24576,64
2,104.509,24576,64
2,104.524,24576,64
2,260.407,24576,64
2,260.391,24576,64
2,272.004,24576,64
2,271.972,24576,64
2,193.512,24576,64
2,193.512,24576,64
2,201.312,24576,64
2,201.278,24576,64
2,270.725,24576,64
2,270.706,24576,64
2,267.642,24576,64
2,267.608,24576,64
2,160.426,24576,64
2,134.201,24576,64
2,134.182,24576,64
2,160.411,24576,64
2,231.039,24576,64
2,231.052,24576,64
2,243.507,24576,64
2,243.507,24576,64
2,92.546,24576,64
2,92.515,24576,64
2,72.732,24576,64
2,72.732,24576,64
2,249.366,24576,64
2,249.353,24576,64
2,37.936,24576,64
2,37.923,24576,64
2,266.497,24576,64
2,266.497,24576,64
2,136.92,24576,64
2,136.92,24576,64
2,202.478,24576,64
2,202.478,24576,64
2,152.21,24576,64
2,152.21,24576,64
2,132.195,24576,64
2,132.177,24576,64
2,105.312,24576,64
2,105.357,24576,64
2,258.8,24576,64
2,258.8,24576,64
2,228.809,24576,64
2,228.794,24576,64
2,163.656,24576,64
2,163.656,24576,64
2,192.187,24576,64
2,192.171,24576,64
2,242.606,24576,64
2,242.623,24576,64
2,267.267,24576,64
2,259.315,24576,64
2,259.315,24576,64
2,267.235,24576,64
2,151.21,24576,64
2,151.227,24576,64
2,127.84,24576,64
2,127.84,24576,64
2,68.093,24576,64
2,68.093,24576,64
2,257.371,24576,64
2,257.354,24576,64
2,193.436,24576,64
2,193.436,24576,64
2,231.689,24576,64
2,231.689,24576,64
2,231.127,24576,64
2,231.108,24576,64
2,101.989,24576,64
2,101.897,24576,64
2,131.879,24576,64
2,131.864,24576,64
2,40.685,24576,64
2,40.685,24576,64
2,288.571,24576,64
2,288.696,24576,64
2,200.492,24576,64
2,200.492,24576,64
2,209.365,24576,64
2,209.365,24576,64
2,112.617,24576,64
2,112.617,24576,64
2,202.372,24576,64
2,202.354,24576,64
2,34.736,24576,64
2,34.736,24576,64
5,28.3,8192,8192
2,116.495,24576,64
2,116.495,24576,64
5,28.269,8192,8192
5,19.614,4096,4096
2,35.377,24576,64
3,11.219,4096,4096
2,35.861,24576,64
5,19.629,4096,4096
3,11.141,4096,4096
2,34.814,24576,64
2,34.798,24576,64
2,46.23,24576,64
2,60.56,24576,64
2,46.059,24576,64
2,42.774,24576,64
2,31.581,24576,64
2,31.581,24576,64
2,42.743,24576,64
2,45.84,24576,64
2,45.84,24576,64
2,60.435,24576,64
2,227.624,24576,64
2,227.624,24576,64
2,139.783,24576,64
2,139.752,24576,64
2,51.951,24576,64
2,35.361,24576,64
2,35.361,24576,64
2,90.055,24576,64
2,90.04,24576,64
2,52.154,24576,64
2,51.919,24576,64
2,51.935,24576,64
2,52.591,24576,64
2,52.591,24576,64
2,173.039,24576,64
2,173.039,24576,64
2,102.182,24576,64
2,102.182,24576,64
2,59.962,24576,64
2,59.962,24576,64
2,52.121,24576,64
2,52.121,24576,64
2,122.509,24576,64
2,122.509,24576,64
2,137.323,24576,64
2,137.34,24576,64
2,287.183,24576,64
2,287.183,24576,64
2,293.942,24576,64
2,294.02,24576,64
2,202.593,24576,64
2,202.575,24576,64
2,182.496,24576,64
2,182.461,24576,64
5,22.547,8192,8192
5,22.547,8192,8192
2,102.93,24576,64
2,102.93,24576,64
2,149.924,24576,64
2,149.938,24576,64
2,116.851,24576,64
2,116.851,24576,64
2,201.915,24576,64
2,79.784,24576,64
2,49.716,24576,64
2,41.633,24576,64
2,201.885,24576,64
2,67.663,24576,64
2,49.685,24576,64
2,41.602,24576,64
2,67.647,24576,64
2,79.768,24576,64
2,230.841,24576,64
2,230.872,24576,64
2,78.675,24576,64
2,79.237,24576,64
2,44.73,24576,64
2,79.221,24576,64
2,91.857,24576,64
2,109.139,24576,64
2,100.52,24576,64
2,39.759,24576,64
2,39.759,24576,64
2,197.572,24576,64
2,48.34,24576,64
2,79.05,24576,64
2,79.05,24576,64
2,91.685,24576,64
2,108.983,24576,64
2,78.487,24576,64
2,100.364,24576,64
2,89.602,24576,64
2,44.558,24576,64
2,89.587,24576,64
2,48.262,24576,64
2,197.478,24576,64
2,258.522,24576,64
2,258.457,24576,64
2,150.482,24576,64
2,155.835,24576,64
2,250.722,24576,64
2,250.722,24576,64
2,220.401,24576,64
1,1.537,2048,64
1,1.537,2048,64
2,64.495,24576,64
2,64.479,24576,64
2,169.116,24576,64
2,169.116,24576,64
2,45.934,24576,64
2,78.05,24576,64
2,79.169,24576,64
2,79.169,24576,64
2,139.496,24576,64
2,198.026,24576,64
2,77.768,24576,64
2,78.768,24576,64
2,206.586,24576,64
2,97.332,24576,64
2,97.332,24576,64
2,154.851,24576,64
2,149.7,24576,64
2,149.513,24576,64
2,198.057,24576,64
2,197.885,24576,64
2,62.008,24576,64
2,110.889,24576,64
2,285.111,24576,64
2,285.111,24576,64
2,225.636,24576,64
2,220.979,24576,64
2,149.295,24576,64
2,77.456,24576,64
2,77.456,24576,64
2,139.074,24576,64
2,154.632,24576,64
2,45.324,24576,64
2,78.44,24576,64
2,219.401,24576,64
2,131.646,24576,64
2,110.718,24576,64
2,206.274,24576,64
2,197.698,24576,64
2,61.821,24576,64
2,197.526,24576,64
2,149.279,24576,64
2,149.448,24576,64
2,154.616,24576,64
2,220.915,24576,64
2,225.462,24576,64
2,131.613,24576,64
2,197.867,24576,64
2,96.033,24576,64
2,85.884,24576,64
2,85.896,24576,64
2,219.308,24576,64
2,145.687,24576,64
2,145.687,24576,64
2,247.832,24576,64
2,78.331,24576,64
2,84.597,24576,64
2,88.508,24576,64
2,77.202,24576,64
2,140.218,24576,64
2,140.218,24576,64
2,197.495,24576,64
2,77.284,24576,64
2,203.038,24576,64
2,95.567,24576,64
3,3.734,2048,2048
2,144.763,24576,64
2,256.583,24576,64
2,77.422,24576,64
5,18.992,4096,4096
5,18.992,4096,4096
2,261.759,24576,64
2,261.759,24576,64
2,266.301,24576,64
2,266.301,24576,64
2,35.244,24576,64
2,35.257,24576,64
2,264.774,24576,64
2,194.384,24576,64
2,246.863,24576,64
2,217.943,24576,64
2,217.943,24576,64
2,282.418,24576,64
2,75.909,24576,64
2,90.466,24576,64
2,255.646,24576,64
2,251.697,24576,64
2,58.553,24576,64
2,58.538,24576,64
2,100.588,24576,64
2,119.03,24576,64
2,119.012,24576,64
2,212.855,24576,64
2,212.87,24576,64
2,280.793,24576,64
2,259.426,24576,64
2,259.426,24576,64
2,255.333,24576,64
2,218.37,24576,64
2,274.772,24576,64
2,155.788,24576,64
2,155.788,24576,64
2,255.468,24576,64
2,255.481,24576,64
2,114.744,24576,64
2,114.744,24576,64
2,139.021,24576,64
2,139.021,24576,64
2,95.346,24576,64
2,95.346,24576,64
2,35.125,24576,64
2,35.125,24576,64
2,93.767,24576,64
2,293.2,24576,64
2,293.2,24576,64
2,125.198,24576,64
2,125.198,24576,64
2,251.943,24576,64
2,251.958,24576,64
3,2.836,2048,2048
3,2.836,2048,2048
2,245.516,24576,64
2,216.82,24576,64
2,75.128,24576,64
2,75.987,24576,64
2,82.253,24576,64
2,86.18,24576,64
2,74.721,24576,64
2,142.65,24576,64
1,1.608,2048,64
2,93.472,24576,64
2,200.865,24576,64
2,254.488,24576,64
2,195.321,24576,64
2,75.331,24576,64
2,245.472,24576,64
2,281.058,24576,64
2,263.368,24576,64
2,74.549,24576,64
2,192.962,24576,64
2,89.107,24576,64
2,99.432,24576,64
2,254.302,24576,64
2,254.458,24576,64
2,279.839,24576,64
2,250.368,24576,64
2,217.561,24576,64
2,273.975,24576,64
2,292.585,24576,64
2,292.6,24576,64
5,24.603,8192,8192
5,24.603,8192,8192
3,7.268,2048,2048
3,7.268,2048,2048
2,116.097,24576,64
2,116.097,24576,64
2,94.148,24576,64
2,94.179,24576,64
2,125.03,24576,64
2,125.014,24576,64
2,162.572,24576,64
2,263.575,24576,64
2,263.575,24576,64
1,0.021,1024,64
2,155.139,24576,64
2,155.139,24576,64
2,162.447,24576,64
2,59.711,24576,64
2,59.726,24576,64
2,43.261,24576,64
2,43.243,24576,64
2,30.695,24576,64
2,30.676,24576,64
2,249.165,24576,64
2,249.165,24576,64
2,152.192,24576,64
2,152.192,24576,64
2,260.269,24576,64
2,260.253,24576,64
2,155.281,24576,64
2,155.281,24576,64
3,4.594,2048,2048
2,50.161,24576,64
2,50.145,24576,64
2,134.323,24576,64
2,134.355,24576,64
2,73.08,24576,64
2,73.08,24576,64
5,25.847,8192,8192
5,25.808,8192,8192
2,128.517,24576,64
2,128.517,24576,64
2,254.567,24576,64
2,254.567,24576,64
2,231.26,24576,64
2,231.26,24576,64
2,152.348,24576,64
2,152.362,24576,64
2,230.039,24576,64
2,230.039,24576,64
2,199.89,24576,64
2,199.89,24576,64
2,180.235,24576,64
2,180.063,24576,64
2,75.607,24576,64
2,75.607,24576,64
2,288.323,24576,64
2,288.323,24576,64
2,89.983,24576,64
2,89.983,24576,64
2,125.818,24576,64
2,125.802,24576,64
2,273.183,24576,64
2,273.183,24576,64
2,92.249,24576,64
2,92.249,24576,64
2,223.72,24576,64
2,223.72,24576,64
2,154.128,24576,64
2,154.145,24576,64
2,47.91,24576,64
2,47.91,24576,64
2,131.588,24576,64
2,131.588,24576,64
1,0.007,1024,64
2,189.666,24576,64
2,189.666,24576,64
2,206.112,24576,64
2,279.805,24576,64
2,279.805,24576,64
2,222.975,24576,64
2,222.975,24576,64
2,206.049,24576,64
2,250.028,24576,64
2,250.028,24576,64
2,162.487,24576,64
2,162.537,24576,64
2,288.301,24576,64
2,249.358,24576,64
2,201.619,24576,64
2,201.619,24576,64
2,241.353,24576,64
2,32.068,24576,64
2,246.764,24576,64
2,212.67,24576,64
2,261.448,24576,64
2,56.132,24576,64
2,56.132,24576,64
2,208.468,24576,64
2,220.525,24576,64
2,208.405,24576,64
2,288.129,24576,64
2,31.915,24576,64
2,220.476,24576,64
2,241.15,24576,64
2,212.589,24576,64
2,249.148,24576,64
2,246.655,24576,64
2,261.354,24576,64
2,71.346,24576,64
2,71.346,24576,64
2,248.816,24576,64
2,248.785,24576,64
2,71.861,24576,64
2,71.925,24576,64
2,232.874,24576,64
2,232.858,24576,64
2,160.726,24576,64
2,160.726,24576,64
2,253.399,24576,64
2,253.383,24576,64
2,126.985,24576,64
2,126.985,24576,64
2,277.568,24576,64
2,277.55,24576,64
2,167.309,24576,64
2,167.324,24576,64
2,146.689,24576,64
2,146.689,24576,64
2,251.773,24576,64
1,0.217,1024,64
2,251.758,24576,64
2,211.807,24576,64
2,211.807,24576,64
2,208.03,24576,64
2,208.03,24576,64
2,235.967,24576,64
2,235.951,24576,64
2,183.478,24576,64
2,183.464,24576,64
2,206.212,24576,64
2,206.212,24576,64
2,247.89,24576,64
2,247.875,24576,64
2,298.775,24576,64
2,298.775,24576,64
2,55.035,24576,64
2,55.035,24576,64
2,298.01,24576,64
2,298.01,24576,64
2,235.456,24576,64
2,235.456,24576,64
2,166.221,24576,64
2,166.236,24576,64
2,84.404,24576,64
2,84.404,24576,64
2,113.757,24576,64
2,113.741,24576,64
2,272.526,24576,64
2,272.526,24576,64
2,193.393,24576,64
2,193.377,24576,64
3,1.892,2048,2048
3,1.892,2048,2048
2,129.767,24576,64
2,129.767,24576,64
2,226.292,24576,64
2,226.292,24576,64
2,238.4,24576,64
2,238.4,24576,64
2,251.137,24576,64
2,251.137,24576,64
2,188.993,24576,64
2,188.963,24576,64
2,149.19,24576,64
2,149.19,24576,64
2,184.65,24576,64
2,184.634,24576,64
2,246.25,24576,64
2,246.265,24576,64
2,184.703,24576,64
2,184.687,24576,64
2,142.59,24576,64
2,142.59,24576,64
2,203.996,24576,64
2,203.996,24576,64
2,209.676,24576,64
2,209.786,24576,64
2,237.161,24576,64
2,237.161,24576,64
2,184.039,24576,64
2,184.039,24576,64
2,202.957,24576,64
2,202.942,24576,64
2,239.209,24576,64
1,0.031,1024,64
1,0.031,1024,64
2,239.194,24576,64
2,233.853,24576,64
2,233.838,24576,64
2,174.207,24576,64
2,174.191,24576,64
2,38.294,24576,64
2,38.275,24576,64
2,182.953,24576,64
2,182.953,24576,64
2,274.836,24576,64
2,274.695,24576,64
2,235.421,24576,64
2,235.421,24576,64
2,194.709,24576,64
2,194.753,24576,64
2,245.329,24576,64
2,245.329,24576,64
2,196.405,24576,64
2,196.405,24576,64
2,246.018,24576,64
2,246.018,24576,64
2,275.935,24576,64
2,275.935,24576,64
2,82.86,24576,64
2,82.86,24576,64
2,77.572,24576,64
2,77.54,24576,64
2,111.824,24576,64
2,111.808,24576,64
5,27.858,8192,8192
5,27.858,8192,8192
2,218.448,24576,64
2,218.448,24576,64
2,269.505,24576,64
2,269.458,24576,64
2,280.119,24576,64
2,280.04,24576,64
2,223.651,24576,64
2,223.635,24576,64
2,163.638,24576,64
2,163.638,24576,64
2,136.9,24576,64
2,136.9,24576,64
2,49.631,24576,64
2,49.6,24576,64
2,201.686,24576,64
2,114.253,24576,64
2,201.318,24576,64
2,258.698,24576,64
2,258.664,24576,64
2,201.667,24576,64
2,114.234,24576,64
2,201.299,24576,64
2,195.837,24576,64
2,126.755,24576,64
2,195.821,24576,64
2,126.692,24576,64
2,276.619,24576,64
2,276.619,24576,64
5,20.759,8192,8192
5,20.759,8192,8192
2,235.8,24576,64
2,235.8,24576,64
2,37.004,24576,64
2,55.396,24576,64
2,55.349,24576,64
2,36.973,24576,64
2,39.72,24576,64
5,27.782,8192,8192
5,27.782,8192,8192
2,110.716,24576,64
2,110.716,24576,64
2,39.634,24576,64
2,190.447,24576,64
5,20.613,8192,8192
5,20.519,8192,8192
2,190.431,24576,64
2,235.306,24576,64
2,235.306,24576,64
2,147.203,24576,64
2,147.203,24576,64
2,221.036,24576,64
2,221.018,24576,64
2,229.687,24576,64
2,229.687,24576,64
2,90.442,24576,64
2,90.437,24576,64
2,287.104,24576,64
2,287.104,24576,64
2,180.888,24576,64
2,180.856,24576,64
2,162.352,24576,64
2,162.352,24576,64
3,7.746,2048,2048
3,7.746,2048,2048
3,5.492,2048,2048
3,5.492,2048,2048
2,282.501,24576,64
2,282.501,24576,64
2,195.734,24576,64
2,195.734,24576,64
2,179.082,24576,64
2,179.082,24576,64
2,241.823,24576,64
2,241.823,24576,64
2,269.47,24576,64
2,269.47,24576,64
2,197.437,24576,64
2,186.463,24576,64
2,88.39,24576,64
2,209.747,24576,64
2,172.188,24576,64
2,210.193,24576,64
2,136.081,24576,64
2,281.727,24576,64
2,200.809,24576,64
2,98.225,24576,64
2,226.112,24576,64
2,49.143,24576,64
2,202.938,24576,64
2,195.848,24576,64
2,200.747,24576,64
2,98.163,24576,64
2,49.065,24576,64
2,210.115,24576,64
2,226.019,24576,64
2,135.99,24576,64
2,281.649,24576,64
2,202.86,24576,64
2,195.786,24576,64
2,172.094,24576,64
2,197.317,24576,64
2,81.969,24576,64
2,81.969,24576,64
2,209.634,24576,64
2,88.233,24576,64
2,186.321,24576,64
2,68.688,24576,64
2,68.657,24576,64
2,140.765,24576,64
2,140.765,24576,64
2,240.915,24576,64
2,240.915,24576,64
5,23.493,8192,8192
5,23.541,8192,8192
2,37.249,24576,64
2,37.249,24576,64
2,54.879,24576,64
2,40.33,24576,64
2,54.862,24576,64
2,40.221,24576,64
2,109.764,24576,64
2,109.764,24576,64
2,107.743,24576,64
2,108.517,24576,64
2,107.681,24576,64
2,108.721,24576,64
2,35.079,24576,64
2,35.079,24576,64
2,146.886,24576,64
2,146.886,24576,64
2,43.234,24576,64
2,43.234,24576,64
2,119.756,24576,64
2,119.93,24576,64
2,190.381,24576,64
2,190.35,24576,64
2,219.589,24576,64
2,219.589,24576,64
2,39.221,24576,64
2,46.477,24576,64
5,18.678,4096,4096
5,18.678,4096,4096
2,39.206,24576,64
2,48.698,24576,64
2,198.076,24576,64
2,198.076,24576,64
2,48.637,24576,64
2,41.022,24576,64
2,48.621,24576,64
2,46.289,24576,64
2,48.51,24576,64
2,233.012,24576,64
2,143.753,24576,64
2,143.753,24576,64
1,0.435,1024,64
2,140.933,24576,64
2,140.933,24576,64
2,262.353,24576,64
2,262.353,24576,64
2,116.965,24576,64
2,116.965,24576,64
2,60.399,24576,64
2,60.399,24576,64
2,107.636,24576,64
2,107.652,24576,64
2,191.287,24576,64
2,191.287,24576,64
2,34.717,24576,64
2,34.717,24576,64
2,142.891,24576,64
2,142.891,24576,64
2,196.086,24576,64
2,196.086,24576,64
2,142.735,24576,64
2,142.75,24576,64
2,50.103,24576,64
2,50.103,24576,64
1,0.013,1024,64
2,196.095,24576,64
2,196.081,24576,64
2,267.127,24576,64
2,267.127,24576,64
2,141.366,24576,64
2,141.366,24576,64
2,237.652,24576,64
2,237.652,24576,64
1,0.015,1024,64
3,10.039,4096,4096
1,0.013,1024,64
3,10.005,4096,4096
2,133.168,24576,64
2,133.152,24576,64
2,37.514,24576,64
1,0.013,1024,64
1,0.015,1024,64
2,109.134,24576,64
2,109.118,24576,64
1,0.013,1024,64
2,221.073,24576,64
2,221.18,24576,64
1,0.012,1024,64
2,72.315,24576,64
2,72.315,24576,64
2,250.79,24576,64
2,250.79,24576,64
1,0.012,1024,64
2,193.43,24576,64
2,193.414,24576,64
5,24.253,8192,8192
2,140.406,24576,64
2,140.406,24576,64
1,0.012,1024,64
2,224.235,24576,64
2,224.235,24576,64
2,63.823,24576,64
2,63.823,24576,64
1,0.012,1024,64
2,190.432,24576,64
2,190.447,24576,64
2,85.673,24576,64
2,85.673,24576,64
2,263.529,24576,64
2,263.529,24576,64
1,0.012,1024,64
2,140.769,24576,64
2,140.769,24576,64
2,227.121,24576,64
2,227.121,24576,64
2,36.988,24576,64
2,37.02,24576,64
2,171.936,24576,64
2,171.92,24576,64
2,51.546,24576,64
2,51.53,24576,64
2,68.531,24576,64
2,106.025,24576,64
3,14.209,4096,4096
1,0.011,1024,64
2,277.038,24576,64
2,128.142,24576,64
2,128.111,24576,64
2,277.022,24576,64
2,127.035,24576,64
2,127.035,24576,64
3,15.921,4096,4096
3,16.045,4096,4096
2,108.717,24576,64
2,108.717,24576,64
2,263.253,24576,64
2,263.253,24576,64
1,0.015,1024,64
1,0.011,1024,64
2,144.395,24576,64
2,144.36,24576,64
2,209.438,24576,64
2,209.438,24576,64
2,197.029,24576,64
2,197.029,24576,64
2,199.331,24576,64
2,199.346,24576,64
2,78.79,24576,64
2,32.787,24576,64
2,34.416,24576,64
2,34.449,24576,64
2,32.758,24576,64
2,36.536,24576,64
2,45.037,24576,64
2,45.037,24576,64
2,34.386,24576,64
5,18.584,4096,4096
5,18.584,4096,4096
2,44.817,24576,64
2,34.385,24576,64
2,36.518,24576,64
5,18.521,4096,4096
2,40.428,24576,64
2,40.428,24576,64
5,18.566,4096,4096
5,18.491,4096,4096
2,44.803,24576,64
5,18.474,4096,4096
2,32.71,24576,64
2,32.694,24576,64
1,0.012,1024,64
2,275.58,24576,64
2,275.58,24576,64
2,202.091,24576,64
2,202.122,24576,64
2,232.037,24576,64
2,232.037,24576,64
5,25.558,8192,8192
2,231.316,24576,64
2,231.316,24576,64
2,36.332,24576,64
2,42.784,24576,64
5,25.541,8192,8192
2,44.394,24576,64
2,36.239,24576,64
2,44.301,24576,64
2,252.05,24576,64
2,252.05,24576,64
2,47.306,24576,64
2,69.799,24576,64
2,37.17,24576,64
2,42.661,24576,64
2,44.895,24576,64
2,47.273,24576,64
2,37.153,24576,64
2,44.692,24576,64
2,44.878,24576,64
2,62.45,24576,64
2,69.765,24576,64
2,34.877,24576,64
2,44.678,24576,64
2,34.863,24576,64
2,62.42,24576,64
2,262.235,24576,64
2,262.235,24576,64
2,196.105,24576,64
2,196.105,24576,64
2,184.831,24576,64
2,225.287,24576,64
2,103.973,24576,64
2,103.025,24576,64
5,21.22,8192,8192
2,77.706,24576,64
2,184.781,24576,64
3,12.154,4096,4096
2,66.257,24576,64
3,13.972,4096,4096
2,91.581,24576,64
2,91.22,24576,64
2,102.976,24576,64
2,236.381,24576,64
2,236.396,24576,64
2,251.159,24576,64
2,251.14,24576,64
2,33.518,24576,64
2,33.518,24576,64
2,132.296,24576,64
2,132.283,24576,64
2,296.661,24576,64
2,296.489,24576,64
2,262.475,24576,64
2,162.604,24576,64
2,85.916,24576,64
2,109.638,24576,64
2,290.634,24576,64
2,202.944,24576,64
3,5.28,2048,2048
5,22.622,8192,8192
2,65.818,24576,64
2,59.563,24576,64
3,15.258,4096,4096
2,34.339,24576,64
2,86.012,24576,64
2,38.453,24576,64
2,268.212,24576,64
2,268.212,24576,64
2,147.845,24576,64
2,108.515,24576,64
2,271.881,24576,64
2,295.433,24576,64
2,88.456,24576,64
2,88.067,24576,64
2,261.475,24576,64
3,10.846,4096,4096
2,175.067,24576,64
2,64.844,24576,64
2,171.866,24576,64
2,139.208,24576,64
3,14.532,4096,4096
2,84.567,24576,64
2,99.817,24576,64
2,261.007,24576,64
2,108.406,24576,64
2,186.499,24576,64
2,161.278,24576,64
2,289.374,24576,64
2,294.951,24576,64
2,108.015,24576,64
2,271.381,24576,64
2,147.282,24576,64
2,201.709,24576,64
2,84.667,24576,64
2,93.496,24576,64
2,220.222,24576,64
2,107.356,24576,64
2,261.194,24576,64
2,118.872,24576,64
2,118.872,24576,64
2,179.454,24576,64
2,161.307,24576,64
2,232.888,24576,64
2,232.888,24576,64
2,140.578,24576,64
2,185.999,24576,64
2,156.727,24576,64
2,71.162,24576,64
2,267.876,24576,64
2,170.792,24576,64
2,255.587,24576,64
2,255.29,24576,64
2,212.726,24576,64
2,105.74,24576,64
2,202.697,24576,64
2,170.557,24576,64
2,187.953,24576,64
2,250.721,24576,64
2,208.994,24576,64
2,98.603,24576,64
2,189.841,24576,64
2,112.862,24576,64
2,189.835,24576,64
2,139.453,24576,64
2,218.491,24576,64
2,91.889,24576,64
2,105.778,24576,64
2,221.601,24576,64
2,159.823,24576,64
2,177.847,24576,64
2,139.3,24576,64
2,43.705,24576,64
2,57.234,24576,64
2,52.14,24576,64
5,21.786,8192,8192
3,15.901,4096,4096
2,43.689,24576,64
2,53.499,24576,64
5,23.476,8192,8192
5,16.869,4096,4096
2,43.955,24576,64
3,14.681,4096,4096
2,57.14,24576,64
2,54.218,24576,64
2,37.111,24576,64
2,37.111,24576,64
2,35.702,24576,64
2,42.295,24576,64
2,54.155,24576,64
2,72.44,24576,64
5,21.754,8192,8192
2,30.184,24576,64
2,35.702,24576,64
2,70.213,24576,64
2,155.602,24576,64
2,249.94,24576,64
2,97.931,24576,64
2,189.169,24576,64
2,267.032,24576,64
2,187.171,24576,64
2,208.259,24576,64
2,201.856,24576,64
5,21.708,8192,8192
5,16.822,4096,4096
2,42.233,24576,64
3,14.634,4096,4096
2,57.093,24576,64
2,37.064,24576,64
3,15.838,4096,4096
2,54.108,24576,64
2,57.156,24576,64
2,35.64,24576,64
2,139.156,24576,64
2,189.488,24576,64
2,35.624,24576,64
2,43.595,24576,64
2,112.268,24576,64
2,221.425,24576,64
2,54.155,24576,64
2,30.121,24576,64
2,43.626,24576,64
2,43.876,24576,64
2,37.048,24576,64
2,53.39,24576,64
2,72.331,24576,64
5,21.692,8192,8192
5,23.351,8192,8192
2,52.03,24576,64
2,91.052,24576,64
2,279.268,24576,64
2,76.444,24576,64
2,57.767,24576,64
2,61.848,24576,64
2,82.711,24576,64
2,250.401,24576,64
2,77.196,24576,64
2,82.906,24576,64
2,291.57,24576,64
2,182.326,24576,64
2,287.136,24576,64
2,115.123,24576,64
2,34.28,24576,64
2,259.382,24576,64
2,259.508,24576,64
2,68.485,24576,64
2,186.956,24576,64
2,292.277,24576,64
2,214.47,24576,64
2,214.47,24576,64
2,188.539,24576,64
2,293.326,24576,64
2,253.574,24576,64
2,82.262,24576,64
2,168.341,24576,64
2,96.4,24576,64
2,105.189,24576,64
2,265.297,24576,64
2,156.131,24576,64
2,79.094,24576,64
2,75.79,24576,64
2,81.594,24576,64
2,290.262,24576,64
2,60.348,24576,64
2,248.948,24576,64
2,81.242,24576,64
2,113.905,24576,64
2,33.062,24576,64
2,181.091,24576,64
2,258.319,24576,64
2,285.917,24576,64
2,258.631,24576,64
2,67.623,24576,64
2,187.789,24576,64
2,104.689,24576,64
2,186.143,24576,64
2,95.868,24576,64
2,292.591,24576,64
2,291.464,24576,64
2,155.817,24576,64
2,264.919,24576,64
2,78.78,24576,64
2,92.403,24576,64
2,92.403,24576,64
2,79.558,24576,64
2,155.066,24576,64
2,137.128,24576,64
2,91.234,24576,64
2,91.609,24576,64
2,168.336,24576,64
2,149.788,24576,64
2,194.639,24576,64
2,107.954,24576,64
5,27.18,8192,8192
5,27.18,8192,8192
2,194.639,24576,64
2,78.383,24576,64
2,194.267,24576,64
2,135.972,24576,64
2,106.969,24576,64
2,153.876,24576,64
2,55.188,24576,64
2,79.965,24576,64
5,16.592,4096,4096
2,59.788,24576,64
3,9.228,4096,4096
5,28.309,8192,8192
2,53.484,24576,64
2,105.071,24576,64
2,177.839,24576,64
2,71.399,24576,64
2,32.425,24576,64
2,263.39,24576,64
2,59.913,24576,64
2,185.507,24576,64
2,59.741,24576,64
3,9.445,4096,4096
2,79.48,24576,64
2,94.73,24576,64
2,134.103,24576,64
2,169.979,24576,64
2,275.536,24576,64
2,263.466,24576,64
2,190.231,24576,64
2,166.761,24576,64
2,119.073,24576,64
2,169.448,24576,64
2,116.072,24576,64
2,276.058,24576,64
2,208.447,24576,64
2,166.372,24576,64
2,148.612,24576,64
2,101.539,24576,64
2,166.578,24576,64
2,251.073,24576,64
2,251.385,24576,64
2,80.043,24576,64
2,73.233,24576,64
2,54.543,24576,64
2,87.84,24576,64
2,251.355,24576,64
2,166.108,24576,64
2,148.566,24576,64
2,90.371,24576,64
2,90.011,24576,64
2,54.985,24576,64
2,193.432,24576,64
2,167.113,24576,64
2,33.169,24576,64
2,42.414,24576,64
5,26.874,8192,8192
2,45.045,24576,64
2,44.5,24576,64
2,33.965,24576,64
2,40.143,24576,64
2,64.93,24576,64
2,30.066,24576,64
2,40.426,24576,64
2,85.997,24576,64
2,45.017,24576,64
2,65.026,24576,64
2,65.026,24576,64
2,87.157,24576,64
2,38.856,24576,64
2,184.665,24576,64
2,67.009,24576,64
2,188.664,24576,64
2,188.664,24576,64
2,118.71,24576,64
2,184.584,24576,64
2,74.345,24576,64
2,74.36,24576,64
5,26.593,8192,8192
5,29.863,8192,8192
2,44.83,24576,64
2,64.839,24576,64
2,38.669,24576,64
2,39.924,24576,64
2,64.728,24576,64
2,126.658,24576,64
2,32.965,24576,64
2,64.82,24576,64
2,33.762,24576,64
2,66.822,24576,64
2,44.28,24576,64
2,85.782,24576,64
2,40.223,24576,64
2,86.954,24576,64
2,126.626,24576,64
2,44.81,24576,64
2,42.178,24576,64
2,291.113,24576,64
2,61.142,24576,64
2,104.286,24576,64
2,275.496,24576,64
2,219.618,24576,64
2,170.101,24576,64
2,119.9,24576,64
2,123.697,24576,64
2,251.949,24576,64
2,156.942,24576,64
2,250.074,24576,64
2,249.902,24576,64
2,291.503,24576,64
2,89.839,24576,64
2,182.004,24576,64
2,166.91,24576,64
2,291.8,24576,64
2,257.751,24576,64
2,257.751,24576,64
2,192.882,24576,64
2,277.292,24576,64
2,70.603,24576,64
2,143.592,24576,64
2,230.107,24576,64
2,230.107,24576,64
2,296.821,24576,64
2,87.183,24576,64
2,59.085,24576,64
2,184.679,24576,64
2,176.984,24576,64
2,70.54,24576,64
2,262.53,24576,64
2,104.196,24576,64
2,190.375,24576,64
2,287.624,24576,64
2,102.507,24576,64
2,89.668,24576,64
2,190.629,24576,64
2,180.527,24576,64
2,165.304,24576,64
2,165.352,24576,64
2,85.415,24576,64
2,270.675,24576,64
2,193.019,24576,64
2,250.716,24576,64
2,62.283,24576,64
2,219.196,24576,64
2,86.621,24576,64
2,291.66,24576,64
2,292.021,24576,64
2,250.481,24576,64
2,249.918,24576,64
2,183.802,24576,64
2,159.297,24576,64
2,171.443,24576,64
2,181.375,24576,64
2,102.259,24576,64
2,174.277,24576,64
3,8.492,4096,4096
2,208.539,24576,64
2,296.539,24576,64
2,262.341,24576,64
2,189.091,24576,64
2,168.352,24576,64
2,114.976,24576,64
2,274.426,24576,64
2,147.581,24576,64
2,50.156,24576,64
2,127.205,24576,64
2,127.205,24576,64
2,110.308,24576,64
2,110.308,24576,64
2,57.378,24576,64
2,57.328,24576,64
2,256.353,24576,64
2,256.353,24576,64
5,26.654,8192,8192
5,26.666,8192,8192
2,228.608,24576,64
2,182.475,24576,64
2,289.488,24576,64
3,3.345,2048,2048
3,3.126,2048,2048
2,188.107,24576,64
2,158.846,24576,64
2,290.222,24576,64
2,251.51,24576,64
2,251.51,24576,64
2,57.49,24576,64
2,287.457,24576,64
2,166.476,24576,64
2,120.072,24576,64
2,100.649,24576,64
2,271.87,24576,64
2,215.928,24576,64
2,153.392,24576,64
2,248.321,24576,64
2,246.524,24576,64
2,287.938,24576,64
2,86.305,24576,64
2,116.178,24576,64
2,288.297,24576,64
2,246.336,24576,64
2,67.119,24576,64
2,83.73,24576,64
2,178.488,24576,64
2,163.394,24576,64
2,189.382,24576,64
2,293.336,24576,64
2,273.807,24576,64
2,140.123,24576,64
2,186.079,24576,64
2,283.329,24576,64
2,98.229,24576,64
2,85.402,24576,64
2,176.211,24576,64
2,186.282,24576,64
2,299.059,24576,64
2,58.111,24576,64
2,188.832,24576,64
2,215.024,24576,64
2,81.167,24576,64
2,266.427,24576,64
2,245.574,24576,64
2,179.458,24576,64
2,167.068,24576,64
2,154.953,24576,64
2,82.134,24576,64
2,287.298,24576,64
2,287.659,24576,64
2,246.119,24576,64
2,246.338,24576,64
2,177.031,24576,64
2,97.915,24576,64
3,4.148,2048,2048
2,292.211,24576,64
2,204.195,24576,64
2,169.92,24576,64
2,179.257,24576,64
2,45.734,24576,64
2,185.657,24576,64
2,225.2,24576,64
2,286.378,24576,64
2,288.0,24576,64
2,156.623,24576,64
2,192.041,24576,64
2,192.024,24576,64
2,295.554,24576,64
2,295.554,24576,64
2,156.549,24576,64
2,204.096,24576,64
2,204.002,24576,64
2,285.911,24576,64
2,213.821,24576,64
2,213.821,24576,64
2,236.968,24576,64
2,236.968,24576,64
3,2.726,2048,2048
3,2.726,2048,2048
2,283.103,24576,64
2,283.103,24576,64
2,176.218,24576,64
2,238.224,24576,64
2,238.209,24576,64
2,215.224,24576,64
2,215.205,24576,64
2,176.202,24576,64
1,0.013,1024,64
1,0.013,1024,64
3,8.951,4096,4096
2,222.51,24576,64
2,222.51,24576,64
2,153.401,24576,64
2,283.059,24576,64
2,113.404,24576,64
2,113.392,24576,64
2,35.95,24576,64
5,21.533,8192,8192
2,210.915,24576,64
2,210.915,24576,64
2,73.593,24576,64
2,73.577,24576,64
5,21.78,8192,8192
2,109.745,24576,64
2,109.745,24576,64
2,282.688,24576,64
2,282.672,24576,64
2,85.648,24576,64
2,85.648,24576,64
2,97.727,24576,64
2,97.711,24576,64
2,38.693,24576,64
2,38.677,24576,64
2,117.85,24576,64
2,216.989,24576,64
2,216.989,24576,64
2,117.834,24576,64
2,165.369,24576,64
2,165.369,24576,64
2,85.443,24576,64
2,85.443,24576,64
2,62.511,24576,64
2,62.511,24576,64
2,147.148,24576,64
2,62.4,24576,64
2,62.387,24576,64
2,147.133,24576,64
2,100.953,24576,64
2,184.304,24576,64
2,184.304,24576,64
2,100.924,24576,64
5,22.523,8192,8192
5,22.523,8192,8192
2,160.557,24576,64
2,160.526,24576,64
5,19.888,4096,4096
5,22.305,8192,8192
5,22.289,8192,8192
2,113.703,24576,64
2,113.703,24576,64
2,150.975,24576,64
2,150.975,24576,64
2,91.2,24576,64
2,126.897,24576,64
2,91.185,24576,64
2,126.881,24576,64
2,64.556,24576,64
2,64.54,24576,64
2,118.803,24576,64
2,118.803,24576,64
2,234.796,24576,64
2,234.796,24576,64
2,112.621,24576,64
2,112.621,24576,64
2,88.87,24576,64
2,88.87,24576,64
2,217.533,24576,64
2,214.388,24576,64
2,116.863,24576,64
2,217.455,24576,64
2,214.31,24576,64
2,116.803,24576,64
2,192.999,24576,64
2,73.311,24576,64
2,73.311,24576,64
2,192.982,24576,64
2,109.469,24576,64
2,109.469,24576,64
2,88.934,24576,64
2,88.934,24576,64
2,180.382,24576,64
2,180.382,24576,64
2,252.114,24576,64
2,252.129,24576,64
2,88.541,24576,64
2,88.541,24576,64
2,154.603,24576,64
2,154.603,24576,64
2,214.445,24576,64
2,214.428,24576,64
3,7.171,2048,2048
3,7.186,2048,2048
2,173.381,24576,64
2,173.365,24576,64
2,126.1,24576,64
2,126.1,24576,64
3,16.024,4096,4096
2,30.44,24576,64
5,17.262,4096,4096
5,16.869,4096,4096
1,0.03,1024,64
1,0.03,1024,64
2,247.71,24576,64
2,247.71,24576,64
2,171.543,24576,64
2,171.557,24576,64
2,145.161,24576,64
2,145.161,24576,64
3,15.544,4096,4096
3,15.528,4096,4096
2,182.448,24576,64
2,182.432,24576,64
5,20.998,8192,8192
5,20.983,8192,8192
2,165.042,24576,64
2,165.026,24576,64
2,245.915,24576,64
2,245.915,24576,64
2,178.809,24576,64
2,178.809,24576,64
2,91.075,24576,64
2,91.075,24576,64
2,148.59,24576,64
2,148.59,24576,64
2,211.367,24576,64
2,211.381,24576,64
2,175.464,24576,64
2,175.464,24576,64
3,14.544,4096,4096
3,14.544,4096,4096
2,283.925,24576,64
2,283.925,24576,64
2,81.892,24576,64
2,81.907,24576,64
2,163.287,24576,64
2,163.287,24576,64
2,228.314,24576,64
2,228.314,24576,64
2,268.911,24576,64
2,268.911,24576,64
2,166.932,24576,64
2,166.917,24576,64
3,7.835,2048,2048
3,7.82,2048,2048
2,65.066,24576,64
2,65.066,24576,64
2,119.071,24576,64
2,119.071,24576,64
2,119.18,24576,64
2,119.18,24576,64
3,11.694,4096,4096
2,78.384,24576,64
3,11.681,4096,4096
2,78.368,24576,64
2,185.657,24576,64
2,185.657,24576,64
2,165.132,24576,64
2,165.132,24576,64
2,104.361,24576,64
2,104.376,24576,64
2,221.214,24576,64
2,221.199,24576,64
2,79.094,24576,64
2,79.094,24576,64
2,202.075,24576,64
2,202.075,24576,64
2,152.699,24576,64
2,152.683,24576,64
2,82.561,24576,64
2,82.545,24576,64
2,128.746,24576,64
2,128.728,24576,64
2,87.198,24576,64
2,87.198,24576,64
2,65.792,24576,64
2,65.792,24576,64
2,195.416,24576,64
2,195.416,24576,64
2,246.886,24576,64
2,246.903,24576,64
2,33.153,24576,64
2,33.169,24576,64
2,275.819,24576,64
2,275.819,24576,64
2,161.91,24576,64
2,161.894,24576,64
3,10.673,4096,4096
3,10.66,4096,4096
2,259.486,24576,64
2,259.486,24576,64
2,73.946,24576,64
2,73.961,24576,64
2,144.63,24576,64
2,144.63,24576,64
5,23.536,8192,8192
5,23.536,8192,8192
3,4.531,2048,2048
2,94.91,24576,64
2,94.894,24576,64
2,129.466,24576,64
2,129.466,24576,64
5,27.854,8192,8192
5,27.854,8192,8192
5,22.481,8192,8192
5,22.468,8192,8192
2,149.742,24576,64
2,149.742,24576,64
2,182.028,24576,64
2,182.028,24576,64
2,299.96,24576,64
2,299.929,24576,64
2,172.145,24576,64
2,172.16,24576,64
2,67.633,24576,64
2,67.633,24576,64
2,203.589,24576,64
2,203.572,24576,64
2,74.99,24576,64
2,75.005,24576,64
2,274.83,24576,64
2,274.83,24576,64
2,41.491,24576,64
2,41.491,24576,64
2,163.379,24576,64
2,163.379,24576,64
2,83.976,24576,64
2,83.976,24576,64
2,179.893,24576,64
2,179.908,24576,64
2,61.997,24576,64
2,61.997,24576,64
2,232.118,24576,64
2,232.118,24576,64
2,226.635,24576,64
2,226.635,24576,64
2,93.829,24576,64
2,93.844,24576,64
2,82.412,24576,64
2,82.412,24576,64
2,100.935,24576,64
2,100.935,24576,64
2,227.165,24576,64
2,198.614,24576,64
2,198.614,24576,64
2,227.149,24576,64
2,238.279,24576,64
2,238.263,24576,64
2,161.676,24576,64
2,161.676,24576,64
2,94.204,24576,64
2,94.219,24576,64
2,279.795,24576,64
2,279.795,24576,64
2,161.707,24576,64
2,161.707,24576,64
2,225.37,24576,64
2,225.37,24576,64
2,114.223,24576,64
2,114.223,24576,64
2,136.034,24576,64
2,136.004,24576,64
2,161.632,24576,64
2,161.632,24576,64
5,18.391,4096,4096
5,18.375,4096,4096
2,123.98,24576,64
2,123.776,24576,64
2,247.642,24576,64
2,247.642,24576,64
3,13.151,4096,4096
3,13.166,4096,4096
2,258.412,24576,64
2,258.396,24576,64
2,81.242,24576,64
2,81.227,24576,64
2,190.391,24576,64
2,190.391,24576,64
2,60.374,24576,64
2,60.374,24576,64
1,0.895,2048,64
1,0.895,2048,64
2,240.96,24576,64
2,240.96,24576,64
2,37.058,24576,64
2,37.058,24576,64
2,94.462,24576,64
2,94.462,24576,64
2,115.395,24576,64
2,115.395,24576,64
2,96.856,24576,64
2,96.856,24576,64
2,184.982,24576,64
2,184.982,24576,64
2,221.834,24576,64
2,221.834,24576,64
3,12.991,4096,4096
3,12.975,4096,4096
2,212.41,24576,64
2,212.395,24576,64
3,16.094,4096,4096
3,16.094,4096,4096
2,259.76,24576,64
2,259.76,24576,64
2,233.91,24576,64
2,233.91,24576,64
2,103.28,24576,64
2,103.298,24576,64
2,226.041,24576,64
2,226.025,24576,64
2,232.041,24576,64
2,232.026,24576,64
3,14.698,4096,4096
3,14.698,4096,4096
2,292.423,24576,64
2,292.423,24576,64
2,181.898,24576,64
2,181.898,24576,64
2,80.165,24576,64
2,80.149,24576,64
2,211.938,24576,64
2,211.938,24576,64
2,84.813,24576,64
2,84.813,24576,64
2,213.776,24576,64
2,213.76,24576,64
2,177.355,24576,64
2,177.355,24576,64
3,15.344,4096,4096
3,15.36,4096,4096
2,198.777,24576,64
2,198.777,24576,64
3,15.906,4096,4096
3,15.906,4096,4096
2,87.166,24576,64
2,87.166,24576,64
2,180.301,24576,64
2,180.285,24576,64
3,10.853,4096,4096
3,10.837,4096,4096
1,0.015,1024,64
1,0.015,1024,64
2,85.104,24576,64
2,85.104,24576,64
5,17.966,4096,4096
5,17.966,4096,4096
1,0.205,1024,64
2,270.708,24576,64
2,270.692,24576,64
2,178.559,24576,64
2,178.559,24576,64
2,206.755,24576,64
2,206.755,24576,64
2,263.789,24576,64
2,263.789,24576,64
2,111.018,24576,64
2,111.002,24576,64
2,287.11,24576,64
2,287.079,24576,64
5,20.972,8192,8192
5,20.972,8192,8192
2,193.949,24576,64
2,193.934,24576,64
3,13.107,4096,4096
3,13.122,4096,4096
2,209.987,24576,64
2,209.987,24576,64
2,221.334,24576,64
2,221.334,24576,64
3,4.539,2048,2048
2,188.519,24576,64
2,188.533,24576,64
3,3.452,2048,2048
3,3.437,2048,2048
2,111.926,24576,64
2,111.911,24576,64
2,123.042,24576,64
2,123.042,24576,64
1,0.617,1024,64
1,0.617,1024,64
3,4.754,2048,2048
3,4.754,2048,2048
2,212.83,24576,64
2,212.83,24576,64
2,153.544,24576,64
2,153.544,24576,64
2,178.527,24576,64
2,178.527,24576,64
1,0.496,1024,64
2,93.228,24576,64
2,93.212,24576,64
2,160.384,24576,64
2,160.399,24576,64
2,174.136,24576,64
2,174.153,24576,64
2,100.005,24576,64
2,71.565,24576,64
2,50.676,24576,64
2,99.989,24576,64
2,50.642,24576,64
2,71.533,24576,64
3,14.193,4096,4096
3,14.193,4096,4096
3,14.624,4096,4096
3,13.959,4096,4096
3,14.608,4096,4096
3,13.927,4096,4096
2,44.821,24576,64
2,44.821,24576,64
2,174.488,24576,64
2,174.488,24576,64
2,178.674,24576,64
2,178.674,24576,64
3,11.143,4096,4096
3,11.143,4096,4096
2,108.445,24576,64
2,108.445,24576,64
2,115.881,24576,64
2,115.881,24576,64
2,138.921,24576,64
2,138.921,24576,64
2,74.931,24576,64
2,74.902,24576,64
3,3.412,2048,2048
3,3.412,2048,2048
2,69.712,24576,64
2,69.824,24576,64
2,175.389,24576,64
2,175.389,24576,64
2,217.844,24576,64
2,217.844,24576,64
3,1.866,2048,2048
3,1.866,2048,2048
2,277.755,24576,64
2,277.755,24576,64
2,245.557,24576,64
2,245.557,24576,64
2,150.309,24576,64
2,150.276,24576,64
2,187.152,24576,64
2,187.136,24576,64
2,111.881,24576,64
2,111.881,24576,64
2,164.456,24576,64
2,164.456,24576,64
2,253.497,24576,64
2,253.497,24576,64
2,182.136,24576,64
2,182.136,24576,64
2,294.316,24576,64
2,294.316,24576,64
2,187.202,24576,64
2,187.186,24576,64
2,125.332,24576,64
2,125.332,24576,64
2,124.395,24576,64
2,124.379,24576,64
2,254.305,24576,64
2,254.305,24576,64
2,30.839,24576,64
2,30.839,24576,64
5,17.23,4096,4096
5,17.212,4096,4096
3,8.807,4096,4096
3,8.776,4096,4096
5,25.777,8192,8192
5,25.621,8192,8192
2,180.619,24576,64
2,180.619,24576,64
2,174.89,24576,64
2,174.89,24576,64
2,57.69,24576,64
2,57.69,24576,64
3,2.82,2048,2048
3,2.805,2048,2048
2,155.559,24576,64
2,155.544,24576,64
2,150.127,24576,64
2,150.127,24576,64
3,10.188,4096,4096
3,10.172,4096,4096
2,53.48,24576,64
2,53.48,24576,64
2,98.493,24576,64
2,98.493,24576,64
3,5.551,2048,2048
3,5.563,2048,2048
2,176.364,24576,64
2,176.38,24576,64
2,191.754,24576,64
2,191.754,24576,64
2,34.89,24576,64
2,34.89,24576,64
2,291.91,24576,64
2,291.894,24576,64
2,154.93,24576,64
2,154.911,24576,64
2,162.195,24576,64
2,162.195,24576,64
2,147.776,24576,64
2,147.776,24576,64
2,76.792,24576,64
2,76.792,24576,64
2,277.316,24576,64
2,277.316,24576,64
2,43.945,24576,64
2,43.945,24576,64
2,212.608,24576,64
2,212.608,24576,64
2,105.754,24576,64
2,105.754,24576,64
5,24.5,8192,8192
5,24.5,8192,8192
2,58.737,24576,64
2,58.737,24576,64
2,174.378,24576,64
2,174.378,24576,64
2,129.829,24576,64
2,35.319,24576,64
2,129.657,24576,64
2,35.336,24576,64
3,6.795,2048,2048
3,6.779,2048,2048
2,54.048,24576,64
2,54.129,24576,64
2,250.494,24576,64
2,250.494,24576,64
2,103.458,24576,64
2,103.394,24576,64
5,19.879,4096,4096
2,36.432,24576,64
5,19.674,4096,4096
5,24.024,8192,8192
5,19.832,4096,4096
2,36.4,24576,64
5,19.642,4096,4096
5,24.008,8192,8192
2,48.127,24576,64
2,48.127,24576,64
2,128.146,24576,64
2,128.146,24576,64
5,27.437,8192,8192
5,27.437,8192,8192
2,70.949,24576,64
2,70.933,24576,64
5,21.164,8192,8192
5,21.179,8192,8192
5,29.67,8192,8192
5,29.67,8192,8192
2,265.847,24576,64
2,265.847,24576,64
3,4.747,2048,2048
3,4.568,2048,2048
3,4.568,2048,2048
2,45.333,24576,64
2,45.315,24576,64
2,240.878,24576,64
2,240.878,24576,64
2,98.757,24576,64
2,98.757,24576,64
5,21.762,8192,8192
5,27.169,8192,8192
2,30.664,24576,64
5,28.417,8192,8192
5,28.387,8192,8192
5,21.714,8192,8192
2,30.602,24576,64
5,27.106,8192,8192
2,32.689,24576,64
2,32.657,24576,64
5,18.837,4096,4096
5,18.899,4096,4096
5,23.045,8192,8192
5,23.045,8192,8192
5,28.283,8192,8192
5,28.333,8192,8192
2,52.59,24576,64
2,52.608,24576,64
2,31.121,24576,64
2,31.135,24576,64
2,49.194,24576,64
2,49.18,24576,64
2,141.118,24576,64
2,141.105,24576,64
2,73.452,24576,64
2,73.436,24576,64
3,16.193,4096,4096
3,16.193,4096,4096
2,41.874,24576,64
2,41.845,24576,64
2,86.449,24576,64
2,86.449,24576,64
2,188.532,24576,64
2,188.532,24576,64
2,64.813,24576,64
2,64.813,24576,64
2,158.359,24576,64
2,158.343,24576,64
2,127.368,24576,64
2,127.245,24576,64
5,18.698,4096,4096
5,18.668,4096,4096
2,164.411,24576,64
2,164.428,24576,64
3,12.507,4096,4096
3,12.507,4096,4096
3,9.434,4096,4096
3,9.545,4096,4096
2,86.15,24576,64
2,86.15,24576,64
2,209.377,24576,64
2,209.377,24576,64
3,3.416,2048,2048
3,3.397,2048,2048
3,12.112,4096,4096
2,53.977,24576,64
3,12.081,4096,4096
2,53.941,24576,64
2,63.228,24576,64
2,63.228,24576,64
5,17.888,4096,4096
5,17.888,4096,4096
2,68.209,24576,64
2,68.196,24576,64
2,132.052,24576,64
2,132.052,24576,64
1,0.207,1024,64
1,0.207,1024,64
2,46.712,24576,64
2,46.712,24576,64
1,0.015,1024,64
2,98.895,24576,64
2,98.689,24576,64
2,94.162,24576,64
2,94.162,24576,64
2,50.341,24576,64
2,50.323,24576,64
2,192.772,24576,64
2,192.772,24576,64
2,62.856,24576,64
2,62.856,24576,64
2,56.117,24576,64
2,56.117,24576,64
5,20.655,8192,8192
5,20.625,8192,8192
2,127.451,24576,64
2,127.451,24576,64
5,22.864,8192,8192
5,22.864,8192,8192
2,227.032,24576,64
2,227.032,24576,64
5,17.672,4096,4096
5,17.672,4096,4096
2,139.159,24576,64
2,139.159,24576,64
2,187.256,24576,64
2,187.24,24576,64
5,22.077,8192,8192
2,214.225,24576,64
2,214.225,24576,64
5,22.014,8192,8192
2,34.046,24576,64
2,34.093,24576,64
2,54.673,24576,64
2,54.657,24576,64
2,144.662,24576,64
2,144.617,24576,64
1,0.468,1024,64
1,0.468,1024,64
5,20.955,8192,8192
5,20.936,8192,8192
2,30.253,24576,64
2,30.253,24576,64
2,45.508,24576,64
2,45.508,24576,64
2,87.532,24576,64
2,87.532,24576,64
5,19.43,4096,4096
5,19.43,4096,4096
3,4.062,2048,2048
3,3.89,2048,2048
3,4.562,2048,2048
2,48.253,24576,64
2,48.269,24576,64
2,61.742,24576,64
2,61.742,24576,64
5,19.415,4096,4096
5,19.399,4096,4096
2,159.305,24576,64
2,159.276,24576,64
2,56.101,24576,64
2,56.101,24576,64
2,35.857,24576,64
2,35.81,24576,64
2,60.862,24576,64
2,60.862,24576,64
2,163.38,24576,64
2,163.38,24576,64
2,125.421,24576,64
2,125.402,24576,64
2,90.402,24576,64
2,90.402,24576,64
2,105.166,24576,64
2,105.139,24576,64
2,60.694,24576,64
2,32.82,24576,64
2,93.558,24576,64
2,60.678,24576,64
2,93.589,24576,64
2,32.837,24576,64
5,19.656,4096,4096
5,19.656,4096,4096
2,130.954,24576,64
2,130.954,24576,64
2,101.538,24576,64
2,101.538,24576,64
2,43.95,24576,64
2,43.95,24576,64
2,51.838,24576,64
2,51.853,24576,64
2,141.891,24576,64
2,141.875,24576,64
2,59.724,24576,64
2,59.705,24576,64
5,19.17,4096,4096
5,19.17,4096,4096
2,33.194,24576,64
2,33.178,24576,64
2,222.819,24576,64
2,222.819,24576,64
2,154.778,24576,64
2,154.762,24576,64
2,213.672,24576,64
2,213.672,24576,64
2,32.91,24576,64
2,32.927,24576,64
2,238.298,24576,64
2,238.298,24576,64
2,30.909,24576,64
2,30.909,24576,64
2,91.284,24576,64
2,91.284,24576,64
2,217.3,24576,64
2,217.3,24576,64
2,34.528,24576,64
2,34.528,24576,64
2,133.905,24576,64
2,133.905,24576,64
2,45.648,24576,64
2,45.648,24576,64
2,209.573,24576,64
2,209.585,24576,64
2,57.369,24576,64
2,141.577,24576,64
2,146.135,24576,64
2,146.072,24576,64
2,141.513,24576,64
2,196.883,24576,64
2,57.291,24576,64
2,161.981,24576,64
2,161.981,24576,64
2,45.648,24576,64
2,45.648,24576,64
2,43.294,24576,64
2,43.294,24576,64
2,58.65,24576,64
2,58.65,24576,64
2,196.741,24576,64
2,54.1,24576,64
2,54.1,24576,64
2,88.355,24576,64
2,51.644,24576,64
2,51.628,24576,64
2,121.837,24576,64
2,121.837,24576,64
2,141.076,24576,64
2,141.076,24576,64
2,88.323,24576,64
2,279.722,24576,64
2,133.915,24576,64
2,279.706,24576,64
2,108.144,24576,64
2,108.157,24576,64
2,133.883,24576,64
2,61.202,24576,64
2,91.745,24576,64
2,91.745,24576,64
2,157.416,24576,64
2,157.416,24576,64
2,61.171,24576,64
2,246.767,24576,64
2,246.767,24576,64
2,102.538,24576,64
2,102.538,24576,64
2,134.732,24576,64
2,134.732,24576,64
3,14.291,4096,4096
3,14.291,4096,4096
2,72.048,24576,64
2,129.377,24576,64
2,72.091,24576,64
2,129.347,24576,64
2,129.331,24576,64
2,129.362,24576,64
2,65.307,24576,64
2,65.326,24576,64
5,17.606,4096,4096
5,17.606,4096,4096
5,20.168,4096,4096
2,222.019,24576,64
2,222.019,24576,64
5,20.153,4096,4096
2,154.697,24576,64
2,154.697,24576,64
2,162.046,24576,64
2,282.848,24576,64
2,282.848,24576,64
2,162.031,24576,64
2,220.067,24576,64
2,220.067,24576,64
2,105.703,24576,64
2,105.716,24576,64
3,15.174,4096,4096
3,15.066,4096,4096
2,104.118,24576,64
2,33.531,24576,64
2,33.531,24576,64
2,104.102,24576,64
2,108.18,24576,64
2,108.163,24576,64
2,132.411,24576,64
2,132.411,24576,64
2,179.167,24576,64
2,179.151,24576,64
2,99.669,24576,64
2,99.669,24576,64
2,115.457,24576,64
2,115.457,24576,64
2,155.458,24576,64
2,155.474,24576,64
5,26.403,8192,8192
5,26.387,8192,8192
5,25.105,8192,8192
5,25.07,8192,8192
3,13.565,4096,4096
5,26.993,8192,8192
5,26.993,8192,8192
3,13.288,4096,4096
2,142.33,24576,64
2,142.33,24576,64
2,34.838,24576,64
2,34.857,24576,64
2,90.945,24576,64
2,90.945,24576,64
2,159.487,24576,64
2,159.487,24576,64
2,233.691,24576,64
2,233.691,24576,64
2,132.7,24576,64
2,132.7,24576,64
2,210.814,24576,64
2,210.796,24576,64
2,106.196,24576,64
2,106.149,24576,64
2,144.672,24576,64
2,144.672,24576,64
2,98.418,24576,64
2,98.384,24576,64
2,211.017,24576,64
2,211.032,24576,64
2,240.1,24576,64
2,240.1,24576,64
2,125.957,24576,64
2,125.94,24576,64
1,0.158,1024,64
1,0.14,1024,64
2,49.127,24576,64
5,22.885,8192,8192
5,22.885,8192,8192
2,135.594,24576,64
2,278.078,24576,64
2,49.111,24576,64
2,135.608,24576,64
2,219.821,24576,64
2,278.047,24576,64
2,48.34,24576,64
2,48.34,24576,64
3,15.077,4096,4096
3,15.077,4096,4096
2,219.789,24576,64
2,187.771,24576,64
2,187.771,24576,64
2,139.051,24576,64
2,139.051,24576,64
2,166.088,24576,64
2,166.103,24576,64
2,114.617,24576,64
2,114.599,24576,64
2,113.737,24576,64
2,113.737,24576,64
2,128.42,24576,64
2,31.294,24576,64
2,31.261,24576,64
2,128.404,24576,64
2,151.545,24576,64
2,151.545,24576,64
2,42.65,24576,64
2,42.681,24576,64
2,50.678,24576,64
2,50.665,24576,64
2,75.227,24576,64
2,75.336,24576,64
2,79.837,24576,64
2,79.825,24576,64
2,31.169,24576,64
2,31.169,24576,64
2,128.574,24576,64
2,128.574,24576,64
2,131.18,24576,64
2,131.18,24576,64
3,10.023,4096,4096
3,10.036,4096,4096
2,156.385,24576,64
2,156.385,24576,64
2,182.713,24576,64
2,182.713,24576,64
2,111.955,24576,64
2,111.97,24576,64
2,39.629,24576,64
2,39.613,24576,64
2,78.871,24576,64
2,78.84,24576,64
2,38.025,24576,64
2,38.04,24576,64
2,88.872,24576,64
2,88.872,24576,64
2,277.262,24576,64
2,277.262,24576,64
2,143.271,24576,64
2,143.271,24576,64
2,214.568,24576,64
2,214.568,24576,64
2,52.1,24576,64
2,52.1,24576,64
2,134.741,24576,64
2,134.741,24576,64
2,94.528,24576,64
2,94.528,24576,64
2,158.337,24576,64
2,158.307,24576,64
2,144.699,24576,64
2,144.699,24576,64
2,52.267,24576,64
2,181.775,24576,64
2,181.775,24576,64
2,52.242,24576,64
2,50.731,24576,64
3,14.635,4096,4096
3,14.65,4096,4096
2,50.717,24576,64
3,11.379,4096,4096
3,11.425,4096,4096
2,50.069,24576,64
2,50.069,24576,64
2,70.756,24576,64
2,70.74,24576,64
2,38.418,24576,64
2,38.418,24576,64
3,11.252,4096,4096
3,11.128,4096,4096
3,13.538,4096,4096
3,13.538,4096,4096
2,143.154,24576,64
2,143.17,24576,64
5,24.975,8192,8192
5,24.987,8192,8192
2,38.96,24576,64
2,38.96,24576,64
3,13.435,4096,4096
3,13.42,4096,4096
2,186.152,24576,64
2,186.152,24576,64
2,210.643,24576,64
2,210.643,24576,64
2,204.547,24576,64
2,204.547,24576,64
2,275.178,24576,64
2,275.162,24576,64
2,104.425,24576,64
2,104.425,24576,64
2,118.775,24576,64
2,118.821,24576,64
2,238.887,24576,64
2,238.887,24576,64
2,35.222,24576,64
2,35.237,24576,64
2,217.771,24576,64
2,217.771,24576,64
2,137.453,24576,64
2,137.437,24576,64
2,208.279,24576,64
2,208.31,24576,64
2,150.643,24576,64
2,276.47,24576,64
2,276.47,24576,64
2,150.624,24576,64
2,232.785,24576,64
2,232.972,24576,64
2,136.002,24576,64
2,136.002,24576,64
2,53.392,24576,64
2,53.392,24576,64
2,71.81,24576,64
2,71.81,24576,64
2,207.057,24576,64
2,207.057,24576,64
2,113.552,24576,64
2,113.552,24576,64
2,49.438,24576,64
2,49.438,24576,64
2,110.934,24576,64
2,110.934,24576,64
2,213.443,24576,64
2,213.461,24576,64
1,0.546,1024,64
1,0.546,1024,64
2,67.517,24576,64
2,67.517,24576,64
3,2.411,2048,2048
3,2.395,2048,2048
2,59.596,24576,64
2,48.911,24576,64
2,36.478,24576,64
2,74.462,24576,64
2,70.292,24576,64
2,49.578,24576,64
2,74.244,24576,64
3,15.071,4096,4096
5,21.902,8192,8192
5,17.434,4096,4096
5,21.011,8192,8192
2,74.741,24576,64
5,27.952,8192,8192
2,58.687,24576,64
2,48.863,24576,64
5,20.983,8192,8192
2,58.817,24576,64
3,14.87,4096,4096
2,58.583,24576,64
2,59.424,24576,64
5,20.919,8192,8192
5,20.905,8192,8192
2,48.754,24576,64
2,48.801,24576,64
2,74.117,24576,64
5,21.792,8192,8192
2,58.737,24576,64
5,17.324,4096,4096
2,74.631,24576,64
2,36.35,24576,64
2,70.151,24576,64
2,74.334,24576,64
5,27.842,8192,8192
2,49.45,24576,64
5,20.638,8192,8192
5,20.638,8192,8192
2,191.871,24576,64
2,191.871,24576,64
2,155.863,24576,64
2,155.863,24576,64
2,42.711,24576,64
2,42.711,24576,64
2,108.863,24576,64
2,108.863,24576,64
2,232.705,24576,64
2,232.69,24576,64
2,112.593,24576,64
2,112.593,24576,64
2,172.898,24576,64
2,172.898,24576,64
2,153.272,24576,64
2,153.272,24576,64
2,196.675,24576,64
2,196.691,24576,64
2,78.838,24576,64
2,78.869,24576,64
2,126.535,24576,64
2,126.519,24576,64
2,155.985,24576,64
2,156.003,24576,64
2,133.769,24576,64
2,133.72,24576,64
2,213.725,24576,64
2,213.725,24576,64
2,248.863,24576,64
2,248.863,24576,64
2,125.996,24576,64
2,125.996,24576,64
2,59.661,24576,64
2,59.661,24576,64
2,205.123,24576,64
2,205.091,24576,64
2,133.612,24576,64
2,133.612,24576,64
2,103.905,24576,64
2,103.917,24576,64
2,213.477,24576,64
2,213.457,24576,64
2,91.867,24576,64
2,91.867,24576,64
2,242.148,24576,64
2,242.163,24576,64
2,122.51,24576,64
2,122.494,24576,64
2,110.912,24576,64
2,110.912,24576,64
2,158.557,24576,64
2,158.557,24576,64
2,136.12,24576,64
2,136.12,24576,64
2,107.241,24576,64
2,107.241,24576,64
2,271.648,24576,64
2,271.667,24576,64
2,230.03,24576,64
2,230.03,24576,64
2,128.772,24576,64
2,128.741,24576,64
2,225.213,24576,64
2,225.23,24576,64
3,2.856,2048,2048
3,2.856,2048,2048
2,178.135,24576,64
2,178.184,24576,64
2,131.377,24576,64
2,131.346,24576,64
2,108.951,24576,64
2,108.951,24576,64
2,111.587,24576,64
2,111.618,24576,64
2,127.484,24576,64
2,127.484,24576,64
2,55.611,24576,64
2,55.611,24576,64
2,222.903,24576,64
2,222.872,24576,64
2,209.999,24576,64
2,209.955,24576,64
2,86.698,24576,64
2,86.698,24576,64
2,79.479,24576,64
2,79.479,24576,64
2,150.412,24576,64
2,150.412,24576,64
2,223.07,24576,64
2,223.007,24576,64
2,212.497,24576,64
2,212.497,24576,64
2,184.168,24576,64
2,184.168,24576,64
2,118.94,24576,64
2,37.673,24576,64
2,118.846,24576,64
2,37.639,24576,64
2,149.518,24576,64
2,149.518,24576,64
3,6.283,2048,2048
3,6.158,2048,2048
2,217.289,24576,64
2,217.289,24576,64
2,191.066,24576,64
2,191.081,24576,64
2,87.816,24576,64
2,87.816,24576,64
2,166.717,24576,64
2,166.717,24576,64
2,196.212,24576,64
2,196.231,24576,64
2,69.664,24576,64
2,69.664,24576,64
2,62.901,24576,64
2,62.918,24576,64
2,35.663,24576,64
2,35.663,24576,64
3,11.3,4096,4096
3,11.3,4096,4096
2,109.108,24576,64
2,109.108,24576,64
2,93.436,24576,64
2,93.454,24576,64
2,122.239,24576,64
2,122.239,24576,64
2,215.867,24576,64
2,215.852,24576,64
2,88.464,24576,64
2,88.464,24576,64
2,55.354,24576,64
2,297.568,24576,64
2,297.568,24576,64
2,55.339,24576,64
2,220.97,24576,64
2,220.983,24576,64
5,21.99,8192,8192
5,21.99,8192,8192
2,91.029,24576,64
2,91.029,24576,64
5,19.951,4096,4096
5,19.951,4096,4096
2,149.519,24576,64
2,149.519,24576,64
2,167.493,24576,64
2,167.493,24576,64
2,165.467,24576,64
2,165.717,24576,64
2,165.701,24576,64
2,165.451,24576,64
5,19.547,4096,4096
5,19.547,4096,4096
3,13.132,4096,4096
3,13.148,4096,4096
2,75.624,24576,64
2,75.575,24576,64
3,11.474,4096,4096
3,11.474,4096,4096
3,5.548,2048,2048
3,5.548,2048,2048
2,118.493,24576,64
2,118.464,24576,64
2,46.08,24576,64
2,46.067,24576,64
2,84.983,24576,64
2,84.888,24576,64
2,113.377,24576,64
3,2.383,2048,2048
3,2.383,2048,2048
2,113.36,24576,64
2,146.916,24576,64
2,146.916,24576,64
2,105.394,24576,64
2,105.394,24576,64
2,150.647,24576,64
2,150.662,24576,64
2,33.014,24576,64
2,32.995,24576,64
2,95.46,24576,64
2,95.46,24576,64
3,14.431,4096,4096
3,14.431,4096,4096
2,178.903,24576,64
2,178.903,24576,64
3,15.998,4096,4096
3,15.935,4096,4096
2,144.859,24576,64
2,84.474,24576,64
2,84.474,24576,64
2,199.968,24576,64
2,144.843,24576,64
2,113.649,24576,64
2,199.952,24576,64
2,113.618,24576,64
2,219.049,24576,64
2,219.08,24576,64
2,102.128,24576,64
2,102.099,24576,64
5,18.226,4096,4096
2,106.255,24576,64
2,125.721,24576,64
2,125.691,24576,64
2,179.625,24576,64
5,18.212,4096,4096
2,106.241,24576,64
2,184.152,24576,64
2,184.136,24576,64
2,179.562,24576,64
2,105.455,24576,64
2,105.455,24576,64
2,203.766,24576,64
2,203.766,24576,64
2,66.539,24576,64
2,66.539,24576,64
2,103.82,24576,64
2,103.82,24576,64
1,1.687,2048,64
1,1.671,2048,64
2,95.386,24576,64
2,95.37,24576,64
2,45.424,24576,64
2,45.424,24576,64
2,116.69,24576,64
2,116.69,24576,64
2,273.496,24576,64
3,14.284,4096,4096
3,14.284,4096,4096
2,33.403,24576,64
2,33.403,24576,64
2,273.463,24576,64
2,91.787,24576,64
2,91.77,24576,64
3,15.576,4096,4096
3,15.576,4096,4096
2,89.99,24576,64
2,89.99,24576,64
2,73.942,24576,64
2,73.926,24576,64
2,36.899,24576,64
2,36.899,24576,64
3,2.202,2048,2048
3,2.202,2048,2048
2,44.971,24576,64
2,44.986,24576,64
3,16.1,4096,4096
3,16.084,4096,4096
2,31.695,24576,64
2,31.695,24576,64
3,14.76,4096,4096
3,14.76,4096,4096
3,2.114,2048,2048
3,2.097,2048,2048
2,33.115,24576,64
2,33.115,24576,64
2,34.821,24576,64
2,34.821,24576,64
2,66.399,24576,64
2,47.356,24576,64
2,66.414,24576,64
2,42.423,24576,64
2,42.423,24576,64
2,47.278,24576,64
2,132.156,24576,64
2,132.156,24576,64
2,102.482,24576,64
2,57.766,24576,64
2,57.778,24576,64
2,92.795,24576,64
2,92.795,24576,64
2,102.372,24576,64
2,113.41,24576,64
2,113.41,24576,64
2,146.475,24576,64
2,146.475,24576,64
2,115.533,24576,64
2,115.533,24576,64
2,190.208,24576,64
2,190.208,24576,64
2,120.538,24576,64
2,120.52,24576,64
2,113.017,24576,64
2,113.032,24576,64
3,15.726,4096,4096
3,15.726,4096,4096
3,5.596,2048,2048
3,5.596,2048,2048
2,89.412,24576,64
2,89.412,24576,64
3,6.818,2048,2048
3,6.801,2048,2048
2,209.217,24576,64
2,209.217,24576,64
2,143.72,24576,64
2,143.72,24576,64
2,81.207,24576,64
2,81.175,24576,64
2,31.839,24576,64
2,31.821,24576,64
2,89.396,24576,64
2,89.396,24576,64
2,110.714,24576,64
2,110.7,24576,64
2,148.746,24576,64
2,148.746,24576,64
2,143.451,24576,64
2,143.451,24576,64
2,101.67,24576,64
2,101.67,24576,64
2,114.892,24576,64
2,114.892,24576,64
2,215.484,24576,64
2,215.484,24576,64
2,116.876,24576,64
2,116.86,24576,64
2,65.241,24576,64
2,65.241,24576,64
2,104.234,24576,64
2,104.234,24576,64
2,169.481,24576,64
2,169.465,24576,64
2,49.704,24576,64
2,49.657,24576,64
3,8.984,4096,4096
3,8.984,4096,4096
2,94.012,24576,64
2,94.026,24576,64
2,126.731,24576,64
2,126.731,24576,64
2,205.478,24576,64
2,205.461,24576,64
2,242.203,24576,64
2,242.043,24576,64
2,78.643,24576,64
2,78.643,24576,64
1,0.045,1024,64
1,0.013,1024,64
2,216.176,24576,64
2,216.162,24576,64
2,88.253,24576,64
2,88.253,24576,64
2,88.156,24576,64
2,88.156,24576,64
2,220.271,24576,64
2,220.255,24576,64
3,15.765,4096,4096
3,15.731,4096,4096
2,103.323,24576,64
2,103.323,24576,64
2,121.912,24576,64
2,121.912,24576,64
2,147.258,24576,64
2,147.258,24576,64
2,111.609,24576,64
2,111.609,24576,64
2,112.419,24576,64
2,112.404,24576,64
2,110.859,24576,64
2,110.859,24576,64
2,79.241,24576,64
2,79.241,24576,64
2,42.998,24576,64
2,42.982,24576,64
2,127.162,24576,64
2,127.162,24576,64
2,113.136,24576,64
2,113.136,24576,64
2,117.951,24576,64
2,117.951,24576,64
2,208.837,24576,64
2,208.79,24576,64
2,138.242,24576,64
2,138.242,24576,64
2,140.434,24576,64
2,140.434,24576,64
5,28.81,8192,8192
5,28.81,8192,8192
2,213.144,24576,64
2,213.144,24576,64
2,127.826,24576,64
2,127.826,24576,64
2,240.586,24576,64
2,240.586,24576,64
2,95.372,24576,64
2,95.372,24576,64
2,62.162,24576,64
2,62.147,24576,64
2,253.64,24576,64
2,253.655,24576,64
2,142.329,24576,64
2,142.329,24576,64
2,69.401,24576,64
2,69.401,24576,64
2,150.914,24576,64
2,150.914,24576,64
2,73.132,24576,64
2,73.116,24576,64
2,240.659,24576,64
2,240.659,24576,64
2,76.748,24576,64
2,76.717,24576,64
2,76.434,24576,64
2,76.434,24576,64
2,62.038,24576,64
2,62.038,24576,64
2,63.973,24576,64
2,63.957,24576,64
2,76.941,24576,64
2,76.927,24576,64
2,204.131,24576,64
2,204.131,24576,64
2,239.946,24576,64
2,115.581,24576,64
2,239.93,24576,64
2,115.536,24576,64
3,16.217,4096,4096
5,16.328,4096,4096
2,37.748,24576,64
5,28.691,8192,8192
5,16.623,4096,4096
5,18.169,4096,4096
5,22.549,8192,8192
2,37.781,24576,64
2,151.705,24576,64
2,151.705,24576,64
5,28.613,8192,8192
5,18.095,4096,4096
3,15.797,4096,4096
3,15.702,4096,4096
5,22.487,8192,8192
2,37.685,24576,64
2,37.704,24576,64
5,16.56,4096,4096
2,72.148,24576,64
2,72.085,24576,64
2,81.294,24576,64
2,81.294,24576,64
2,137.481,24576,64
2,137.465,24576,64
2,238.508,24576,64
2,238.508,24576,64
2,115.473,24576,64
2,115.44,24576,64
3,4.39,2048,2048
2,271.883,24576,64
2,271.883,24576,64
2,49.723,24576,64
2,49.738,24576,64
2,115.878,24576,64
2,115.878,24576,64
2,109.391,24576,64
2,109.375,24576,64
2,210.324,24576,64
2,210.355,24576,64
2,50.411,24576,64
2,50.411,24576,64
2,143.347,24576,64
2,143.396,24576,64
2,158.831,24576,64
2,158.831,24576,64
2,59.247,24576,64
2,59.247,24576,64
2,108.115,24576,64
2,108.115,24576,64
5,28.779,8192,8192
5,28.826,8192,8192
2,99.737,24576,64
2,99.723,24576,64
2,81.845,24576,64
2,81.845,24576,64
2,131.191,24576,64
2,131.191,24576,64
2,103.998,24576,64
2,103.998,24576,64
2,75.467,24576,64
2,75.467,24576,64
2,160.538,24576,64
2,160.538,24576,64
2,223.926,24576,64
2,223.926,24576,64
2,101.434,24576,64
2,101.464,24576,64
2,107.467,24576,64
2,107.076,24576,64
2,148.535,24576,64
2,148.535,24576,64
2,159.55,24576,64
2,159.55,24576,64
2,131.433,24576,64
2,131.433,24576,64
2,72.275,24576,64
2,72.26,24576,64
2,109.949,24576,64
2,109.964,24576,64
2,210.018,24576,64
2,210.018,24576,64
2,103.45,24576,64
2,103.45,24576,64
2,201.191,24576,64
2,201.004,24576,64
2,135.988,24576,64
2,136.158,24576,64
2,160.117,24576,64
2,160.117,24576,64
2,154.188,24576,64
2,154.188,24576,64
2,78.398,24576,64
2,78.38,24576,64
2,138.073,24576,64
2,138.073,24576,64
2,109.819,24576,64
2,109.819,24576,64
2,69.834,24576,64
2,69.821,24576,64
2,38.886,24576,64
2,38.886,24576,64
1,1.041,2048,64
1,1.041,2048,64
3,3.27,2048,2048
3,3.27,2048,2048
2,237.35,24576,64
2,237.35,24576,64
2,150.515,24576,64
2,150.53,24576,64
2,48.941,24576,64
2,48.972,24576,64
2,181.641,24576,64
2,181.622,24576,64
2,237.507,24576,64
2,237.491,24576,64
2,148.714,24576,64
2,148.714,24576,64
2,112.786,24576,64
2,112.786,24576,64
2,158.547,24576,64
2,158.547,24576,64
2,264.19,24576,64
2,264.19,24576,64
2,140.872,24576,64
2,140.872,24576,64
3,4.928,2048,2048
3,4.928,2048,2048
2,191.226,24576,64
2,191.226,24576,64
2,105.614,24576,64
2,105.614,24576,64
3,15.533,4096,4096
3,15.502,4096,4096
3,15.205,4096,4096
3,15.205,4096,4096
2,181.754,24576,64
2,181.754,24576,64
2,75.405,24576,64
2,75.405,24576,64
2,144.692,24576,64
2,144.658,24576,64
2,68.084,24576,64
2,68.068,24576,64
2,100.69,24576,64
2,100.69,24576,64
2,262.799,24576,64
2,262.845,24576,64
2,149.666,24576,64
2,149.666,24576,64
2,92.127,24576,64
2,92.109,24576,64
2,124.065,24576,64
2,124.081,24576,64
2,60.337,24576,64
2,60.337,24576,64
2,151.223,24576,64
2,151.223,24576,64
2,35.302,24576,64
2,35.286,24576,64
2,234.869,24576,64
2,234.869,24576,64
2,146.137,24576,64
2,146.137,24576,64
2,111.036,24576,64
2,111.036,24576,64
2,89.874,24576,64
2,89.858,24576,64
2,219.976,24576,64
2,219.991,24576,64
2,53.562,24576,64
2,53.546,24576,64
2,122.395,24576,64
2,122.381,24576,64
2,105.296,24576,64
2,105.281,24576,64
2,104.668,24576,64
2,104.668,24576,64
2,114.814,24576,64
2,114.831,24576,64
3,4.757,2048,2048
3,4.757,2048,2048
2,32.325,24576,64
2,32.325,24576,64
2,107.363,24576,64
2,107.347,24576,64
2,66.586,24576,64
2,66.569,24576,64
1,1.055,2048,64
5,21.454,8192,8192
1,0.406,1024,64
1,0.109,1024,64
1,1.33,2048,64
1,1.45,2048,64
2,104.548,24576,64
2,104.563,24576,64
2,128.425,24576,64
2,128.425,24576,64
2,106.915,24576,64
2,97.532,24576,64
2,97.551,24576,64
2,106.859,24576,64
2,61.379,24576,64
2,61.379,24576,64
2,41.195,24576,64
2,41.21,24576,64
2,87.678,24576,64
2,87.693,24576,64
1,0.012,1024,64
2,134.407,24576,64
2,134.407,24576,64
2,124.311,24576,64
2,124.296,24576,64
2,113.47,24576,64
2,113.454,24576,64
2,113.51,24576,64
2,113.51,24576,64
3,11.119,4096,4096
3,11.119,4096,4096
2,36.837,24576,64
2,36.837,24576,64
1,0.012,1024,64
2,110.833,24576,64
2,110.66,24576,64
1,0.013,1024,64
1,0.109,1024,64
1,0.109,1024,64
2,77.118,24576,64
2,77.118,24576,64
1,0.013,1024,64
1,0.014,1024,64
2,139.889,24576,64
2,139.854,24576,64
2,59.62,24576,64
2,59.62,24576,64
1,0.023,1024,64
2,230.016,24576,64
2,230.016,24576,64
1,0.014,1024,64
2,243.995,24576,64
2,243.964,24576,64
2,123.049,24576,64
2,123.067,24576,64
1,0.012,1024,64
3,15.215,4096,4096
3,15.215,4096,4096
2,184.506,24576,64
2,184.482,24576,64
2,153.831,24576,64
2,153.831,24576,64
2,128.445,24576,64
1,0.013,1024,64
2,128.429,24576,64
1,0.015,1024,64
2,114.297,24576,64
2,114.264,24576,64
2,83.104,24576,64
2,83.117,24576,64
1,0.012,1024,64
2,54.358,24576,64
2,54.358,24576,64
1,0.032,1024,64
2,109.611,24576,64
2,109.627,24576,64
1,0.018,1024,64
2,105.5,24576,64
2,105.5,24576,64
2,138.305,24576,64
2,138.291,24576,64
2,230.106,24576,64
2,230.09,24576,64
1,0.013,1024,64
5,22.394,8192,8192
5,22.376,8192,8192
2,91.727,24576,64
2,91.745,24576,64
1,0.011,1024,64
2,188.869,24576,64
2,188.885,24576,64
2,229.433,24576,64
2,229.433,24576,64
2,269.486,24576,64
2,269.486,24576,64
2,98.688,24576,64
2,98.688,24576,64
2,95.367,24576,64
2,95.367,24576,64
3,7.426,2048,2048
3,7.41,2048,2048
2,146.797,24576,64
2,146.797,24576,64
2,169.578,24576,64
2,169.596,24576,64
2,70.694,24576,64
2,70.694,24576,64
2,260.628,24576,64
2,260.628,24576,64
2,286.514,24576,64
2,286.514,24576,64
2,176.952,24576,64
2,176.952,24576,64
2,238.852,24576,64
2,238.871,24576,64
2,190.638,24576,64
2,190.638,24576,64
2,91.463,24576,64
2,91.463,24576,64
1,0.017,1024,64
2,226.551,24576,64
2,226.585,24576,64
2,210.174,24576,64
2,210.188,24576,64
2,50.03,24576,64
2,50.03,24576,64
2,184.221,24576,64
2,184.221,24576,64
2,98.517,24576,64
2,98.517,24576,64
2,199.993,24576,64
2,199.993,24576,64
2,37.211,24576,64
2,37.211,24576,64
2,152.707,24576,64
2,152.707,24576,64
2,100.95,24576,64
2,100.95,24576,64
2,113.305,24576,64
2,113.321,24576,64
2,95.437,24576,64
2,95.437,24576,64
2,156.355,24576,64
2,156.355,24576,64
2,181.696,24576,64
2,181.696,24576,64
2,214.733,24576,64
2,214.703,24576,64
2,92.228,24576,64
2,92.212,24576,64
2,30.98,24576,64
2,30.417,24576,64
3,14.911,4096,4096
3,14.927,4096,4096
2,181.383,24576,64
2,181.383,24576,64
2,58.373,24576,64
2,58.373,24576,64
5,22.343,8192,8192
2,179.028,24576,64
3,4.5,2048,2048
2,238.837,24576,64
3,14.083,4096,4096
3,14.083,4096,4096
2,238.82,24576,64
2,178.918,24576,64
2,296.05,24576,64
2,296.034,24576,64
5,22.202,8192,8192
2,80.109,24576,64
2,80.109,24576,64
2,125.918,24576,64
2,125.918,24576,64
3,15.305,4096,4096
2,38.343,24576,64
2,36.981,24576,64
5,20.324,4096,4096
2,36.125,24576,64
5,17.464,4096,4096
3,16.214,4096,4096
2,38.449,24576,64
2,34.174,24576,64
2,188.978,24576,64
2,188.978,24576,64
2,30.016,24576,64
5,17.984,4096,4096
5,16.398,4096,4096
3,7.175,2048,2048
5,17.386,4096,4096
3,15.136,4096,4096
5,29.424,8192,8192
3,12.164,4096,4096
5,29.67,8192,8192
3,16.118,4096,4096
2,34.078,24576,64
2,38.246,24576,64
2,36.884,24576,64
5,20.227,4096,4096
2,36.016,24576,64
2,35.074,24576,64
2,35.074,24576,64
5,19.514,4096,4096
5,19.514,4096,4096
2,52.585,24576,64
2,38.323,24576,64
2,52.494,24576,64
5,17.875,4096,4096
5,16.289,4096,4096
3,6.798,2048,2048
3,11.994,4096,4096
5,29.578,8192,8192
5,29.906,8192,8192
5,29.316,8192,8192
2,95.185,24576,64
2,57.466,24576,64
5,20.515,8192,8192
2,95.17,24576,64
2,57.435,24576,64
5,20.483,8192,8192
2,123.14,24576,64
2,123.14,24576,64
5,16.727,4096,4096
2,87.184,24576,64
5,21.64,8192,8192
5,18.636,4096,4096
5,17.372,4096,4096
2,38.105,24576,64
2,38.105,24576,64
2,238.589,24576,64
2,186.81,24576,64
5,17.357,4096,4096
5,18.608,4096,4096
5,16.696,4096,4096
2,87.153,24576,64
5,21.609,8192,8192
2,186.795,24576,64
2,106.798,24576,64
2,106.798,24576,64
2,238.555,24576,64
2,106.782,24576,64
2,66.498,24576,64
2,66.498,24576,64
5,17.706,4096,4096
5,17.706,4096,4096
3,11.82,4096,4096
3,11.898,4096,4096
2,64.833,24576,64
3,11.838,4096,4096
3,11.759,4096,4096
2,64.758,24576,64
2,224.308,24576,64
2,224.308,24576,64
2,106.517,24576,64
2,94.764,24576,64
2,293.74,24576,64
2,293.706,24576,64
2,94.747,24576,64
5,29.794,8192,8192
5,29.794,8192,8192
2,62.28,24576,64
2,62.28,24576,64
2,112.499,24576,64
2,112.484,24576,64
2,137.406,24576,64
2,68.84,24576,64
2,68.84,24576,64
2,137.39,24576,64
2,133.34,24576,64
2,133.34,24576,64
2,69.168,24576,64
2,68.574,24576,64
2,68.574,24576,64
2,69.183,24576,64
2,148.457,24576,64
2,148.473,24576,64
2,70.589,24576,64
2,140.97,24576,64
5,18.371,4096,4096
2,70.525,24576,64
2,62.405,24576,64
2,72.854,24576,64
2,72.854,24576,64
5,18.354,4096,4096
2,140.952,24576,64
2,41.589,24576,64
2,185.33,24576,64
2,185.237,24576,64
2,50.885,24576,64
2,50.871,24576,64
2,94.639,24576,64
2,94.639,24576,64
2,41.558,24576,64
2,62.376,24576,64
2,99.222,24576,64
2,99.222,24576,64
2,164.882,24576,64
2,164.866,24576,64
1,0.015,1024,64
1,0.015,1024,64
2,123.674,24576,64
2,123.674,24576,64
2,60.766,24576,64
2,60.75,24576,64
2,170.818,24576,64
2,170.818,24576,64
2,183.33,24576,64
2,183.33,24576,64
2,111.514,24576,64
2,111.42,24576,64
2,51.141,24576,64
2,51.141,24576,64
2,222.472,24576,64
2,222.472,24576,64
2,94.349,24576,64
2,94.349,24576,64
2,51.677,24576,64
2,51.677,24576,64
2,295.589,24576,64
2,295.602,24576,64
2,132.154,24576,64
2,132.154,24576,64
2,256.835,24576,64
2,256.851,24576,64
2,98.253,24576,64
2,98.253,24576,64
2,132.669,24576,64
2,132.669,24576,64
2,128.091,24576,64
2,128.076,24576,64
2,126.911,24576,64
2,126.911,24576,64
2,56.879,24576,64
2,56.879,24576,64
3,14.656,4096,4096
3,14.675,4096,4096
3,13.539,4096,4096
3,13.539,4096,4096
2,94.436,24576,64
2,94.454,24576,64
2,221.688,24576,64
2,221.67,24576,64
2,250.655,24576,64
2,32.602,24576,64
2,250.639,24576,64
2,119.963,24576,64
2,119.978,24576,64
2,97.659,24576,64
2,97.628,24576,64
3,12.882,4096,4096
3,12.882,4096,4096
2,32.199,24576,64
2,55.538,24576,64
2,55.647,24576,64
2,61.759,24576,64
2,61.723,24576,64
2,66.261,24576,64
2,66.261,24576,64
2,245.178,24576,64
2,245.145,24576,64
2,205.829,24576,64
2,205.641,24576,64
2,187.742,24576,64
2,187.742,24576,64
2,52.101,24576,64
2,52.101,24576,64
2,168.054,24576,64
2,168.054,24576,64
2,176.711,24576,64
2,176.711,24576,64
2,217.918,24576,64
2,217.902,24576,64
2,54.249,24576,64
2,54.264,24576,64
5,23.936,8192,8192
5,23.936,8192,8192
2,236.469,24576,64
2,236.469,24576,64
2,242.633,24576,64
2,242.633,24576,64
2,102.947,24576,64
2,102.916,24576,64
2,121.58,24576,64
2,121.568,24576,64
2,139.936,24576,64
2,139.936,24576,64
2,99.09,24576,64
2,99.373,24576,64
2,38.242,24576,64
2,38.225,24576,64
2,139.483,24576,64
2,139.842,24576,64
2,244.801,24576,64
2,244.787,24576,64
2,145.083,24576,64
2,119.813,24576,64
3,4.124,2048,2048
1,0.515,1024,64
2,183.564,24576,64
2,183.564,24576,64
1,0.498,1024,64
2,146.834,24576,64
2,145.065,24576,64
2,119.795,24576,64
3,4.106,2048,2048
2,172.284,24576,64
2,172.268,24576,64
2,146.82,24576,64
2,80.039,24576,64
2,80.039,24576,64
2,237.437,24576,64
2,237.437,24576,64
3,11.694,4096,4096
3,11.694,4096,4096
2,107.02,24576,64
2,124.844,24576,64
2,106.987,24576,64
2,124.861,24576,64
2,267.057,24576,64
2,267.041,24576,64
2,91.328,24576,64
2,91.312,24576,64
2,219.826,24576,64
2,219.826,24576,64
2,199.179,24576,64
2,199.194,24576,64
2,233.238,24576,64
2,233.238,24576,64
2,107.354,24576,64
2,107.338,24576,64
2,58.39,24576,64
2,58.39,24576,64
2,74.945,24576,64
2,74.945,24576,64
2,150.598,24576,64
2,150.598,24576,64
2,232.973,24576,64
2,232.973,24576,64
2,81.884,24576,64
2,125.334,24576,64
2,125.334,24576,64
2,81.801,24576,64
2,120.534,24576,64
2,120.518,24576,64
2,175.242,24576,64
2,175.255,24576,64
2,136.882,24576,64
2,136.882,24576,64
2,186.096,24576,64
2,186.096,24576,64
2,94.741,24576,64
2,94.711,24576,64
2,123.608,24576,64
2,123.608,24576,64
2,231.417,24576,64
2,231.417,24576,64
2,107.559,24576,64
2,107.559,24576,64
2,144.654,24576,64
2,144.638,24576,64
2,106.261,24576,64
2,106.261,24576,64
2,68.992,24576,64
2,68.992,24576,64
2,59.813,24576,64
2,59.781,24576,64
2,53.373,24576,64
2,53.406,24576,64
2,233.143,24576,64
2,233.143,24576,64
2,127.137,24576,64
2,127.121,24576,64
2,70.142,24576,64
2,70.173,24576,64
2,216.016,24576,64
2,216.002,24576,64
2,110.868,24576,64
2,110.868,24576,64
2,123.307,24576,64
2,123.288,24576,64
2,103.217,24576,64
2,103.217,24576,64
2,142.849,24576,64
2,142.849,24576,64
2,228.693,24576,64
2,228.659,24576,64
2,272.892,24576,64
2,272.892,24576,64
2,242.339,24576,64
2,242.305,24576,64
2,184.884,24576,64
2,184.884,24576,64
2,42.937,24576,64
2,215.783,24576,64
2,42.921,24576,64
2,215.753,24576,64
5,28.232,8192,8192
5,28.31,8192,8192
2,194.408,24576,64
2,194.408,24576,64
2,193.526,24576,64
2,193.511,24576,64
2,74.872,24576,64
2,74.872,24576,64
1,0.015,1024,64
2,147.865,24576,64
2,147.833,24576,64
2,77.852,24576,64
2,77.914,24576,64
2,35.998,24576,64
2,35.998,24576,64
2,70.67,24576,64
2,70.67,24576,64
1,1.404,2048,64
1,1.404,2048,64
2,91.204,24576,64
2,91.204,24576,64
2,168.927,24576,64
2,168.927,24576,64
2,85.196,24576,64
2,85.164,24576,64
2,127.427,24576,64
2,127.427,24576,64
2,54.554,24576,64
2,54.585,24576,64
2,175.519,24576,64
2,175.519,24576,64
3,6.549,2048,2048
3,6.549,2048,2048
2,248.537,24576,64
2,248.537,24576,64
2,247.771,24576,64
2,247.771,24576,64
2,58.756,24576,64
2,58.756,24576,64
2,213.445,24576,64
2,213.445,24576,64
2,168.842,24576,64
2,168.842,24576,64
2,33.868,24576,64
2,33.868,24576,64
1,0.246,1024,64
1,0.246,1024,64
2,119.481,24576,64
2,119.481,24576,64
2,111.716,24576,64
2,111.7,24576,64
2,185.867,24576,64
2,185.867,24576,64
2,64.567,24576,64
2,88.522,24576,64
2,88.522,24576,64
2,64.504,24576,64
2,84.791,24576,64
2,84.791,24576,64
2,63.877,24576,64
2,63.877,24576,64
2,64.239,24576,64
2,167.607,24576,64
2,167.607,24576,64
2,64.223,24576,64
2,41.485,24576,64
2,41.485,24576,64
2,176.134,24576,64
2,176.134,24576,64
2,39.582,24576,64
2,39.582,24576,64
5,24.056,8192,8192
5,24.056,8192,8192
2,52.36,24576,64
2,87.943,24576,64
2,52.346,24576,64
2,67.378,24576,64
2,67.378,24576,64
2,87.926,24576,64
2,109.652,24576,64
2,109.665,24576,64
5,18.686,4096,4096
5,18.667,4096,4096
2,163.378,24576,64
2,163.378,24576,64
2,39.363,24576,64
2,39.363,24576,64
2,176.947,24576,64
2,176.947,24576,64
2,51.043,24576,64
2,51.028,24576,64
2,95.696,24576,64
2,95.696,24576,64
2,116.015,24576,64
2,116.032,24576,64
2,211.445,24576,64
2,211.445,24576,64
2,95.338,24576,64
2,67.13,24576,64
2,67.13,24576,64
2,95.29,24576,64
2,82.429,24576,64
2,82.429,24576,64
3,13.648,4096,4096
3,13.648,4096,4096
2,33.265,24576,64
2,33.265,24576,64
2,167.574,24576,64
2,167.574,24576,64
2,66.709,24576,64
2,82.981,24576,64
2,162.394,24576,64
2,66.694,24576,64
2,82.967,24576,64
2,162.379,24576,64
2,65.224,24576,64
2,171.833,24576,64
2,171.833,24576,64
2,115.892,24576,64
2,115.892,24576,64
2,65.161,24576,64
2,35.437,24576,64
2,35.437,24576,64
2,62.475,24576,64
2,62.475,24576,64
2,97.037,24576,64
2,97.037,24576,64
2,42.782,24576,64
2,42.782,24576,64
2,30.405,24576,64
2,30.405,24576,64
2,61.139,24576,64
2,61.139,24576,64
2,229.164,24576,64
2,51.56,24576,64
2,51.59,24576,64
2,229.135,24576,64
2,213.072,24576,64
2,213.072,24576,64
5,21.015,8192,8192
5,21.015,8192,8192
2,71.457,24576,64
2,71.457,24576,64
2,84.883,24576,64
2,84.883,24576,64
2,60.826,24576,64
2,60.826,24576,64
2,143.846,24576,64
2,143.846,24576,64
2,123.587,24576,64
2,123.636,24576,64
2,84.378,24576,64
2,65.829,24576,64
2,104.819,24576,64
2,84.365,24576,64
2,123.4,24576,64
2,171.688,24576,64
2,104.806,24576,64
2,123.384,24576,64
2,65.8,24576,64
2,281.046,24576,64
2,281.046,24576,64
2,171.652,24576,64
2,128.656,24576,64
2,128.656,24576,64
2,47.641,24576,64
2,36.86,24576,64
2,36.86,24576,64
2,60.938,24576,64
2,47.629,24576,64
2,49.434,24576,64
2,49.446,24576,64
2,60.92,24576,64
2,94.79,24576,64
2,94.79,24576,64
2,209.244,24576,64
2,209.181,24576,64
2,214.182,24576,64
2,214.182,24576,64
2,117.05,24576,64
2,117.05,24576,64
5,27.651,8192,8192
5,27.651,8192,8192
2,238.332,24576,64
2,238.346,24576,64
2,233.409,24576,64
2,233.392,24576,64
2,81.199,24576,64
2,81.199,24576,64
2,181.006,24576,64
2,181.02,24576,64
2,245.003,24576,64
2,245.003,24576,64
2,76.927,24576,64
2,76.927,24576,64
2,194.988,24576,64
2,194.969,24576,64
2,60.4,24576,64
2,60.415,24576,64
2,103.556,24576,64
2,103.556,24576,64
2,162.528,24576,64
2,162.543,24576,64
1,0.436,1024,64
2,188.912,24576,64
2,188.93,24576,64
1,0.343,1024,64
2,292.766,24576,64
2,292.766,24576,64
2,41.622,24576,64
2,198.2,24576,64
2,73.705,24576,64
2,73.72,24576,64
2,198.185,24576,64
2,41.59,24576,64
2,200.997,24576,64
2,201.025,24576,64
2,126.012,24576,64
2,126.012,24576,64
2,80.652,24576,64
2,80.636,24576,64
2,193.152,24576,64
2,193.152,24576,64
3,10.582,4096,4096
3,10.582,4096,4096
2,159.524,24576,64
2,52.821,24576,64
2,52.821,24576,64
2,159.492,24576,64
2,199.223,24576,64
2,93.846,24576,64
2,52.769,24576,64
2,52.769,24576,64
2,199.207,24576,64
2,93.827,24576,64
2,147.462,24576,64
2,147.462,24576,64
2,73.61,24576,64
2,73.61,24576,64
2,197.888,24576,64
2,197.888,24576,64
2,124.37,24576,64
2,124.386,24576,64
2,74.907,24576,64
2,74.907,24576,64
2,299.898,24576,64
2,299.882,24576,64
2,239.03,24576,64
2,239.012,24576,64
2,176.151,24576,64
2,176.151,24576,64
2,37.087,24576,64
2,37.087,24576,64
2,262.652,24576,64
2,262.777,24576,64
2,70.203,24576,64
2,70.203,24576,64
2,226.342,24576,64
2,226.342,24576,64
2,178.239,24576,64
2,178.239,24576,64
2,290.558,24576,64
2,290.57,24576,64
2,109.804,24576,64
2,109.804,24576,64
2,54.25,24576,64
2,54.25,24576,64
2,242.367,24576,64
2,242.367,24576,64
2,262.726,24576,64
2,262.726,24576,64
2,178.082,24576,64
2,178.082,24576,64
2,289.335,24576,64
2,289.335,24576,64
2,116.366,24576,64
2,116.319,24576,64
2,243.245,24576,64
2,243.245,24576,64
2,85.55,24576,64
2,85.55,24576,64
2,136.965,24576,64
2,136.98,24576,64
2,147.254,24576,64
2,147.3,24576,64
2,261.903,24576,64
2,65.016,24576,64
2,261.886,24576,64
2,268.751,24576,64
2,268.751,24576,64
5,29.065,8192,8192
5,22.401,8192,8192
2,65.014,24576,64
2,45.428,24576,64
2,66.936,24576,64
5,17.875,4096,4096
2,66.92,24576,64
2,206.935,24576,64
2,99.907,24576,64
5,17.937,4096,4096
2,48.059,24576,64
2,48.059,24576,64
2,91.183,24576,64
2,91.183,24576,64
2,64.953,24576,64
2,66.875,24576,64
2,41.497,24576,64
2,294.977,24576,64
2,41.481,24576,64
2,66.188,24576,64
2,66.813,24576,64
2,45.352,24576,64
5,17.799,4096,4096
5,22.309,8192,8192
2,294.945,24576,64
2,66.173,24576,64
2,206.842,24576,64
2,99.829,24576,64
5,17.859,4096,4096
5,28.973,8192,8192
2,64.844,24576,64
2,247.252,24576,64
2,247.238,24576,64
2,169.497,24576,64
2,169.497,24576,64
2,81.671,24576,64
2,81.671,24576,64
2,203.484,24576,64
2,196.06,24576,64
5,29.656,8192,8192
5,29.668,8192,8192
2,203.468,24576,64
2,196.075,24576,64
2,165.359,24576,64
2,165.359,24576,64
5,28.375,8192,8192
5,28.375,8192,8192
2,180.363,24576,64
2,46.019,24576,64
2,200.86,24576,64
2,180.335,24576,64
2,46.005,24576,64
2,200.846,24576,64
2,72.519,24576,64
2,72.519,24576,64
2,230.418,24576,64
2,230.386,24576,64
2,137.717,24576,64
2,293.375,24576,64
2,114.166,24576,64
2,91.647,24576,64
2,293.36,24576,64
2,114.132,24576,64
2,137.701,24576,64
2,91.627,24576,64
2,93.206,24576,64
2,116.273,24576,64
2,93.19,24576,64
2,116.257,24576,64
2,42.472,24576,64
2,42.472,24576,64
2,87.367,24576,64
2,87.367,24576,64
2,281.914,24576,64
2,281.914,24576,64
2,115.241,24576,64
2,115.241,24576,64
2,251.161,24576,64
2,251.161,24576,64
2,87.07,24576,64
2,87.07,24576,64
2,45.429,24576,64
2,45.429,24576,64
2,41.278,24576,64
2,41.278,24576,64
2,196.786,24576,64
2,196.864,24576,64
2,271.632,24576,64
2,271.632,24576,64
2,299.071,24576,64
2,299.071,24576,64
2,120.604,24576,64
2,120.604,24576,64
2,74.314,24576,64
2,237.461,24576,64
2,74.298,24576,64
2,237.476,24576,64
2,297.091,24576,64
2,297.091,24576,64
2,76.221,24576,64
2,76.221,24576,64
2,83.905,24576,64
2,83.984,24576,64
2,199.423,24576,64
2,199.436,24576,64
2,46.034,24576,64
2,46.009,24576,64
2,285.31,24576,64
2,285.297,24576,64
2,185.34,24576,64
2,185.34,24576,64
2,194.716,24576,64
2,194.701,24576,64
2,56.86,24576,64
2,56.86,24576,64
2,100.366,24576,64
2,100.366,24576,64
2,173.398,24576,64
2,173.382,24576,64
2,151.779,24576,64
2,151.81,24576,64
2,40.923,24576,64
2,40.923,24576,64
2,287.352,24576,64
2,287.352,24576,64
2,205.869,24576,64
2,205.854,24576,64
2,162.898,24576,64
2,162.898,24576,64
2,86.599,24576,64
2,86.599,24576,64
5,26.752,8192,8192
5,26.72,8192,8192
2,249.864,24576,64
2,257.08,24576,64
2,89.891,24576,64
2,89.891,24576,64
2,83.784,24576,64
2,83.784,24576,64
2,249.85,24576,64
2,257.066,24576,64
1,0.328,1024,64
2,64.954,24576,64
1,0.311,1024,64
2,236.152,24576,64
2,236.152,24576,64
2,64.937,24576,64
2,194.611,24576,64
2,229.541,24576,64
2,68.563,24576,64
2,151.438,24576,64
2,229.4,24576,64
2,194.559,24576,64
2,68.547,24576,64
2,151.403,24576,64
2,88.487,24576,64
2,88.487,24576,64
2,35.028,24576,64
2,108.274,24576,64
2,108.259,24576,64
2,35.012,24576,64
2,284.947,24576,64
2,85.838,24576,64
2,85.838,24576,64
2,267.02,24576,64
2,267.02,24576,64
2,284.935,24576,64
2,256.816,24576,64
2,256.816,24576,64
2,180.871,24576,64
2,180.839,24576,64
2,196.019,24576,64
2,196.019,24576,64
2,285.929,24576,64
2,285.947,24576,64
2,90.096,24576,64
2,90.079,24576,64
2,103.255,24576,64
2,103.241,24576,64
2,193.964,24576,64
2,193.964,24576,64
2,291.655,24576,64
2,291.655,24576,64
2,137.402,24576,64
2,137.402,24576,64
2,146.676,24576,64
2,146.688,24576,64
2,43.881,24576,64
2,43.881,24576,64
2,98.663,24576,64
2,98.644,24576,64
2,280.731,24576,64
2,280.731,24576,64
2,160.474,24576,64
2,160.442,24576,64
2,76.213,24576,64
2,76.213,24576,64
2,98.822,24576,64
2,98.822,24576,64
2,84.474,24576,64
2,84.458,24576,64
1,0.015,1024,64
2,225.86,24576,64
2,225.86,24576,64
2,235.572,24576,64
2,255.674,24576,64
2,255.705,24576,64
2,235.558,24576,64
2,207.882,24576,64
2,207.867,24576,64
2,194.723,24576,64
2,194.707,24576,64
5,20.389,4096,4096
2,47.706,24576,64
2,47.706,24576,64
5,20.377,4096,4096
2,286.272,24576,64
2,286.272,24576,64
2,239.617,24576,64
2,239.617,24576,64
2,253.209,24576,64
2,253.283,24576,64
2,189.965,24576,64
2,189.949,24576,64
2,196.329,24576,64
2,228.425,24576,64
2,228.44,24576,64
2,196.297,24576,64
2,211.566,24576,64
2,211.584,24576,64
2,203.901,24576,64
2,203.916,24576,64
2,156.845,24576,64
2,84.194,24576,64
2,84.211,24576,64
2,156.829,24576,64
2,173.52,24576,64
2,285.962,24576,64
2,98.85,24576,64
2,285.946,24576,64
2,173.501,24576,64
2,98.831,24576,64
2,98.309,24576,64
2,98.324,24576,64
2,228.962,24576,64
2,176.752,24576,64
2,176.752,24576,64
2,228.949,24576,64
2,262.12,24576,64
2,77.326,24576,64
2,77.326,24576,64
2,262.057,24576,64
2,221.248,24576,64
2,221.248,24576,64
2,249.149,24576,64
2,112.573,24576,64
2,269.052,24576,64
2,269.052,24576,64
2,104.057,24576,64
2,104.057,24576,64
2,249.112,24576,64
2,112.554,24576,64
2,257.837,24576,64
2,257.809,24576,64
2,234.933,24576,64
2,234.933,24576,64
2,161.625,24576,64
2,161.625,24576,64
2,123.982,24576,64
2,123.996,24576,64
2,108.88,24576,64
2,108.88,24576,64
2,118.149,24576,64
2,118.133,24576,64
2,196.534,24576,64
2,196.534,24576,64
2,159.811,24576,64
2,159.796,24576,64
2,203.615,24576,64
2,203.582,24576,64
2,250.461,24576,64
2,250.492,24576,64
2,177.148,24576,64
2,177.148,24576,64
2,246.125,24576,64
2,246.125,24576,64
2,75.681,24576,64
2,75.681,24576,64
2,92.603,24576,64
2,92.603,24576,64
2,191.747,24576,64
2,191.747,24576,64
2,208.681,24576,64
2,208.681,24576,64
2,227.385,24576,64
2,227.385,24576,64
2,109.07,24576,64
2,109.085,24576,64
2,154.082,24576,64
2,154.082,24576,64
2,236.849,24576,64
2,236.849,24576,64
2,256.637,24576,64
2,256.637,24576,64
2,51.818,24576,64
2,51.802,24576,64
2,141.499,24576,64
2,141.482,24576,64
2,180.355,24576,64
2,180.355,24576,64
2,168.101,24576,64
2,168.067,24576,64
2,225.563,24576,64
2,225.563,24576,64
2,258.241,24576,64
2,258.228,24576,64
2,278.928,24576,64
2,278.914,24576,64
2,40.866,24576,64
2,40.866,24576,64
1,0.046,1024,64
1,0.046,1024,64
3,11.748,4096,4096
3,11.625,4096,4096
2,48.22,24576,64
2,48.22,24576,64
2,110.119,24576,64
2,110.103,24576,64
2,282.588,24576,64
2,282.588,24576,64
2,110.273,24576,64
2,110.273,24576,64
2,245.956,24576,64
2,245.956,24576,64
2,214.057,24576,64
2,214.044,24576,64
2,230.154,24576,64
2,230.154,24576,64
2,155.519,24576,64
2,155.519,24576,64
2,115.321,24576,64
2,115.321,24576,64
5,26.864,8192,8192
5,26.837,8192,8192
2,117.022,24576,64
2,117.006,24576,64
2,60.748,24576,64
5,18.673,4096,4096
2,62.604,24576,64
2,38.323,24576,64
3,12.049,4096,4096
2,82.875,24576,64
3,13.891,4096,4096
3,13.876,4096,4096
5,16.663,4096,4096
2,38.257,24576,64
5,16.632,4096,4096
2,60.666,24576,64
2,72.89,24576,64
2,72.89,24576,64
2,62.508,24576,64
5,18.58,4096,4096
3,11.914,4096,4096
2,38.573,24576,64
2,38.573,24576,64
2,82.799,24576,64
2,176.694,24576,64
2,176.694,24576,64
2,161.6,24576,64
2,161.615,24576,64
2,145.407,24576,64
2,145.407,24576,64
3,9.591,4096,4096
3,9.576,4096,4096
2,59.337,24576,64
2,59.263,24576,64
2,233.525,24576,64
2,233.525,24576,64
3,9.803,4096,4096
3,9.803,4096,4096
2,112.041,24576,64
2,112.041,24576,64
2,35.524,24576,64
2,35.511,24576,64
5,29.698,8192,8192
5,29.666,8192,8192
1,0.015,1024,64
5,19.035,4096,4096
5,19.022,4096,4096
2,233.117,24576,64
2,233.117,24576,64
2,271.392,24576,64
2,271.392,24576,64
2,159.663,24576,64
2,159.663,24576,64
2,209.034,24576,64
2,209.034,24576,64
2,181.189,24576,64
2,181.189,24576,64
5,16.559,4096,4096
5,16.559,4096,4096
1,1.739,2048,64
1,1.739,2048,64
2,66.287,24576,64
2,66.287,24576,64
2,279.24,24576,64
2,279.227,24576,64
2,153.746,24576,64
2,153.746,24576,64
2,65.002,24576,64
2,65.002,24576,64
3,6.687,2048,2048
3,6.687,2048,2048
2,139.053,24576,64
2,139.022,24576,64
2,213.69,24576,64
2,213.69,24576,64
2,54.655,24576,64
2,54.655,24576,64
2,120.877,24576,64
2,120.877,24576,64
2,63.646,24576,64
2,63.646,24576,64
2,90.434,24576,64
2,90.43,24576,64
2,76.345,24576,64
2,76.314,24576,64
2,274.691,24576,64
2,274.691,24576,64
2,119.855,24576,64
2,178.388,24576,64
2,178.388,24576,64
2,119.667,24576,64
2,166.035,24576,64
2,166.05,24576,64
2,227.859,24576,64
2,227.859,24576,64
2,54.708,24576,64
2,54.708,24576,64
2,166.787,24576,64
2,166.787,24576,64
2,61.466,24576,64
2,61.466,24576,64
2,75.888,24576,64
2,75.872,24576,64
2,71.882,24576,64
2,71.882,24576,64
2,127.074,24576,64
2,127.055,24576,64
2,230.617,24576,64
2,230.617,24576,64
2,70.0,24576,64
2,70.0,24576,64
2,123.597,24576,64
2,123.597,24576,64
2,227.251,24576,64
2,227.251,24576,64
2,61.984,24576,64
2,61.984,24576,64
2,43.792,24576,64
2,281.454,24576,64
2,281.454,24576,64
1,1.048,2048,64
1,1.048,2048,64
2,43.656,24576,64
2,166.029,24576,64
2,166.047,24576,64
2,115.44,24576,64
2,136.226,24576,64
2,136.226,24576,64
2,115.409,24576,64
2,220.612,24576,64
2,220.612,24576,64
2,73.148,24576,64
2,73.132,24576,64
2,67.682,24576,64
2,67.697,24576,64
2,83.252,24576,64
2,83.252,24576,64
2,61.391,24576,64
2,61.391,24576,64
2,174.452,24576,64
2,174.437,24576,64
2,143.239,24576,64
2,143.251,24576,64
2,64.77,24576,64
2,64.753,24576,64
2,95.045,24576,64
2,95.016,24576,64
2,151.092,24576,64
2,151.092,24576,64
2,151.005,24576,64
2,151.005,24576,64
2,226.567,24576,64
2,226.615,24576,64
2,113.634,24576,64
2,113.634,24576,64
2,144.008,24576,64
2,144.008,24576,64
2,57.111,24576,64
2,57.111,24576,64
2,62.619,24576,64
2,62.635,24576,64
2,68.142,24576,64
2,68.126,24576,64
2,111.79,24576,64
2,111.79,24576,64
2,125.717,24576,64
2,125.717,24576,64
2,212.402,24576,64
2,212.385,24576,64
2,121.971,24576,64
2,121.971,24576,64
2,65.601,24576,64
2,65.614,24576,64
2,106.608,24576,64
2,106.608,24576,64
2,122.959,24576,64
2,122.959,24576,64
2,136.523,24576,64
2,136.554,24576,64
2,111.493,24576,64
2,111.493,24576,64
2,48.565,24576,64
2,48.565,24576,64
2,43.665,24576,64
2,43.665,24576,64
2,74.862,24576,64
2,74.846,24576,64
2,62.283,24576,64
2,62.283,24576,64
2,200.508,24576,64
2,200.508,24576,64
2,199.745,24576,64
2,199.745,24576,64
3,4.376,2048,2048
3,4.376,2048,2048
2,43.504,24576,64
2,43.504,24576,64
2,121.143,24576,64
2,121.143,24576,64
2,148.621,24576,64
2,148.621,24576,64
2,62.415,24576,64
2,62.415,24576,64
2,42.281,24576,64
2,42.281,24576,64
2,125.201,24576,64
2,125.187,24576,64
2,73.904,24576,64
2,73.919,24576,64
2,186.076,24576,64
2,186.076,24576,64
2,66.874,24576,64
2,66.827,24576,64
2,69.912,24576,64
2,69.912,24576,64
2,201.878,24576,64
2,201.878,24576,64
2,253.064,24576,64
2,253.081,24576,64
2,66.7,24576,64
2,66.669,24576,64
2,153.779,24576,64
2,153.779,24576,64
2,66.639,24576,64
2,66.622,24576,64
2,109.497,24576,64
2,109.497,24576,64
2,109.038,24576,64
2,109.038,24576,64
2,229.292,24576,64
2,229.275,24576,64
2,137.44,24576,64
2,137.44,24576,64
3,5.375,2048,2048
2,129.182,24576,64
2,129.167,24576,64
2,137.299,24576,64
2,137.299,24576,64
2,217.983,24576,64
2,218.046,24576,64
5,28.287,8192,8192
5,28.287,8192,8192
2,71.939,24576,64
2,71.908,24576,64
5,24.718,8192,8192
5,24.702,8192,8192
2,92.348,24576,64
2,92.364,24576,64
2,59.722,24576,64
2,59.735,24576,64
2,95.11,24576,64
2,95.11,24576,64
2,182.662,24576,64
2,182.662,24576,64
2,198.45,24576,64
2,198.418,24576,64
2,40.817,24576,64
2,40.817,24576,64
2,95.947,24576,64
2,95.931,24576,64
2,109.375,24576,64
2,109.375,24576,64
2,71.721,24576,64
2,71.69,24576,64
2,69.983,24576,64
2,69.971,24576,64
2,46.91,24576,64
2,46.894,24576,64
2,122.009,24576,64
2,122.009,24576,64
2,62.246,24576,64
2,94.966,24576,64
2,94.95,24576,64
2,62.262,24576,64
2,95.839,24576,64
2,95.839,24576,64
2,191.929,24576,64
2,191.944,24576,64
2,55.992,24576,64
2,55.992,24576,64
2,122.026,24576,64
2,122.01,24576,64
3,3.481,2048,2048
3,3.481,2048,2048
2,70.368,24576,64
2,70.368,24576,64
2,108.213,24576,64
2,108.213,24576,64
5,27.702,8192,8192
5,27.702,8192,8192
2,62.011,24576,64
2,62.011,24576,64
2,50.658,24576,64
2,50.658,24576,64
2,51.685,24576,64
2,51.701,24576,64
2,100.196,24576,64
2,100.196,24576,64
2,183.514,24576,64
2,183.514,24576,64
2,198.667,24576,64
2,198.667,24576,64
2,71.638,24576,64
2,71.622,24576,64
2,95.813,24576,64
2,95.813,24576,64
2,62.081,24576,64
2,62.081,24576,64
2,72.591,24576,64
2,72.591,24576,64
2,76.239,24576,64
2,76.222,24576,64
2,68.966,24576,64
2,68.95,24576,64
2,72.937,24576,64
2,72.937,24576,64
2,101.539,24576,64
2,101.523,24576,64
2,68.166,24576,64
2,68.166,24576,64
2,136.561,24576,64
2,136.561,24576,64
2,132.025,24576,64
2,132.025,24576,64
2,198.673,24576,64
2,198.673,24576,64
2,118.381,24576,64
2,118.381,24576,64
2,53.049,24576,64
2,53.065,24576,64
2,54.287,24576,64
2,54.301,24576,64
5,28.621,8192,8192
5,28.621,8192,8192
2,65.116,24576,64
2,65.132,24576,64
2,49.361,24576,64
2,49.392,24576,64
2,110.892,24576,64
2,110.892,24576,64
2,128.391,24576,64
2,128.391,24576,64
2,62.939,24576,64
2,62.97,24576,64
2,69.859,24576,64
2,69.859,24576,64
2,129.789,24576,64
2,129.806,24576,64
2,45.017,24576,64
2,45.017,24576,64
2,278.062,24576,64
2,278.055,24576,64
2,119.902,24576,64
2,119.902,24576,64
2,53.773,24576,64
2,53.786,24576,64
2,92.065,24576,64
2,92.05,24576,64
2,179.235,24576,64
2,179.235,24576,64
2,67.475,24576,64
2,67.475,24576,64
2,49.517,24576,64
2,179.843,24576,64
2,179.825,24576,64
2,163.047,24576,64
2,163.047,24576,64
2,90.554,24576,64
2,90.554,24576,64
2,226.806,24576,64
2,226.806,24576,64
2,123.727,24576,64
2,123.727,24576,64
2,89.597,24576,64
2,89.597,24576,64
2,215.473,24576,64
2,215.473,24576,64
5,29.305,8192,8192
5,29.319,8192,8192
2,93.207,24576,64
2,93.191,24576,64
2,136.775,24576,64
2,136.775,24576,64
2,75.872,24576,64
2,75.889,24576,64
2,181.173,24576,64
2,181.173,24576,64
2,51.145,24576,64
2,51.145,24576,64
2,169.675,24576,64
2,169.659,24576,64
2,55.336,24576,64
2,248.997,24576,64
2,248.967,24576,64
2,55.226,24576,64
2,175.199,24576,64
2,175.169,24576,64
2,147.167,24576,64
2,147.148,24576,64
2,39.917,24576,64
2,39.917,24576,64
2,159.052,24576,64
2,159.005,24576,64
2,66.472,24576,64
2,66.472,24576,64
2,215.079,24576,64
2,215.066,24576,64
2,163.495,24576,64
2,163.495,24576,64
2,202.09,24576,64
2,202.09,24576,64
2,135.034,24576,64
2,135.019,24576,64
2,104.262,24576,64
2,104.262,24576,64
2,147.181,24576,64
2,147.2,24576,64
2,173.453,24576,64
2,173.453,24576,64
2,148.111,24576,64
2,148.142,24576,64
2,135.014,24576,64
2,135.014,24576,64
2,179.488,24576,64
2,179.472,24576,64
1,1.675,2048,64
1,1.659,2048,64
2,61.087,24576,64
2,61.103,24576,64
2,49.947,24576,64
2,49.947,24576,64
2,244.146,24576,64
2,244.174,24576,64
3,5.881,2048,2048
3,5.865,2048,2048
2,194.854,24576,64
2,194.854,24576,64
2,131.299,24576,64
2,131.299,24576,64
2,82.929,24576,64
2,82.929,24576,64
2,162.794,24576,64
2,162.764,24576,64
2,209.037,24576,64
2,209.037,24576,64
2,271.24,24576,64
2,271.24,24576,64
2,90.526,24576,64
2,90.526,24576,64
2,155.789,24576,64
2,155.789,24576,64
2,257.093,24576,64
2,257.077,24576,64
2,191.167,24576,64
2,191.151,24576,64
2,211.307,24576,64
2,211.307,24576,64
2,199.315,24576,64
2,199.315,24576,64
2,159.908,24576,64
2,159.908,24576,64
2,172.389,24576,64
2,172.389,24576,64
1,0.161,1024,64
2,217.884,24576,64
2,217.884,24576,64
2,239.056,24576,64
2,239.056,24576,64
2,88.846,24576,64
2,88.846,24576,64
1,1.011,2048,64
1,1.011,2048,64
2,44.766,24576,64
2,44.766,24576,64
2,242.859,24576,64
2,242.859,24576,64
2,40.217,24576,64
2,40.217,24576,64
2,175.417,24576,64
2,175.401,24576,64
2,64.677,24576,64
2,64.677,24576,64
2,282.525,24576,64
2,282.509,24576,64
3,8.047,4096,4096
3,8.047,4096,4096
2,38.367,24576,64
2,38.367,24576,64
2,126.843,24576,64
2,126.86,24576,64
1,1.552,2048,64
1,1.536,2048,64
2,118.289,24576,64
2,118.289,24576,64
1,0.171,1024,64
3,4.972,2048,2048
1,0.377,1024,64
2,76.433,24576,64
2,76.448,24576,64
2,172.899,24576,64
2,172.882,24576,64
2,245.424,24576,64
2,245.424,24576,64
2,211.366,24576,64
2,211.351,24576,64
2,259.029,24576,64
2,259.029,24576,64
2,53.38,24576,64
3,12.172,4096,4096
2,53.33,24576,64
3,11.981,4096,4096
1,1.353,2048,64
1,1.384,2048,64
5,16.454,4096,4096
5,16.454,4096,4096
3,15.613,4096,4096
3,15.613,4096,4096
2,215.264,24576,64
2,215.298,24576,64
2,44.752,24576,64
2,44.752,24576,64
2,232.596,24576,64
2,232.596,24576,64
2,47.334,24576,64
2,47.317,24576,64
1,1.2,2048,64
1,1.187,2048,64
5,24.615,8192,8192
5,24.628,8192,8192
2,51.365,24576,64
2,51.349,24576,64
5,17.103,4096,4096
3,11.644,4096,4096
2,51.051,24576,64
5,17.072,4096,4096
3,11.615,4096,4096
2,51.02,24576,64
2,88.142,24576,64
2,88.142,24576,64
2,177.204,24576,64
2,177.204,24576,64
2,191.701,24576,64
2,191.701,24576,64
2,47.376,24576,64
2,47.376,24576,64
2,54.423,24576,64
2,54.423,24576,64
2,104.341,24576,64
2,104.325,24576,64
2,123.016,24576,64
2,123.016,24576,64
2,187.473,24576,64
2,187.504,24576,64
2,97.803,24576,64
2,97.803,24576,64
2,225.51,24576,64
2,225.51,24576,64
2,145.76,24576,64
2,145.744,24576,64
2,244.857,24576,64
2,244.857,24576,64
2,250.588,24576,64
2,250.588,24576,64
3,9.564,4096,4096
3,9.564,4096,4096
2,42.406,24576,64
2,42.406,24576,64
2,210.725,24576,64
2,210.725,24576,64
2,168.619,24576,64
2,168.634,24576,64
2,72.987,24576,64
2,72.968,24576,64
3,12.892,4096,4096
5,22.551,8192,8192
3,14.223,4096,4096
2,33.545,24576,64
5,25.367,8192,8192
5,18.257,4096,4096
5,25.351,8192,8192
5,25.351,8192,8192
2,230.845,24576,64
2,230.784,24576,64
5,25.302,8192,8192
5,22.501,8192,8192
3,12.766,4096,4096
5,25.305,8192,8192
5,25.305,8192,8192
5,18.191,4096,4096
3,14.16,4096,4096
2,33.485,24576,64
5,25.82,8192,8192
5,25.82,8192,8192
5,26.899,8192,8192
5,26.884,8192,8192
2,198.24,24576,64
2,198.24,24576,64
3,12.004,4096,4096
3,11.986,4096,4096
5,27.158,8192,8192
5,27.158,8192,8192
2,47.788,24576,64
2,47.773,24576,64
2,65.05,24576,64
2,65.05,24576,64
5,27.634,8192,8192
5,27.652,8192,8192
2,76.336,24576,64
2,76.348,24576,64
2,56.135,24576,64
2,56.135,24576,64
2,64.051,24576,64
2,64.066,24576,64
2,183.214,24576,64
2,183.214,24576,64
2,55.369,24576,64
2,131.246,24576,64
2,55.384,24576,64
2,131.228,24576,64
2,152.236,24576,64
2,152.236,24576,64
2,58.987,24576,64
2,58.987,24576,64
2,62.425,24576,64
2,62.443,24576,64
2,84.928,24576,64
2,84.913,24576,64
5,23.869,8192,8192
5,23.869,8192,8192
2,64.314,24576,64
2,64.314,24576,64
2,224.065,24576,64
2,54.35,24576,64
2,54.35,24576,64
2,224.051,24576,64
2,132.313,24576,64
2,132.329,24576,64
2,49.915,24576,64
2,49.931,24576,64
5,22.844,8192,8192
5,22.844,8192,8192
2,104.317,24576,64
2,260.571,24576,64
2,260.541,24576,64
2,104.172,24576,64
2,219.204,24576,64
2,219.204,24576,64
2,96.898,24576,64
2,96.88,24576,64
2,41.017,24576,64
2,41.017,24576,64
2,39.798,24576,64
2,39.816,24576,64
3,5.508,2048,2048
2,65.159,24576,64
2,65.159,24576,64
2,96.097,24576,64
2,96.128,24576,64
5,25.675,8192,8192
5,25.675,8192,8192
2,45.676,24576,64
2,45.659,24576,64
3,3.073,2048,2048
3,3.073,2048,2048
2,66.018,24576,64
2,66.018,24576,64
2,75.393,24576,64
2,75.393,24576,64
2,87.8,24576,64
2,87.814,24576,64
2,112.072,24576,64
2,112.056,24576,64
5,21.88,8192,8192
5,21.899,8192,8192
2,83.968,24576,64
2,83.983,24576,64
2,261.396,24576,64
2,261.381,24576,64
2,191.538,24576,64
2,191.567,24576,64
2,53.336,24576,64
2,53.336,24576,64
2,66.473,24576,64
2,66.485,24576,64
2,45.333,24576,64
2,45.333,24576,64
2,112.37,24576,64
2,37.407,24576,64
2,37.407,24576,64
2,68.409,24576,64
2,68.39,24576,64
2,112.288,24576,64
3,3.953,2048,2048
3,3.941,2048,2048
3,7.599,2048,2048
3,7.563,2048,2048
2,46.921,24576,64
2,46.907,24576,64
2,114.54,24576,64
2,114.493,24576,64
2,74.436,24576,64
2,74.436,24576,64
2,109.782,24576,64
2,109.767,24576,64
3,4.048,2048,2048
3,4.033,2048,2048
2,39.951,24576,64
2,39.951,24576,64
2,217.766,24576,64
2,217.75,24576,64
2,66.445,24576,64
2,66.426,24576,64
2,123.566,24576,64
2,123.566,24576,64
2,113.885,24576,64
2,113.885,24576,64
5,27.882,8192,8192
5,27.882,8192,8192
2,69.532,24576,64
2,69.532,24576,64
5,21.503,8192,8192
5,21.503,8192,8192
2,103.925,24576,64
2,103.94,24576,64
2,51.089,24576,64
2,51.089,24576,64
2,94.789,24576,64
2,94.789,24576,64
2,222.661,24576,64
2,222.661,24576,64
2,208.359,24576,64
2,208.372,24576,64
2,125.95,24576,64
2,125.931,24576,64
2,58.879,24576,64
2,58.879,24576,64
2,148.895,24576,64
2,148.85,24576,64
2,64.318,24576,64
2,148.832,24576,64
2,64.289,24576,64
2,148.817,24576,64
2,62.979,24576,64
2,62.979,24576,64
2,70.068,24576,64
2,70.068,24576,64
2,80.394,24576,64
2,80.394,24576,64
2,73.475,24576,64
2,148.223,24576,64
2,73.459,24576,64
2,129.967,24576,64
2,50.008,24576,64
2,50.008,24576,64
2,148.188,24576,64
2,129.934,24576,64
2,99.711,24576,64
5,22.964,8192,8192
5,22.964,8192,8192
2,108.857,24576,64
2,108.857,24576,64
2,99.727,24576,64
2,220.191,24576,64
2,220.209,24576,64
3,9.354,4096,4096
3,9.479,4096,4096
2,199.09,24576,64
2,199.09,24576,64
5,25.026,8192,8192
5,25.026,8192,8192
2,236.21,24576,64
2,236.21,24576,64
2,71.803,24576,64
2,71.803,24576,64
2,252.86,24576,64
2,252.842,24576,64
2,66.835,24576,64
2,66.835,24576,64
2,129.644,24576,64
2,129.644,24576,64
2,33.876,24576,64
2,107.462,24576,64
2,107.445,24576,64
2,33.86,24576,64
2,198.174,24576,64
2,198.174,24576,64
2,166.832,24576,64
2,166.832,24576,64
1,1.076,2048,64
1,1.076,2048,64
2,230.364,24576,64
5,28.41,8192,8192
5,28.41,8192,8192
2,230.379,24576,64
1,0.016,1024,64
1,0.016,1024,64
2,135.298,24576,64
2,135.298,24576,64
1,0.724,1024,64
1,0.724,1024,64
2,81.904,24576,64
2,81.951,24576,64
2,252.928,24576,64
2,252.912,24576,64
2,96.523,24576,64
2,96.523,24576,64
1,0.749,1024,64
1,0.749,1024,64
5,16.655,4096,4096
2,31.33,24576,64
5,16.639,4096,4096
3,15.717,4096,4096
3,15.873,4096,4096
3,15.076,4096,4096
3,13.739,4096,4096
3,15.655,4096,4096
3,15.014,4096,4096
5,16.592,4096,4096
3,13.614,4096,4096
1,1.005,2048,64
1,0.99,2048,64
3,15.78,4096,4096
5,16.561,4096,4096
2,31.205,24576,64
5,20.919,8192,8192
5,20.919,8192,8192
2,191.063,24576,64
2,191.032,24576,64
3,2.279,2048,2048
3,2.279,2048,2048
2,59.092,24576,64
2,59.092,24576,64
2,113.314,24576,64
2,113.314,24576,64
2,55.061,24576,64
2,55.061,24576,64
2,208.738,24576,64
2,208.722,24576,64
2,154.093,24576,64
2,154.093,24576,64
5,17.665,4096,4096
5,17.649,4096,4096
2,54.483,24576,64
2,54.733,24576,64
2,168.239,24576,64
2,168.239,24576,64
2,85.126,24576,64
2,85.11,24576,64
2,103.053,24576,64
2,103.053,24576,64
2,185.177,24576,64
2,185.161,24576,64
2,53.608,24576,64
2,53.623,24576,64
2,58.108,24576,64
2,58.09,24576,64
3,11.379,4096,4096
3,11.379,4096,4096
3,11.927,4096,4096
3,11.941,4096,4096
3,13.442,4096,4096
3,13.426,4096,4096
3,13.243,4096,4096
3,13.243,4096,4096
2,207.457,24576,64
2,207.441,24576,64
2,50.809,24576,64
2,50.809,24576,64
3,8.891,4096,4096
3,8.891,4096,4096
2,77.075,24576,64
2,77.075,24576,64
3,3.482,2048,2048
3,3.482,2048,2048
2,82.595,24576,64
2,82.704,24576,64
2,44.324,24576,64
2,44.324,24576,64
3,2.6,2048,2048
3,2.615,2048,2048
2,58.145,24576,64
2,58.145,24576,64
3,6.75,2048,2048
3,6.75,2048,2048
2,137.54,24576,64
2,137.54,24576,64
2,173.799,24576,64
2,173.799,24576,64
2,56.014,24576,64
2,55.983,24576,64
2,56.827,24576,64
2,56.811,24576,64
3,7.22,2048,2048
3,7.22,2048,2048
3,15.65,4096,4096
3,15.65,4096,4096
3,9.223,4096,4096
3,9.223,4096,4096
1,0.016,1024,64
1,0.016,1024,64
2,42.512,24576,64
2,42.527,24576,64
2,253.413,24576,64
2,253.428,24576,64
2,61.555,24576,64
2,61.555,24576,64
2,54.373,24576,64
2,54.373,24576,64
2,41.542,24576,64
2,41.542,24576,64
3,15.387,4096,4096
3,15.387,4096,4096
3,8.254,4096,4096
3,8.269,4096,4096
3,2.971,2048,2048
3,2.971,2048,2048
1,0.187,1024,64
3,3.16,2048,2048
3,3.177,2048,2048
2,36.355,24576,64
2,36.355,24576,64
2,97.947,24576,64
2,97.947,24576,64
1,0.613,1024,64
1,0.631,1024,64
1,0.031,1024,64
1,0.018,1024,64
1,0.778,1024,64
1,0.765,1024,64
1,1.062,2048,64
1,1.046,2048,64
2,79.474,24576,64
2,79.456,24576,64
2,204.746,24576,64
2,204.73,24576,64
3,14.887,4096,4096
3,14.871,4096,4096
2,39.944,24576,64
2,39.959,24576,64
3,14.624,4096,4096
3,14.624,4096,4096
3,3.673,2048,2048
3,3.673,2048,2048
2,149.28,24576,64
2,149.28,24576,64
2,41.963,24576,64
2,41.944,24576,64
2,44.963,24576,64
2,44.963,24576,64
1,0.687,1024,64
1,0.687,1024,64
3,14.858,4096,4096
3,14.843,4096,4096
1,0.343,1024,64
1,0.328,1024,64
2,182.882,24576,64
2,182.882,24576,64
2,249.768,24576,64
2,249.768,24576,64
1,0.499,1024,64
1,0.484,1024,64
1,0.296,1024,64
1,0.296,1024,64
2,43.51,24576,64
2,43.494,24576,64
1,0.718,1024,64
1,0.718,1024,64
2,39.072,24576,64
2,39.072,24576,64
5,22.614,8192,8192
5,22.647,8192,8192
1,0.765,1024,64
1,0.75,1024,64
2,32.77,24576,64
2,32.739,24576,64
2,59.058,24576,64
2,59.058,24576,64
1,0.989,2048,64
1,0.989,2048,64
2,189.73,24576,64
2,189.715,24576,64
3,15.456,4096,4096
3,15.456,4096,4096
2,70.035,24576,64
2,70.035,24576,64
2,198.872,24576,64
2,198.856,24576,64
2,36.757,24576,64
2,36.757,24576,64
3,3.92,2048,2048
3,3.92,2048,2048
2,44.039,24576,64
2,44.039,24576,64
2,73.931,24576,64
2,73.931,24576,64
1,1.218,2048,64
1,1.218,2048,64
3,13.201,4096,4096
3,13.201,4096,4096
1,0.531,1024,64
1,0.531,1024,64
2,199.757,24576,64
2,199.757,24576,64
1,0.015,1024,64
3,7.194,2048,2048
3,7.194,2048,2048
3,7.74,2048,2048
3,7.74,2048,2048
2,152.979,24576,64
2,152.995,24576,64
2,43.676,24576,64
2,43.676,24576,64
3,11.295,4096,4096
3,11.279,4096,4096
2,162.538,24576,64
2,162.522,24576,64
2,120.155,24576,64
2,120.155,24576,64
2,70.632,24576,64
2,70.632,24576,64
2,69.694,24576,64
2,69.662,24576,64
2,189.942,24576,64
2,189.942,24576,64
3,7.107,2048,2048
3,7.107,2048,2048
2,149.994,24576,64
2,149.978,24576,64
2,106.983,24576,64
2,106.983,24576,64
1,0.312,1024,64
1,0.312,1024,64
2,188.562,24576,64
2,188.55,24576,64
3,4.115,2048,2048
3,4.083,2048,2048
2,68.761,24576,64
2,68.761,24576,64
1,0.668,1024,64
1,0.683,1024,64
1,0.203,1024,64
1,0.187,1024,64
2,193.887,24576,64
2,193.887,24576,64
2,129.348,24576,64
2,129.363,24576,64
3,10.534,4096,4096
3,10.534,4096,4096
2,151.173,24576,64
2,151.173,24576,64
5,20.832,8192,8192
5,20.832,8192,8192
2,146.977,24576,64
2,146.945,24576,64
2,111.923,24576,64
2,111.923,24576,64
2,52.472,24576,64
2,52.472,24576,64
1,0.734,1024,64
1,0.734,1024,64
2,193.129,24576,64
2,193.129,24576,64
2,100.43,24576,64
2,100.414,24576,64
3,8.827,4096,4096
3,8.827,4096,4096
1,1.159,2048,64
1,1.159,2048,64
5,22.015,8192,8192
5,22.015,8192,8192
2,227.412,24576,64
2,227.397,24576,64
2,227.221,24576,64
2,227.221,24576,64
1,0.031,1024,64
1,0.031,1024,64
2,145.461,24576,64
2,145.461,24576,64
1,1.21,2048,64
1,1.21,2048,64
1,1.063,2048,64
1,1.063,2048,64
2,81.611,24576,64
2,81.611,24576,64
1,1.784,2048,64
1,1.784,2048,64
5,19.657,4096,4096
5,19.672,4096,4096
2,99.883,24576,64
2,99.869,24576,64
2,206.941,24576,64
2,206.941,24576,64
2,156.657,24576,64
2,156.657,24576,64
2,118.052,24576,64
2,118.209,24576,64
2,64.435,24576,64
2,64.45,24576,64
2,60.919,24576,64
2,60.919,24576,64
2,115.661,24576,64
2,115.661,24576,64
2,84.183,24576,64
2,84.183,24576,64
2,183.324,24576,64
2,183.324,24576,64
3,3.828,2048,2048
3,3.828,2048,2048
5,19.071,4096,4096
5,19.089,4096,4096
2,55.247,24576,64
2,55.231,24576,64
2,60.231,24576,64
2,60.231,24576,64
2,74.741,24576,64
2,180.342,24576,64
2,180.342,24576,64
2,240.477,24576,64
2,240.477,24576,64
2,74.726,24576,64
2,113.053,24576,64
2,113.053,24576,64
2,42.654,24576,64
2,42.624,24576,64
2,175.65,24576,64
2,175.667,24576,64
2,203.059,24576,64
2,174.119,24576,64
2,203.072,24576,64
2,129.993,24576,64
2,129.993,24576,64
2,174.093,24576,64
2,59.017,24576,64
2,59.001,24576,64
2,93.831,24576,64
2,109.922,24576,64
1,0.864,2048,64
2,93.817,24576,64
2,109.968,24576,64
3,4.518,2048,2048
2,123.593,24576,64
2,123.593,24576,64
2,74.25,24576,64
2,74.234,24576,64
2,137.925,24576,64
2,72.02,24576,64
2,72.02,24576,64
2,137.894,24576,64
2,31.088,24576,64
2,31.088,24576,64
2,173.935,24576,64
2,255.717,24576,64
2,244.044,24576,64
2,47.248,24576,64
2,173.904,24576,64
2,47.262,24576,64
2,255.702,24576,64
2,244.016,24576,64
2,62.607,24576,64
2,150.452,24576,64
2,263.912,24576,64
2,263.912,24576,64
2,62.587,24576,64
2,150.417,24576,64
2,130.014,24576,64
2,129.998,24576,64
2,36.135,24576,64
2,36.135,24576,64
2,113.069,24576,64
2,113.053,24576,64
2,49.533,24576,64
2,49.516,24576,64
5,27.045,8192,8192
5,27.045,8192,8192
2,154.45,24576,64
2,154.45,24576,64
2,79.778,24576,64
2,79.778,24576,64
2,192.892,24576,64
2,192.873,24576,64
5,28.796,8192,8192
5,28.796,8192,8192
2,148.108,24576,64
2,148.108,24576,64
2,99.699,24576,64
2,99.699,24576,64
2,195.313,24576,64
2,195.313,24576,64
2,57.657,24576,64
2,57.657,24576,64
2,61.438,24576,64
2,61.42,24576,64
3,15.5,4096,4096
3,15.5,4096,4096
2,46.43,24576,64
2,46.414,24576,64
2,142.641,24576,64
2,142.641,24576,64
2,116.007,24576,64
2,116.007,24576,64
2,52.696,24576,64
2,52.665,24576,64
2,105.475,24576,64
2,105.412,24576,64
5,26.201,8192,8192
5,26.201,8192,8192
2,98.865,24576,64
2,98.849,24576,64
2,64.126,24576,64
2,162.17,24576,64
2,162.17,24576,64
2,63.972,24576,64
2,57.376,24576,64
2,57.376,24576,64
2,97.724,24576,64
2,97.724,24576,64
2,48.824,24576,64
2,48.824,24576,64
2,64.029,24576,64
2,64.029,24576,64
1,0.018,1024,64
2,113.14,24576,64
2,113.14,24576,64
2,32.492,24576,64
2,32.507,24576,64
2,164.251,24576,64
2,164.235,24576,64
1,1.325,2048,64
1,1.34,2048,64
5,19.72,4096,4096
5,19.72,4096,4096
2,118.96,24576,64
2,118.96,24576,64
2,268.391,24576,64
2,268.409,24576,64
2,138.755,24576,64
2,138.739,24576,64
2,52.009,24576,64
2,51.993,24576,64
2,145.371,24576,64
2,145.371,24576,64
2,204.53,24576,64
2,204.53,24576,64
3,2.955,2048,2048
3,2.955,2048,2048
2,202.548,24576,64
2,244.387,24576,64
2,244.387,24576,64
2,202.423,24576,64
2,155.404,24576,64
2,155.388,24576,64
2,106.474,24576,64
2,106.474,24576,64
2,104.443,24576,64
2,104.443,24576,64
2,189.011,24576,64
2,189.011,24576,64
2,224.806,24576,64
2,224.806,24576,64
2,48.86,24576,64
2,48.86,24576,64
2,246.269,24576,64
2,246.269,24576,64
2,153.232,24576,64
2,153.247,24576,64
2,210.141,24576,64
2,210.11,24576,64
2,162.601,24576,64
2,162.585,24576,64
2,56.583,24576,64
2,56.583,24576,64
1,0.014,1024,64
5,24.982,8192,8192
5,24.951,8192,8192
2,196.578,24576,64
2,196.578,24576,64
2,144.498,24576,64
2,144.483,24576,64
1,0.012,1024,64
2,167.57,24576,64
2,167.601,24576,64
2,97.809,24576,64
2,56.407,24576,64
2,55.938,24576,64
2,139.689,24576,64
2,139.689,24576,64
2,209.862,24576,64
2,135.186,24576,64
2,209.831,24576,64
2,135.155,24576,64
2,56.361,24576,64
2,76.067,24576,64
2,55.907,24576,64
2,97.746,24576,64
5,28.296,8192,8192
2,138.848,24576,64
2,133.841,24576,64
2,105.999,24576,64
2,59.561,24576,64
2,128.062,24576,64
2,51.805,24576,64
2,106.413,24576,64
2,106.413,24576,64
2,133.795,24576,64
5,28.265,8192,8192
2,138.817,24576,64
2,138.395,24576,64
2,105.983,24576,64
2,127.124,24576,64
2,76.004,24576,64
2,59.53,24576,64
2,127.109,24576,64
2,138.364,24576,64
2,51.774,24576,64
2,127.968,24576,64
2,106.319,24576,64
2,106.319,24576,64
1,0.026,1024,64
2,99.139,24576,64
2,61.13,24576,64
2,99.123,24576,64
2,61.114,24576,64
5,29.765,8192,8192
2,174.034,24576,64
2,72.207,24576,64
2,175.207,24576,64
2,175.222,24576,64
5,29.734,8192,8192
2,174.003,24576,64
2,72.177,24576,64
2,61.678,24576,64
2,61.678,24576,64
2,172.151,24576,64
2,172.12,24576,64
2,112.187,24576,64
2,112.187,24576,64
2,214.053,24576,64
2,214.053,24576,64
2,294.155,24576,64
1,0.014,1024,64
2,294.136,24576,64
2,154.359,24576,64
2,49.446,24576,64
2,49.446,24576,64
2,154.343,24576,64
2,172.862,24576,64
2,162.36,24576,64
2,172.831,24576,64
2,162.344,24576,64
2,191.891,24576,64
2,191.891,24576,64
2,137.192,24576,64
2,137.192,24576,64
1,0.012,1024,64
2,191.513,24576,64
2,191.498,24576,64
1,0.018,1024,64
2,58.75,24576,64
2,58.75,24576,64
2,46.428,24576,64
2,46.412,24576,64
1,0.013,1024,64
2,86.849,24576,64
2,244.501,24576,64
2,244.47,24576,64
2,86.82,24576,64
5,25.0,8192,8192
5,25.017,8192,8192
2,201.147,24576,64
2,201.084,24576,64
1,0.017,1024,64
2,178.128,24576,64
5,17.805,4096,4096
5,17.789,4096,4096
2,178.096,24576,64
2,146.282,24576,64
2,146.263,24576,64
2,58.186,24576,64
2,58.172,24576,64
1,0.013,1024,64
2,71.687,24576,64
2,71.687,24576,64
3,14.198,4096,4096
3,14.198,4096,4096
2,259.801,24576,64
2,259.801,24576,64
2,122.016,24576,64
2,122.0,24576,64
1,0.013,1024,64
2,49.337,24576,64
2,49.337,24576,64
2,34.451,24576,64
2,34.451,24576,64
2,137.8,24576,64
2,137.8,24576,64
2,32.036,24576,64
2,32.02,24576,64
2,185.381,24576,64
2,185.367,24576,64
2,253.733,24576,64
2,253.733,24576,64
2,180.517,24576,64
2,180.517,24576,64
2,247.009,24576,64
1,0.013,1024,64
2,100.496,24576,64
2,246.978,24576,64
2,100.468,24576,64
2,288.747,24576,64
2,288.699,24576,64
2,51.759,24576,64
2,51.759,24576,64
2,31.315,24576,64
2,31.315,24576,64
2,124.843,24576,64
2,124.843,24576,64
3,4.223,2048,2048
3,4.205,2048,2048
1,0.013,1024,64
2,232.372,24576,64
2,232.372,24576,64
1,0.014,1024,64
2,241.347,24576,64
2,241.347,24576,64
2,234.893,24576,64
2,234.893,24576,64
1,0.021,1024,64
2,190.944,24576,64
2,190.944,24576,64
2,129.024,24576,64
5,26.542,8192,8192
2,244.675,24576,64
2,260.176,24576,64
5,24.055,8192,8192
2,99.164,24576,64
2,140.763,24576,64
5,29.169,8192,8192
2,234.865,24576,64
2,30.317,24576,64
2,30.317,24576,64
2,145.295,24576,64
2,140.732,24576,64
5,29.138,8192,8192
5,26.401,8192,8192
2,234.834,24576,64
2,99.115,24576,64
2,145.252,24576,64
2,244.503,24576,64
2,128.82,24576,64
5,23.948,8192,8192
2,259.985,24576,64
2,108.323,24576,64
2,108.323,24576,64
2,138.275,24576,64
2,138.275,24576,64
2,153.569,24576,64
2,153.569,24576,64
2,75.597,24576,64
2,75.597,24576,64
2,109.31,24576,64
2,109.31,24576,64
2,108.077,24576,64
2,108.077,24576,64
1,0.813,1024,64
1,0.813,1024,64
2,223.96,24576,64
2,223.96,24576,64
5,21.246,8192,8192
5,21.246,8192,8192
2,31.031,24576,64
2,31.031,24576,64
2,220.075,24576,64
2,220.056,24576,64
2,150.014,24576,64
2,150.014,24576,64
1,0.147,1024,64
1,0.147,1024,64
2,49.843,24576,64
2,49.843,24576,64
2,191.517,24576,64
2,191.535,24576,64
2,97.755,24576,64
2,97.755,24576,64
2,75.238,24576,64
2,75.223,24576,64
2,251.642,24576,64
2,251.642,24576,64
2,122.155,24576,64
2,122.108,24576,64
2,187.175,24576,64
2,187.175,24576,64
3,15.222,4096,4096
3,15.205,4096,4096
2,155.333,24576,64
2,155.351,24576,64
2,86.615,24576,64
2,86.63,24576,64
1,0.297,1024,64
2,148.837,24576,64
2,148.837,24576,64
2,105.717,24576,64
2,105.717,24576,64
2,103.387,24576,64
2,103.421,24576,64
2,152.071,24576,64
2,152.071,24576,64
2,112.293,24576,64
2,112.293,24576,64
2,214.507,24576,64
2,214.507,24576,64
2,127.255,24576,64
2,127.24,24576,64
2,164.74,24576,64
2,164.74,24576,64
2,226.914,24576,64
2,83.599,24576,64
2,83.614,24576,64
2,105.031,24576,64
2,105.031,24576,64
2,173.031,24576,64
2,173.015,24576,64
2,191.3,24576,64
2,191.171,24576,64
2,238.199,24576,64
2,238.199,24576,64
2,53.738,24576,64
2,53.707,24576,64
5,19.323,4096,4096
5,19.34,4096,4096
2,249.333,24576,64
2,249.333,24576,64
2,98.586,24576,64
2,98.586,24576,64
2,291.848,24576,64
2,291.832,24576,64
2,170.439,24576,64
2,170.439,24576,64
2,82.834,24576,64
2,82.834,24576,64
2,74.093,24576,64
2,74.093,24576,64
3,2.283,2048,2048
3,2.283,2048,2048
2,91.418,24576,64
2,91.356,24576,64
2,91.321,24576,64
2,91.274,24576,64
2,110.192,24576,64
2,110.179,24576,64
2,189.537,24576,64
2,189.552,24576,64
2,166.48,24576,64
2,166.464,24576,64
2,248.175,24576,64
2,248.175,24576,64
2,190.957,24576,64
2,190.941,24576,64
2,196.032,24576,64
2,196.017,24576,64
2,192.172,24576,64
2,192.184,24576,64
2,238.274,24576,64
2,238.274,24576,64
2,177.861,24576,64
2,177.861,24576,64
2,127.982,24576,64
2,127.997,24576,64
3,2.364,2048,2048
3,2.364,2048,2048
2,221.844,24576,64
2,99.893,24576,64
2,99.893,24576,64
1,0.805,1024,64
1,0.805,1024,64
3,5.169,2048,2048
5,29.782,8192,8192
2,82.437,24576,64
2,81.435,24576,64
2,37.733,24576,64
3,12.71,4096,4096
2,37.688,24576,64
2,37.673,24576,64
2,37.688,24576,64
5,29.485,8192,8192
2,162.961,24576,64
2,162.961,24576,64
2,82.156,24576,64
2,81.359,24576,64
3,12.601,4096,4096
2,37.416,24576,64
2,37.416,24576,64
2,132.041,24576,64
2,132.041,24576,64
2,195.365,24576,64
2,195.365,24576,64
1,0.39,1024,64
1,0.39,1024,64
2,210.591,24576,64
2,210.591,24576,64
2,201.807,24576,64
2,201.807,24576,64
2,164.685,24576,64
2,164.685,24576,64
1,1.195,2048,64
1,1.195,2048,64
2,181.567,24576,64
2,181.567,24576,64
2,222.667,24576,64
2,222.667,24576,64
3,13.331,4096,4096
3,13.38,4096,4096
2,221.951,24576,64
2,221.951,24576,64
2,158.01,24576,64
2,158.01,24576,64
2,39.176,24576,64
2,39.176,24576,64
2,132.069,24576,64
2,132.069,24576,64
2,77.669,24576,64
2,77.653,24576,64
2,269.226,24576,64
2,269.226,24576,64
2,175.701,24576,64
2,175.701,24576,64
3,1.859,2048,2048
3,1.841,2048,2048
2,164.778,24576,64
2,164.778,24576,64
2,35.009,24576,64
2,35.009,24576,64
5,18.272,4096,4096
5,18.29,4096,4096
2,81.128,24576,64
2,81.144,24576,64
5,19.924,4096,4096
5,19.908,4096,4096
2,157.135,24576,64
2,157.135,24576,64
2,197.167,24576,64
2,258.134,24576,64
2,258.134,24576,64
2,197.151,24576,64
5,21.557,8192,8192
5,21.557,8192,8192
2,85.111,24576,64
5,17.171,4096,4096
5,21.005,8192,8192
5,20.911,8192,8192
2,85.001,24576,64
5,23.387,8192,8192
5,23.402,8192,8192
2,116.076,24576,64
2,116.076,24576,64
2,80.347,24576,64
5,16.812,4096,4096
2,80.05,24576,64
3,13.146,4096,4096
3,13.146,4096,4096
2,152.569,24576,64
2,152.556,24576,64
3,11.739,4096,4096
2,177.125,24576,64
2,177.125,24576,64
3,11.504,4096,4096
2,195.831,24576,64
2,195.846,24576,64
5,28.451,8192,8192
1,0.718,1024,64
1,0.718,1024,64
5,28.199,8192,8192
1,1.187,2048,64
1,1.171,2048,64
5,22.153,8192,8192
5,22.168,8192,8192
2,195.267,24576,64
2,195.267,24576,64
5,19.284,4096,4096
5,27.933,8192,8192
5,19.27,4096,4096
2,146.148,24576,64
5,25.74,8192,8192
2,79.495,24576,64
5,25.724,8192,8192
5,27.903,8192,8192
2,47.703,24576,64
2,47.812,24576,64
2,64.697,24576,64
2,64.682,24576,64
2,233.674,24576,64
2,233.674,24576,64
3,10.291,4096,4096
3,10.291,4096,4096
2,89.139,24576,64
2,89.139,24576,64
2,227.953,24576,64
2,227.953,24576,64
1,0.016,1024,64
1,0.016,1024,64
2,190.592,24576,64
2,190.576,24576,64
2,177.483,24576,64
2,177.483,24576,64
2,247.225,24576,64
2,247.225,24576,64
2,229.014,24576,64
2,229.014,24576,64
2,270.438,24576,64
2,270.453,24576,64
2,269.686,24576,64
2,269.686,24576,64
2,257.151,24576,64
2,257.163,24576,64
2,59.793,24576,64
2,59.793,24576,64
2,71.524,24576,64
2,71.634,24576,64
5,26.364,8192,8192
2,83.745,24576,64
2,79.623,24576,64
2,236.706,24576,64
2,236.706,24576,64
2,93.896,24576,64
2,77.338,24576,64
2,143.975,24576,64
2,87.777,24576,64
2,87.765,24576,64
2,82.872,24576,64
5,17.413,4096,4096
2,73.144,24576,64
2,182.884,24576,64
2,182.868,24576,64
5,17.958,4096,4096
5,21.832,8192,8192
2,82.78,24576,64
5,21.502,8192,8192
5,17.694,4096,4096
5,17.772,4096,4096
2,85.921,24576,64
2,73.004,24576,64
5,17.179,4096,4096
2,85.888,24576,64
5,17.724,4096,4096
5,21.783,8192,8192
5,17.896,4096,4096
2,82.731,24576,64
5,21.453,8192,8192
2,82.713,24576,64
2,73.542,24576,64
2,73.527,24576,64
5,17.632,4096,4096
2,207.841,24576,64
2,207.841,24576,64
2,71.106,24576,64
2,136.641,24576,64
2,136.654,24576,64
2,178.339,24576,64
2,178.339,24576,64
2,94.805,24576,64
2,94.805,24576,64
2,79.409,24576,64
2,163.221,24576,64
2,98.047,24576,64
2,79.941,24576,64
2,57.536,24576,64
2,84.98,24576,64
2,239.942,24576,64
2,239.942,24576,64
2,77.527,24576,64
2,163.221,24576,64
2,97.919,24576,64
2,147.585,24576,64
2,69.506,24576,64
5,24.255,8192,8192
2,81.62,24576,64
2,69.396,24576,64
2,91.802,24576,64
2,226.79,24576,64
2,226.79,24576,64
2,120.509,24576,64
2,69.357,24576,64
2,78.641,24576,64
2,162.438,24576,64
2,97.279,24576,64
2,84.229,24576,64
2,56.768,24576,64
2,79.159,24576,64
2,146.854,24576,64
2,97.203,24576,64
2,162.486,24576,64
2,67.97,24576,64
2,67.97,24576,64
2,119.647,24576,64
5,23.126,8192,8192
5,23.126,8192,8192
2,77.704,24576,64
2,37.44,24576,64
2,37.44,24576,64
2,115.959,24576,64
2,115.975,24576,64
2,154.52,24576,64
2,154.52,24576,64
2,151.032,24576,64
2,151.016,24576,64
2,82.575,24576,64
2,173.89,24576,64
2,173.89,24576,64
2,77.455,24576,64
2,78.475,24576,64
2,78.475,24576,64
2,131.291,24576,64
2,131.291,24576,64
2,76.342,24576,64
2,76.936,24576,64
2,82.071,24576,64
2,115.193,24576,64
2,115.181,24576,64
2,251.128,24576,64
2,251.25,24576,64
2,53.141,24576,64
2,53.141,24576,64
2,191.327,24576,64
2,191.357,24576,64
2,67.502,24576,64
2,67.486,24576,64
2,68.632,24576,64
2,68.632,24576,64
2,100.424,24576,64
2,100.424,24576,64
2,79.496,24576,64
2,79.496,24576,64
2,233.168,24576,64
2,233.168,24576,64
2,68.461,24576,64
2,68.461,24576,64
2,102.209,24576,64
2,102.224,24576,64
2,178.064,24576,64
2,178.076,24576,64
2,173.935,24576,64
2,173.935,24576,64
2,125.793,24576,64
2,125.777,24576,64
1,0.709,1024,64
1,0.709,1024,64
1,1.095,2048,64
1,1.095,2048,64
2,119.796,24576,64
2,119.796,24576,64
5,23.192,8192,8192
2,65.861,24576,64
2,65.861,24576,64
5,23.018,8192,8192
2,51.209,24576,64
2,51.224,24576,64
2,153.7,24576,64
2,153.7,24576,64
2,265.609,24576,64
2,265.621,24576,64
2,63.776,24576,64
2,63.776,24576,64
2,59.023,24576,64
2,59.116,24576,64
2,153.384,24576,64
2,153.384,24576,64
2,184.607,24576,64
2,184.592,24576,64
2,180.302,24576,64
2,180.289,24576,64
2,197.102,24576,64
2,197.102,24576,64
2,186.947,24576,64
2,186.928,24576,64
2,76.089,24576,64
2,106.319,24576,64
2,76.073,24576,64
2,106.288,24576,64
2,113.125,24576,64
2,113.125,24576,64
2,148.71,24576,64
2,249.668,24576,64
2,148.694,24576,64
2,249.652,24576,64
2,175.978,24576,64
2,175.978,24576,64
2,204.479,24576,64
2,204.466,24576,64
2,205.627,24576,64
2,205.627,24576,64
2,181.64,24576,64
2,181.605,24576,64
2,149.568,24576,64
2,149.552,24576,64
3,15.945,4096,4096
3,15.945,4096,4096
2,135.077,24576,64
2,133.418,24576,64
2,228.062,24576,64
2,133.403,24576,64
2,228.047,24576,64
2,269.711,24576,64
2,269.711,24576,64
2,135.061,24576,64
2,247.346,24576,64
2,247.346,24576,64
2,183.144,24576,64
2,183.144,24576,64
3,5.646,2048,2048
3,5.63,2048,2048
2,146.868,24576,64
2,146.868,24576,64
2,175.886,24576,64
2,175.886,24576,64
2,31.822,24576,64
2,31.822,24576,64
2,193.915,24576,64
2,193.915,24576,64
2,41.767,24576,64
2,41.608,24576,64
5,23.167,8192,8192
5,23.167,8192,8192
2,111.19,24576,64
2,111.175,24576,64
2,133.309,24576,64
2,133.28,24576,64
2,207.84,24576,64
2,207.84,24576,64
2,215.723,24576,64
2,215.723,24576,64
2,157.895,24576,64
2,157.895,24576,64
2,77.372,24576,64
2,124.478,24576,64
2,77.356,24576,64
2,124.463,24576,64
2,114.902,24576,64
2,114.902,24576,64
2,113.355,24576,64
2,113.355,24576,64
2,93.817,24576,64
2,93.831,24576,64
2,264.244,24576,64
2,264.257,24576,64
2,185.225,24576,64
2,185.225,24576,64
2,196.152,24576,64
2,196.152,24576,64
2,163.672,24576,64
2,163.811,24576,64
2,201.995,24576,64
2,201.979,24576,64
2,96.598,24576,64
2,96.598,24576,64
5,23.841,8192,8192
5,23.825,8192,8192
2,141.83,24576,64
2,141.799,24576,64
2,122.067,24576,64
2,122.051,24576,64
2,280.182,24576,64
2,280.166,24576,64
2,195.689,24576,64
2,91.63,24576,64
2,91.63,24576,64
2,120.723,24576,64
2,120.738,24576,64
2,195.58,24576,64
2,216.396,24576,64
2,216.396,24576,64
2,130.395,24576,64
2,130.38,24576,64
2,146.543,24576,64
2,146.543,24576,64
2,208.764,24576,64
2,208.751,24576,64
2,105.993,24576,64
2,105.975,24576,64
2,171.666,24576,64
2,171.685,24576,64
2,159.107,24576,64
2,159.107,24576,64
2,119.537,24576,64
2,119.537,24576,64
2,30.054,24576,64
2,30.054,24576,64
2,78.588,24576,64
2,78.588,24576,64
1,1.578,2048,64
1,1.499,2048,64
2,192.67,24576,64
2,192.67,24576,64
2,218.727,24576,64
2,218.727,24576,64
2,45.82,24576,64
2,45.82,24576,64
2,58.62,24576,64
2,58.62,24576,64
2,162.931,24576,64
2,162.915,24576,64
2,170.9,24576,64
2,170.888,24576,64
2,141.6,24576,64
2,141.6,24576,64
2,264.599,24576,64
2,264.599,24576,64
2,132.147,24576,64
2,132.128,24576,64
2,161.45,24576,64
2,161.45,24576,64
3,12.725,4096,4096
3,12.725,4096,4096
2,252.672,24576,64
2,252.64,24576,64
2,60.802,24576,64
2,60.816,24576,64
2,132.455,24576,64
2,132.486,24576,64
2,60.707,24576,64
2,60.707,24576,64
3,7.594,2048,2048
3,7.579,2048,2048
2,77.907,24576,64
2,77.891,24576,64
2,75.122,24576,64
2,75.122,24576,64
2,234.531,24576,64
2,234.531,24576,64
2,165.368,24576,64
2,165.368,24576,64
2,144.734,24576,64
2,144.673,24576,64
3,13.971,4096,4096
3,13.94,4096,4096
2,83.839,24576,64
2,83.823,24576,64
2,132.787,24576,64
2,132.772,24576,64
2,90.999,24576,64
2,90.98,24576,64
2,93.001,24576,64
2,93.048,24576,64
2,153.315,24576,64
2,153.424,24576,64
2,64.622,24576,64
2,64.622,24576,64
2,137.067,24576,64
2,137.067,24576,64
2,206.058,24576,64
2,206.058,24576,64
2,88.85,24576,64
2,88.833,24576,64
2,148.314,24576,64
2,148.314,24576,64
2,175.887,24576,64
2,175.887,24576,64
2,158.794,24576,64
2,158.794,24576,64
2,87.242,24576,64
2,87.242,24576,64
5,21.678,8192,8192
5,21.678,8192,8192
3,11.488,4096,4096
3,11.488,4096,4096
3,1.876,2048,2048
3,1.848,2048,2048
2,213.655,24576,64
3,8.354,4096,4096
3,8.354,4096,4096
2,213.64,24576,64
2,180.519,24576,64
2,180.519,24576,64
2,225.822,24576,64
2,225.822,24576,64
2,238.486,24576,64
2,238.486,24576,64
1,0.758,1024,64
1,0.758,1024,64
2,60.867,24576,64
2,60.867,24576,64
3,4.477,2048,2048
3,7.906,4096,4096
3,7.844,2048,2048
2,105.199,24576,64
2,155.523,24576,64
2,91.499,24576,64
2,66.883,24576,64
2,86.553,24576,64
2,43.052,24576,64
2,59.135,24576,64
2,79.722,24576,64
2,114.543,24576,64
2,85.796,24576,64
2,105.151,24576,64
2,42.146,24576,64
2,91.357,24576,64
2,91.732,24576,64
2,85.273,24576,64
2,46.421,24576,64
2,53.752,24576,64
2,105.089,24576,64
5,29.324,8192,8192
2,46.391,24576,64
2,56.751,24576,64
2,91.249,24576,64
2,91.296,24576,64
2,85.196,24576,64
2,105.027,24576,64
2,42.056,24576,64
2,53.689,24576,64
2,59.043,24576,64
2,46.344,24576,64
2,42.974,24576,64
2,85.704,24576,64
2,56.689,24576,64
2,91.186,24576,64
5,29.074,8192,8192
2,46.328,24576,64
2,86.427,24576,64
2,66.725,24576,64
2,91.28,24576,64
2,104.902,24576,64
2,155.276,24576,64
2,104.808,24576,64
2,91.514,24576,64
2,114.309,24576,64
2,79.488,24576,64
2,103.8,24576,64
2,103.8,24576,64
2,160.852,24576,64
2,160.852,24576,64
5,19.283,4096,4096
5,19.299,4096,4096
2,71.311,24576,64
2,71.311,24576,64
2,61.16,24576,64
2,61.16,24576,64
2,248.701,24576,64
2,248.685,24576,64
3,3.558,2048,2048
3,3.558,2048,2048
2,234.167,24576,64
2,234.167,24576,64
2,224.198,24576,64
2,224.182,24576,64
2,195.398,24576,64
2,195.398,24576,64
2,61.312,24576,64
2,61.327,24576,64
2,96.717,24576,64
2,96.717,24576,64
2,167.629,24576,64
2,167.629,24576,64
2,152.785,24576,64
2,152.769,24576,64
3,14.876,4096,4096
3,14.876,4096,4096
2,204.086,24576,64
2,204.086,24576,64
1,1.625,2048,64
1,1.625,2048,64
2,159.149,24576,64
2,159.149,24576,64
2,230.634,24576,64
2,230.665,24576,64
2,207.161,24576,64
2,207.161,24576,64
2,87.789,24576,64
2,87.758,24576,64
2,168.791,24576,64
2,168.791,24576,64
2,231.588,24576,64
2,231.588,24576,64
3,14.693,4096,4096
3,14.693,4096,4096
2,175.72,24576,64
2,175.72,24576,64
2,189.648,24576,64
2,189.632,24576,64
2,99.296,24576,64
2,99.296,24576,64
2,228.957,24576,64
2,228.942,24576,64
2,95.036,24576,64
2,95.036,24576,64
2,256.805,24576,64
2,256.824,24576,64
2,109.685,24576,64
2,109.685,24576,64
3,6.458,2048,2048
3,6.458,2048,2048
2,40.607,24576,64
2,46.265,24576,64
2,46.265,24576,64
5,23.241,8192,8192
5,23.212,8192,8192
2,85.774,24576,64
2,95.663,24576,64
2,95.663,24576,64
2,152.877,24576,64
2,152.877,24576,64
5,22.325,8192,8192
2,79.202,24576,64
2,144.362,24576,64
2,144.362,24576,64
3,14.137,4096,4096
3,14.137,4096,4096
2,76.315,24576,64
2,76.299,24576,64
1,0.926,2048,64
1,0.908,2048,64
2,46.671,24576,64
2,258.149,24576,64
2,258.149,24576,64
2,202.267,24576,64
2,202.267,24576,64
5,26.64,8192,8192
5,26.626,8192,8192
5,19.064,4096,4096
5,19.081,4096,4096
2,127.495,24576,64
2,127.495,24576,64
2,241.576,24576,64
2,241.576,24576,64
2,46.802,24576,64
2,46.802,24576,64
1,1.221,2048,64
1,1.19,2048,64
3,2.993,2048,2048
3,2.993,2048,2048
2,129.027,24576,64
2,129.027,24576,64
1,0.708,1024,64
1,0.723,1024,64
2,36.757,24576,64
2,36.741,24576,64
2,85.023,24576,64
2,85.023,24576,64
2,109.739,24576,64
2,109.723,24576,64
2,86.683,24576,64
2,86.683,24576,64
2,201.079,24576,64
2,201.079,24576,64
2,53.993,24576,64
5,29.53,8192,8192
5,22.122,8192,8192
2,30.891,24576,64
2,45.79,24576,64
2,44.868,24576,64
2,85.081,24576,64
2,60.666,24576,64
2,46.071,24576,64
2,64.431,24576,64
5,22.075,8192,8192
2,30.844,24576,64
2,53.884,24576,64
5,29.498,8192,8192
2,46.04,24576,64
2,45.743,24576,64
2,64.4,24576,64
2,44.821,24576,64
2,60.634,24576,64
2,85.034,24576,64
2,53.371,24576,64
2,53.386,24576,64
2,87.834,24576,64
2,87.819,24576,64
2,104.794,24576,64
2,104.731,24576,64
2,256.718,24576,64
2,256.718,24576,64
2,30.231,24576,64
2,30.231,24576,64
2,223.385,24576,64
2,223.385,24576,64
2,34.09,24576,64
2,42.663,24576,64
2,79.76,24576,64
2,74.158,24576,64
5,17.312,4096,4096
2,233.442,24576,64
2,233.442,24576,64
2,230.203,24576,64
2,230.203,24576,64
2,197.446,24576,64
2,197.446,24576,64
2,69.437,24576,64
2,69.421,24576,64
2,49.351,24576,64
2,49.351,24576,64
5,16.549,4096,4096
5,16.549,4096,4096
1,0.4,1024,64
1,1.071,2048,64
1,1.071,2048,64
2,144.386,24576,64
2,144.369,24576,64
2,146.53,24576,64
2,146.495,24576,64
2,231.998,24576,64
2,231.982,24576,64
1,0.203,1024,64
1,0.203,1024,64
2,110.067,24576,64
2,109.973,24576,64
2,105.759,24576,64
2,105.744,24576,64
2,112.766,24576,64
2,112.75,24576,64
1,1.205,2048,64
1,1.205,2048,64
2,178.619,24576,64
2,178.603,24576,64
2,96.057,24576,64
2,96.041,24576,64
2,32.001,24576,64
2,139.238,24576,64
2,139.238,24576,64
2,31.97,24576,64
2,120.035,24576,64
2,120.035,24576,64
2,186.62,24576,64
2,186.637,24576,64
2,58.802,24576,64
2,236.912,24576,64
2,236.912,24576,64
2,48.217,24576,64
2,48.217,24576,64
2,226.573,24576,64
2,226.573,24576,64
2,74.024,24576,64
2,34.429,24576,64
5,19.688,4096,4096
3,12.667,4096,4096
5,29.998,8192,8192
5,27.015,8192,8192
5,27.015,8192,8192
2,73.944,24576,64
5,29.964,8192,8192
3,12.481,4096,4096
2,34.334,24576,64
2,58.552,24576,64
5,19.625,4096,4096
2,132.359,24576,64
2,132.374,24576,64
1,1.177,2048,64
1,1.177,2048,64
2,77.813,24576,64
2,77.813,24576,64
2,145.676,24576,64
2,145.676,24576,64
2,83.164,24576,64
2,38.227,24576,64
2,171.624,24576,64
2,171.624,24576,64
2,233.508,24576,64
2,233.508,24576,64
2,266.011,24576,64
2,266.026,24576,64
2,245.255,24576,64
2,245.255,24576,64
5,16.827,4096,4096
5,16.827,4096,4096
2,214.366,24576,64
2,214.366,24576,64
2,99.389,24576,64
2,99.389,24576,64
2,37.68,24576,64
2,82.632,24576,64
2,126.586,24576,64
2,126.586,24576,64
1,0.654,1024,64
1,0.654,1024,64
3,5.46,2048,2048
3,5.46,2048,2048
2,232.976,24576,64
2,232.976,24576,64
2,35.506,24576,64
2,35.49,24576,64
2,115.436,24576,64
2,115.154,24576,64
2,119.183,24576,64
2,119.202,24576,64
3,5.933,2048,2048
3,5.933,2048,2048
2,141.39,24576,64
2,141.39,24576,64
2,249.132,24576,64
2,249.132,24576,64
2,37.33,24576,64
2,37.301,24576,64
2,43.006,24576,64
2,43.006,24576,64
2,39.817,24576,64
2,39.801,24576,64
2,37.899,24576,64
2,37.914,24576,64
2,123.619,24576,64
2,123.634,24576,64
2,237.314,24576,64
2,237.314,24576,64
2,237.751,24576,64
2,237.751,24576,64
2,192.099,24576,64
2,192.099,24576,64
2,84.749,24576,64
2,84.734,24576,64
2,60.392,24576,64
2,60.392,24576,64
5,20.684,8192,8192
5,20.684,8192,8192
2,73.499,24576,64
2,73.467,24576,64
2,122.477,24576,64
2,122.477,24576,64
2,114.511,24576,64
2,114.511,24576,64
5,19.734,4096,4096
5,19.734,4096,4096
2,135.988,24576,64
2,135.988,24576,64
2,99.925,24576,64
2,99.925,24576,64
2,68.569,24576,64
2,68.556,24576,64
3,8.132,4096,4096
3,8.054,4096,4096
2,44.227,24576,64
2,44.227,24576,64
2,50.142,24576,64
2,50.142,24576,64
2,149.449,24576,64
2,149.449,24576,64
5,21.814,8192,8192
5,21.814,8192,8192
2,35.831,24576,64
2,35.831,24576,64
3,3.871,2048,2048
3,3.871,2048,2048
2,143.849,24576,64
2,143.82,24576,64
2,193.187,24576,64
2,193.187,24576,64
2,41.321,24576,64
2,41.305,24576,64
2,229.949,24576,64
2,229.949,24576,64
2,50.306,24576,64
2,50.291,24576,64
3,6.849,2048,2048
3,6.849,2048,2048
2,51.205,24576,64
5,16.881,4096,4096
2,37.712,24576,64
2,37.759,24576,64
2,51.313,24576,64
2,51.313,24576,64
5,21.513,8192,8192
2,51.142,24576,64
2,51.267,24576,64
5,16.71,4096,4096
2,51.251,24576,64
2,191.55,24576,64
5,21.435,8192,8192
2,37.635,24576,64
2,37.696,24576,64
2,191.565,24576,64
2,222.842,24576,64
2,222.842,24576,64
2,63.495,24576,64
2,63.48,24576,64
3,8.079,4096,4096
3,8.062,4096,4096
2,105.015,24576,64
2,105.015,24576,64
2,186.85,24576,64
2,186.881,24576,64
3,2.198,2048,2048
3,2.198,2048,2048
2,121.306,24576,64
2,121.306,24576,64
5,26.566,8192,8192
5,26.566,8192,8192
5,21.518,8192,8192
5,21.518,8192,8192
2,102.64,24576,64
2,102.64,24576,64
2,91.366,24576,64
2,91.366,24576,64
2,263.353,24576,64
2,250.161,24576,64
2,250.144,24576,64
2,263.322,24576,64
5,20.389,4096,4096
1,1.645,2048,64
1,1.645,2048,64
2,123.216,24576,64
2,123.216,24576,64
2,97.098,24576,64
2,97.207,24576,64
2,70.571,24576,64
2,70.571,24576,64
5,18.353,4096,4096
5,18.353,4096,4096
2,149.639,24576,64
2,149.639,24576,64
5,28.095,8192,8192
5,28.095,8192,8192
2,78.251,24576,64
2,78.251,24576,64
2,198.038,24576,64
2,198.038,24576,64
2,68.591,24576,64
2,68.606,24576,64
3,5.815,2048,2048
3,5.796,2048,2048
5,18.891,4096,4096
1,0.017,1024,64
5,22.276,8192,8192
5,22.276,8192,8192
2,39.729,24576,64
2,39.729,24576,64
2,246.71,24576,64
2,246.71,24576,64
2,228.476,24576,64
2,228.461,24576,64
2,267.545,24576,64
2,267.56,24576,64
2,44.605,24576,64
2,44.605,24576,64
2,163.882,24576,64
2,34.756,24576,64
2,177.701,24576,64
2,33.126,24576,64
2,70.553,24576,64
5,26.23,8192,8192
2,70.708,24576,64
2,56.031,24576,64
5,27.84,8192,8192
2,177.702,24576,64
2,71.739,24576,64
2,138.345,24576,64
2,71.192,24576,64
2,60.404,24576,64
2,71.458,24576,64
2,71.458,24576,64
2,34.725,24576,64
2,33.095,24576,64
2,70.522,24576,64
5,26.199,8192,8192
2,71.677,24576,64
2,55.983,24576,64
2,177.671,24576,64
2,177.637,24576,64
2,138.302,24576,64
2,71.161,24576,64
2,60.373,24576,64
2,70.661,24576,64
2,38.437,24576,64
2,163.709,24576,64
3,3.366,2048,2048
3,3.366,2048,2048
2,83.196,24576,64
2,83.18,24576,64
3,5.099,2048,2048
3,5.099,2048,2048
5,16.75,4096,4096
5,16.734,4096,4096
2,183.605,24576,64
2,183.448,24576,64
2,227.942,24576,64
2,227.957,24576,64
2,72.806,24576,64
2,72.819,24576,64
2,116.134,24576,64
2,31.943,24576,64
2,34.258,24576,64
2,156.509,24576,64
2,116.117,24576,64
2,154.284,24576,64
2,51.757,24576,64
2,106.295,24576,64
2,46.687,24576,64
2,123.369,24576,64
2,137.492,24576,64
2,92.736,24576,64
2,36.287,24576,64
2,123.401,24576,64
2,137.476,24576,64
5,29.571,8192,8192
2,31.801,24576,64
2,115.947,24576,64
2,116.086,24576,64
2,123.371,24576,64
2,137.446,24576,64
2,137.446,24576,64
2,31.882,24576,64
5,29.541,8192,8192
2,51.726,24576,64
2,106.25,24576,64
2,92.643,24576,64
2,46.656,24576,64
2,123.338,24576,64
2,154.225,24576,64
2,156.462,24576,64
2,36.237,24576,64
2,35.093,24576,64
2,34.18,24576,64
2,31.739,24576,64
2,253.93,24576,64
2,253.879,24576,64
2,42.627,24576,64
2,42.627,24576,64
2,46.105,24576,64
2,46.118,24576,64
5,25.446,8192,8192
2,129.766,24576,64
2,129.734,24576,64
3,12.52,4096,4096
2,45.181,24576,64
2,45.162,24576,64
5,24.639,8192,8192
3,6.451,2048,2048
3,6.435,2048,2048
3,3.63,2048,2048
3,3.708,2048,2048
2,124.739,24576,64
2,124.707,24576,64
5,23.096,8192,8192
5,23.096,8192,8192
2,75.872,24576,64
2,75.859,24576,64
2,120.0,24576,64
2,120.0,24576,64
2,65.839,24576,64
2,65.807,24576,64
2,135.014,24576,64
2,135.045,24576,64
2,53.557,24576,64
2,53.557,24576,64
5,17.893,4096,4096
2,73.919,24576,64
2,73.919,24576,64
2,119.573,24576,64
2,119.573,24576,64
2,124.87,24576,64
2,124.87,24576,64
2,43.959,24576,64
2,43.959,24576,64
2,59.306,24576,64
2,34.642,24576,64
2,148.045,24576,64
2,148.029,24576,64
2,59.104,24576,64
5,19.027,4096,4096
2,35.37,24576,64
5,18.949,4096,4096
5,16.672,4096,4096
2,40.221,24576,64
2,33.828,24576,64
2,45.142,24576,64
5,23.82,8192,8192
2,75.361,24576,64
2,75.611,24576,64
2,44.593,24576,64
5,16.738,4096,4096
5,18.871,4096,4096
2,75.297,24576,64
5,16.69,4096,4096
2,44.515,24576,64
2,33.765,24576,64
2,45.079,24576,64
5,23.757,8192,8192
2,75.548,24576,64
5,18.932,4096,4096
2,35.275,24576,64
2,40.127,24576,64
2,34.382,24576,64
5,16.485,4096,4096
2,122.592,24576,64
2,122.574,24576,64
5,25.099,8192,8192
5,25.099,8192,8192
2,74.467,24576,64
2,74.467,24576,64
2,94.455,24576,64
2,253.136,24576,64
2,253.104,24576,64
2,108.437,24576,64
5,21.293,8192,8192
5,21.29,8192,8192
2,30.307,24576,64
2,30.307,24576,64
2,179.53,24576,64
3,8.826,4096,4096
3,8.826,4096,4096
2,179.515,24576,64
2,85.283,24576,64
2,85.268,24576,64
2,122.57,24576,64
2,122.57,24576,64
2,35.081,24576,64
2,35.081,24576,64
2,71.445,24576,64
2,71.445,24576,64
2,151.288,24576,64
2,37.013,24576,64
2,37.031,24576,64
2,129.645,24576,64
2,129.662,24576,64
1,0.014,1024,64
2,69.639,24576,64
2,69.651,24576,64
2,124.758,24576,64
2,124.758,24576,64
2,104.408,24576,64
2,104.423,24576,64
2,128.462,24576,64
2,128.477,24576,64
2,122.805,24576,64
2,122.789,24576,64
2,57.302,24576,64
2,150.986,24576,64
2,178.529,24576,64
2,146.562,24576,64
2,146.562,24576,64
2,185.456,24576,64
2,185.456,24576,64
2,96.103,24576,64
2,96.087,24576,64
2,48.266,24576,64
2,48.219,24576,64
2,38.191,24576,64
2,38.191,24576,64
2,141.21,24576,64
2,141.21,24576,64
2,70.32,24576,64
2,70.32,24576,64
5,18.985,4096,4096
5,29.617,8192,8192
2,169.62,24576,64
2,169.62,24576,64
2,33.008,24576,64
2,33.008,24576,64
5,17.153,4096,4096
5,17.153,4096,4096
5,18.435,4096,4096
2,104.41,24576,64
3,12.322,4096,4096
2,54.767,24576,64
2,62.441,24576,64
2,62.441,24576,64
2,31.688,24576,64
2,31.688,24576,64
1,0.019,1024,64
1,0.019,1024,64
2,80.794,24576,64
2,80.794,24576,64
3,13.208,4096,4096
3,13.208,4096,4096
2,161.423,24576,64
2,161.423,24576,64
2,34.961,24576,64
2,34.961,24576,64
2,76.514,24576,64
2,76.309,24576,64
2,169.439,24576,64
2,85.024,24576,64
2,84.974,24576,64
2,171.428,24576,64
2,171.458,24576,64
2,141.979,24576,64
2,141.995,24576,64
2,115.916,24576,64
2,115.9,24576,64
3,5.508,2048,2048
3,5.492,2048,2048
2,32.16,24576,64
2,32.175,24576,64
2,165.925,24576,64
2,165.925,24576,64
3,10.067,4096,4096
3,10.067,4096,4096
3,3.871,2048,2048
3,3.871,2048,2048
5,21.9,8192,8192
5,21.853,8192,8192
2,125.168,24576,64
2,125.168,24576,64
2,97.203,24576,64
2,97.187,24576,64
2,132.1,24576,64
2,132.1,24576,64
2,147.719,24576,64
2,147.703,24576,64
2,124.398,24576,64
2,124.412,24576,64
2,193.642,24576,64
3,11.007,4096,4096
3,11.069,4096,4096
2,193.611,24576,64
3,13.583,4096,4096
5,22.061,8192,8192
2,85.433,24576,64
2,143.261,24576,64
2,166.395,24576,64
2,171.492,24576,64
2,143.964,24576,64
2,163.723,24576,64
2,163.723,24576,64
2,139.69,24576,64
2,139.69,24576,64
2,36.156,24576,64
3,14.61,4096,4096
3,14.566,4096,4096
2,84.495,24576,64
2,51.762,24576,64
2,65.478,24576,64
2,77.325,24576,64
5,16.534,4096,4096
2,70.8,24576,64
2,83.734,24576,64
2,50.673,24576,64
2,79.56,24576,64
2,70.77,24576,64
2,50.643,24576,64
5,16.441,4096,4096
2,51.731,24576,64
2,65.447,24576,64
2,35.983,24576,64
2,83.689,24576,64
2,79.529,24576,64
2,77.279,24576,64
5,22.292,8192,8192
2,84.433,24576,64
2,231.257,24576,64
2,231.257,24576,64
2,83.23,24576,64
2,83.245,24576,64
3,11.734,4096,4096
3,11.734,4096,4096
2,270.185,24576,64
2,270.167,24576,64
2,51.979,24576,64
2,51.979,24576,64
2,154.984,24576,64
2,154.984,24576,64
2,97.05,24576,64
2,97.033,24576,64
2,61.564,24576,64
2,61.564,24576,64
3,8.521,4096,4096
3,8.505,4096,4096
2,99.08,24576,64
2,99.016,24576,64
3,2.416,2048,2048
3,2.416,2048,2048
2,56.783,24576,64
5,20.075,4096,4096
5,23.988,8192,8192
5,27.543,8192,8192
2,47.966,24576,64
5,27.419,8192,8192
5,23.845,8192,8192
5,27.385,8192,8192
5,27.404,8192,8192
5,19.919,4096,4096
2,56.564,24576,64
3,6.334,2048,2048
3,6.334,2048,2048
2,95.227,24576,64
2,95.242,24576,64
3,12.692,4096,4096
3,12.692,4096,4096
2,141.923,24576,64
2,141.923,24576,64
3,16.0,4096,4096
5,29.049,8192,8192
5,29.049,8192,8192
3,8.608,4096,4096
3,8.608,4096,4096
3,14.698,4096,4096
3,14.683,4096,4096
5,22.588,8192,8192
5,22.568,8192,8192
2,196.559,24576,64
2,196.559,24576,64
3,10.083,4096,4096
3,10.069,4096,4096
2,33.616,24576,64
2,33.616,24576,64
2,97.466,24576,64
2,97.466,24576,64
3,4.898,2048,2048
3,4.898,2048,2048
5,19.341,4096,4096
5,19.356,4096,4096
3,13.285,4096,4096
3,13.285,4096,4096
3,15.757,4096,4096
2,54.342,24576,64
2,54.342,24576,64
3,15.693,4096,4096
2,187.475,24576,64
2,187.444,24576,64
2,41.604,24576,64
2,41.571,24576,64
2,205.047,24576,64
2,205.015,24576,64
1,0.698,1024,64
1,0.698,1024,64
2,139.72,24576,64
2,139.704,24576,64
2,126.406,24576,64
2,126.406,24576,64
2,43.309,24576,64
2,43.324,24576,64
2,44.967,24576,64
5,16.882,4096,4096
2,59.662,24576,64
3,13.505,4096,4096
2,59.633,24576,64
3,3.435,2048,2048
3,3.419,2048,2048
5,21.869,8192,8192
5,21.884,8192,8192
2,125.628,24576,64
2,125.612,24576,64
2,88.876,24576,64
2,88.876,24576,64
1,0.704,1024,64
1,0.704,1024,64
2,112.628,24576,64
2,112.612,24576,64
2,112.342,24576,64
2,112.311,24576,64
2,76.387,24576,64
2,76.373,24576,64
2,75.103,24576,64
5,24.056,8192,8192
2,75.069,24576,64
2,161.37,24576,64
5,24.009,8192,8192
2,161.385,24576,64
5,21.699,8192,8192
5,21.667,8192,8192
5,23.001,8192,8192
5,22.985,8192,8192
2,165.619,24576,64
2,165.619,24576,64
2,86.202,24576,64
2,86.214,24576,64
2,49.033,24576,64
2,49.033,24576,64
2,168.888,24576,64
2,168.888,24576,64
3,7.016,2048,2048
3,6.969,2048,2048
2,107.301,24576,64
2,107.301,24576,64
2,58.349,24576,64
2,58.335,24576,64
2,44.841,24576,64
2,44.841,24576,64
2,91.602,24576,64
2,91.571,24576,64
2,42.597,24576,64
2,42.612,24576,64
2,75.559,24576,64
2,75.543,24576,64
2,43.223,24576,64
2,43.223,24576,64
5,22.326,8192,8192
2,207.533,24576,64
2,207.533,24576,64
5,22.31,8192,8192
2,101.216,24576,64
2,101.228,24576,64
2,163.943,24576,64
2,163.943,24576,64
2,196.137,24576,64
2,196.137,24576,64
2,91.493,24576,64
2,47.457,24576,64
2,47.439,24576,64
2,91.461,24576,64
5,21.962,8192,8192
5,21.962,8192,8192
2,56.736,24576,64
2,56.724,24576,64
5,23.224,8192,8192
5,23.209,8192,8192
1,1.183,2048,64
1,1.168,2048,64
2,114.978,24576,64
2,114.978,24576,64
3,7.245,2048,2048
3,7.245,2048,2048
2,122.659,24576,64
2,122.641,24576,64
2,108.194,24576,64
2,108.379,24576,64
2,156.531,24576,64
2,156.531,24576,64
5,20.167,4096,4096
5,20.182,4096,4096
2,261.121,24576,64
2,261.089,24576,64
2,243.794,24576,64
2,243.668,24576,64
2,197.123,24576,64
2,197.123,24576,64
2,99.662,24576,64
2,100.099,24576,64
2,100.099,24576,64
2,99.615,24576,64
2,215.82,24576,64
2,215.807,24576,64
3,3.104,2048,2048
3,3.104,2048,2048
2,55.869,24576,64
2,55.869,24576,64
2,51.017,24576,64
2,50.907,24576,64
3,8.32,4096,4096
3,8.304,4096,4096
2,146.965,24576,64
2,146.981,24576,64
3,10.769,4096,4096
3,10.769,4096,4096
2,203.528,24576,64
2,203.528,24576,64
2,48.624,24576,64
2,48.577,24576,64
2,63.603,24576,64
2,63.603,24576,64
2,51.508,24576,64
2,51.508,24576,64
2,35.144,24576,64
2,35.144,24576,64
2,55.598,24576,64
2,55.598,24576,64
2,165.553,24576,64
2,155.44,24576,64
2,154.379,24576,64
2,154.379,24576,64
2,165.539,24576,64
2,155.425,24576,64
2,46.053,24576,64
2,46.053,24576,64
2,183.735,24576,64
2,183.719,24576,64
2,104.97,24576,64
2,104.97,24576,64
1,0.203,1024,64
2,252.155,24576,64
2,252.155,24576,64
2,66.638,24576,64
2,66.653,24576,64
2,98.334,24576,64
2,98.334,24576,64
2,52.477,24576,64
2,52.477,24576,64
2,106.637,24576,64
2,106.637,24576,64
2,158.009,24576,64
2,157.993,24576,64
5,21.137,8192,8192
2,52.222,24576,64
3,13.057,4096,4096
5,19.888,4096,4096
2,52.424,24576,64
2,138.164,24576,64
5,23.385,8192,8192
2,138.227,24576,64
2,68.079,24576,64
5,22.536,8192,8192
5,19.842,4096,4096
3,12.285,4096,4096
3,12.236,4096,4096
2,68.047,24576,64
2,52.361,24576,64
3,12.995,4096,4096
2,52.142,24576,64
5,22.493,8192,8192
2,138.086,24576,64
5,21.074,8192,8192
5,23.338,8192,8192
2,138.18,24576,64
2,111.484,24576,64
2,111.484,24576,64
2,149.981,24576,64
2,149.981,24576,64
2,203.054,24576,64
2,203.054,24576,64
2,56.532,24576,64
2,56.39,24576,64
2,64.754,24576,64
2,64.754,24576,64
2,202.855,24576,64
2,202.855,24576,64
2,163.016,24576,64
2,163.0,24576,64
2,128.198,24576,64
2,127.963,24576,64
2,182.26,24576,64
2,182.272,24576,64
2,106.254,24576,64
2,106.204,24576,64
5,19.808,4096,4096
5,19.808,4096,4096
1,0.125,1024,64
1,0.125,1024,64
2,50.854,24576,64
2,50.866,24576,64
2,109.966,24576,64
2,109.981,24576,64
2,158.556,24576,64
2,158.54,24576,64
3,10.695,4096,4096
2,38.163,24576,64
2,38.147,24576,64
3,10.678,4096,4096
2,52.239,24576,64
2,52.239,24576,64
2,142.656,24576,64
2,142.64,24576,64
2,224.79,24576,64
2,224.774,24576,64
2,30.273,24576,64
2,30.273,24576,64
2,161.104,24576,64
2,161.104,24576,64
3,7.459,2048,2048
3,7.459,2048,2048
2,191.922,24576,64
2,191.885,24576,64
2,192.887,24576,64
2,192.887,24576,64
2,119.346,24576,64
2,119.363,24576,64
1,0.203,1024,64
2,84.976,24576,64
2,84.96,24576,64
3,13.89,4096,4096
3,13.874,4096,4096
2,55.335,24576,64
5,26.94,8192,8192
5,26.94,8192,8192
2,55.323,24576,64
2,126.237,24576,64
2,126.237,24576,64
2,142.881,24576,64
2,142.896,24576,64
2,90.509,24576,64
2,90.509,24576,64
3,11.354,4096,4096
3,11.334,4096,4096
5,19.85,4096,4096
5,19.85,4096,4096
2,41.748,24576,64
2,41.736,24576,64
1,0.015,1024,64
1,0.015,1024,64
2,47.024,24576,64
2,47.024,24576,64
2,100.072,24576,64
2,100.057,24576,64
3,2.521,2048,2048
3,2.521,2048,2048
3,4.603,2048,2048
2,31.484,24576,64
2,31.499,24576,64
2,133.321,24576,64
3,8.109,4096,4096
3,8.109,4096,4096
2,133.274,24576,64
2,152.971,24576,64
2,152.971,24576,64
5,19.085,4096,4096
5,19.053,4096,4096
5,20.603,8192,8192
5,20.603,8192,8192
2,43.086,24576,64
2,43.086,24576,64
2,108.796,24576,64
2,108.796,24576,64
2,111.289,24576,64
2,111.289,24576,64
2,53.072,24576,64
2,53.072,24576,64
3,15.729,4096,4096
3,15.76,4096,4096
2,82.736,24576,64
2,82.736,24576,64
1,0.015,1024,64
1,0.015,1024,64
5,16.901,4096,4096
5,16.901,4096,4096
2,137.374,24576,64
2,46.088,24576,64
2,46.103,24576,64
2,137.358,24576,64
2,101.39,24576,64
2,101.407,24576,64
2,107.165,24576,64
2,107.149,24576,64
2,198.734,24576,64
2,198.702,24576,64
5,25.687,8192,8192
5,25.672,8192,8192
2,42.974,24576,64
2,42.974,24576,64
2,62.977,24576,64
2,62.961,24576,64
2,30.492,24576,64
2,30.492,24576,64
2,161.64,24576,64
2,161.64,24576,64
2,155.147,24576,64
2,155.134,24576,64
2,115.125,24576,64
2,115.125,24576,64
2,287.99,24576,64
2,287.972,24576,64
2,150.914,24576,64
2,150.914,24576,64
2,126.443,24576,64
2,126.443,24576,64
1,0.016,1024,64
1,0.016,1024,64
5,26.641,8192,8192
5,26.625,8192,8192
2,174.831,24576,64
2,174.831,24576,64
2,44.918,24576,64
2,44.918,24576,64
3,6.646,2048,2048
3,6.646,2048,2048
2,107.221,24576,64
2,107.221,24576,64
2,80.155,24576,64
2,80.167,24576,64
2,103.831,24576,64
2,103.831,24576,64
2,49.846,24576,64
2,49.846,24576,64
1,0.453,1024,64
1,0.453,1024,64
2,189.721,24576,64
2,189.721,24576,64
2,152.5,24576,64
2,152.5,24576,64
3,4.859,2048,2048
3,4.859,2048,2048
2,237.629,24576,64
2,237.612,24576,64
2,51.57,24576,64
2,51.57,24576,64
3,1.871,2048,2048
3,1.871,2048,2048
2,203.642,24576,64
2,203.642,24576,64
5,21.12,8192,8192
5,21.12,8192,8192
5,29.258,8192,8192
5,29.258,8192,8192
2,94.208,24576,64
2,94.222,24576,64
2,116.774,24576,64
2,116.762,24576,64
1,0.845,2048,64
1,0.829,1024,64
2,106.274,24576,64
2,106.288,24576,64
2,132.975,24576,64
2,132.99,24576,64
2,50.129,24576,64
2,50.144,24576,64
2,175.782,24576,64
2,175.782,24576,64
3,15.334,4096,4096
2,130.113,24576,64
5,21.534,8192,8192
5,21.499,8192,8192
2,130.097,24576,64
3,15.302,4096,4096
2,96.517,24576,64
2,96.517,24576,64
2,56.274,24576,64
2,56.274,24576,64
3,15.229,4096,4096
3,15.229,4096,4096
3,11.8,4096,4096
3,11.784,4096,4096
2,54.067,24576,64
2,54.082,24576,64
2,59.743,24576,64
2,59.647,24576,64
2,42.674,24576,64
2,42.657,24576,64
2,286.231,24576,64
2,286.231,24576,64
2,34.463,24576,64
2,34.478,24576,64
2,73.536,24576,64
2,73.536,24576,64
2,173.058,24576,64
2,173.058,24576,64
2,92.933,24576,64
2,92.965,24576,64
2,65.066,24576,64
2,65.066,24576,64
2,45.773,24576,64
2,45.773,24576,64
5,18.95,4096,4096
5,18.937,4096,4096
3,8.266,4096,4096
3,8.266,4096,4096
2,113.552,24576,64
2,113.538,24576,64
2,144.581,24576,64
2,144.565,24576,64
2,147.628,24576,64
2,147.628,24576,64
2,30.837,24576,64
2,30.837,24576,64
5,24.456,8192,8192
5,24.471,8192,8192
1,0.015,1024,64
2,258.354,24576,64
2,258.354,24576,64
3,11.504,4096,4096
3,11.519,4096,4096
2,205.776,24576,64
2,205.776,24576,64
3,8.206,4096,4096
3,8.188,4096,4096
2,134.132,24576,64
2,134.132,24576,64
2,116.766,24576,64
2,116.735,24576,64
2,111.747,24576,64
2,111.747,24576,64
2,36.743,24576,64
2,36.743,24576,64
2,60.65,24576,64
2,60.617,24576,64
2,180.623,24576,64
2,180.608,24576,64
2,118.194,24576,64
2,118.194,24576,64
2,192.48,24576,64
2,192.48,24576,64
2,171.997,24576,64
2,171.997,24576,64
1,0.666,1024,64
1,0.666,1024,64
2,33.412,24576,64
2,33.349,24576,64
3,7.899,4096,4096
3,7.883,4096,4096
2,108.343,24576,64
2,108.331,24576,64
2,48.379,24576,64
2,48.379,24576,64
2,40.18,24576,64
2,40.18,24576,64
3,2.675,2048,2048
3,2.675,2048,2048
2,40.765,24576,64
2,40.765,24576,64
1,0.471,1024,64
1,0.471,1024,64
2,34.732,24576,64
3,15.934,4096,4096
3,15.919,4096,4096
2,78.021,24576,64
2,78.005,24576,64
5,17.958,4096,4096
5,18.231,4096,4096
3,15.755,4096,4096
5,19.275,4096,4096
5,23.663,8192,8192
5,20.931,8192,8192
5,20.931,8192,8192
3,15.88,4096,4096
3,15.537,4096,4096
5,23.589,8192,8192
5,19.2,4096,4096
2,34.51,24576,64
5,17.849,4096,4096
5,18.122,4096,4096
3,15.79,4096,4096
5,20.438,4096,4096
5,20.424,4096,4096
2,171.987,24576,64
2,171.971,24576,64
2,198.077,24576,64
2,198.091,24576,64
2,120.745,24576,64
2,120.745,24576,64
5,17.403,4096,4096
5,17.418,4096,4096
2,113.836,24576,64
2,113.82,24576,64
2,139.216,24576,64
2,139.216,24576,64
3,10.313,4096,4096
2,32.408,24576,64
2,32.423,24576,64
2,135.338,24576,64
2,135.338,24576,64
2,214.075,24576,64
2,214.075,24576,64
3,9.483,4096,4096
3,9.467,4096,4096
2,71.159,24576,64
2,71.128,24576,64
2,56.65,24576,64
2,56.633,24576,64
1,0.863,2048,64
1,0.863,2048,64
2,94.558,24576,64
2,94.575,24576,64
1,1.111,2048,64
1,1.111,2048,64
2,37.447,24576,64
2,37.447,24576,64
2,114.318,24576,64
2,114.318,24576,64
3,11.699,4096,4096
3,11.699,4096,4096
2,64.908,24576,64
2,64.861,24576,64
2,153.954,24576,64
2,153.954,24576,64
2,87.05,24576,64
2,87.068,24576,64
5,19.173,4096,4096
5,19.173,4096,4096
2,54.282,24576,64
2,54.282,24576,64
1,1.298,2048,64
1,1.298,2048,64
2,216.398,24576,64
2,216.398,24576,64
2,41.638,24576,64
2,41.638,24576,64
2,126.796,24576,64
2,126.796,24576,64
3,2.296,2048,2048
3,2.296,2048,2048
2,142.949,24576,64
2,142.949,24576,64
3,4.331,2048,2048
3,4.331,2048,2048
5,23.016,8192,8192
5,23.002,8192,8192
2,64.196,24576,64
2,64.211,24576,64
3,9.203,4096,4096
3,9.203,4096,4096
2,118.306,24576,64
2,118.306,24576,64
2,83.105,24576,64
2,83.105,24576,64
3,12.91,4096,4096
3,12.91,4096,4096
3,3.211,2048,2048
3,3.211,2048,2048
2,83.997,24576,64
2,83.997,24576,64
1,1.722,2048,64
1,1.738,2048,64
3,3.953,2048,2048
3,3.984,2048,2048
3,9.248,4096,4096
3,9.248,4096,4096
2,267.964,24576,64
2,267.948,24576,64
2,137.408,24576,64
2,137.408,24576,64
5,22.043,8192,8192
5,22.043,8192,8192
3,12.754,4096,4096
3,12.772,4096,4096
1,1.216,2048,64
1,1.2,2048,64
2,172.241,24576,64
2,172.241,24576,64
3,10.061,4096,4096
5,22.255,8192,8192
5,22.255,8192,8192
3,10.03,4096,4096
2,122.374,24576,64
2,122.342,24576,64
2,87.479,24576,64
2,87.479,24576,64
1,1.816,2048,64
1,1.816,2048,64
2,164.554,24576,64
2,164.554,24576,64
2,79.596,24576,64
2,79.596,24576,64
2,98.934,24576,64
2,98.93,24576,64
2,101.793,24576,64
2,101.793,24576,64
3,15.391,4096,4096
3,15.375,4096,4096
2,37.773,24576,64
2,37.745,24576,64
3,6.881,2048,2048
3,6.881,2048,2048
1,0.504,1024,64
2,68.711,24576,64
2,68.711,24576,64
3,3.36,2048,2048
3,3.36,2048,2048
2,38.212,24576,64
2,38.165,24576,64
2,90.978,24576,64
2,90.978,24576,64
2,87.664,24576,64
2,87.648,24576,64
2,153.079,24576,64
2,153.127,24576,64
2,57.406,24576,64
2,57.421,24576,64
3,2.334,2048,2048
3,2.334,2048,2048
2,59.307,24576,64
2,59.322,24576,64
2,80.707,24576,64
2,80.707,24576,64
2,285.028,24576,64
2,285.043,24576,64
2,77.846,24576,64
2,77.846,24576,64
5,17.952,4096,4096
5,17.952,4096,4096
2,204.424,24576,64
2,204.411,24576,64
5,22.71,8192,8192
5,22.697,8192,8192
5,23.596,8192,8192
5,23.596,8192,8192
2,52.42,24576,64
2,52.404,24576,64
3,2.598,2048,2048
3,2.613,2048,2048
2,138.234,24576,64
2,138.234,24576,64
2,128.371,24576,64
2,128.261,24576,64
1,0.015,1024,64
2,35.969,24576,64
2,35.953,24576,64
2,137.395,24576,64
2,137.395,24576,64
2,122.533,24576,64
2,122.533,24576,64
2,47.024,24576,64
2,47.024,24576,64
2,114.219,24576,64
2,114.203,24576,64
2,158.116,24576,64
2,158.1,24576,64
1,0.013,1024,64
3,12.324,4096,4096
3,12.342,4096,4096
5,22.666,8192,8192
5,22.636,8192,8192
1,0.011,1024,64
3,7.939,4096,4096
3,7.939,4096,4096
2,177.527,24576,64
2,177.544,24576,64
5,29.121,8192,8192
5,29.121,8192,8192
1,0.014,1024,64
1,0.875,2048,64
1,0.875,2048,64
3,6.836,2048,2048
3,6.804,2048,2048
1,1.696,2048,64
1,1.696,2048,64
1,0.019,1024,64
1,0.013,1024,64
2,138.812,24576,64
2,138.812,24576,64
1,1.509,2048,64
1,1.509,2048,64
1,0.013,1024,64
1,0.015,1024,64
3,11.503,4096,4096
3,11.519,4096,4096
1,0.02,1024,64
2,46.272,24576,64
2,46.257,24576,64
1,0.012,1024,64
2,55.178,24576,64
2,55.178,24576,64
1,0.012,1024,64
3,13.088,4096,4096
3,13.088,4096,4096
2,192.156,24576,64
2,192.156,24576,64
1,0.012,1024,64
3,14.162,4096,4096
3,14.162,4096,4096
1,0.023,1024,64
2,81.677,24576,64
3,10.062,4096,4096
3,10.062,4096,4096
2,81.649,24576,64
1,0.016,1024,64
2,33.214,24576,64
2,33.244,24576,64
1,0.017,1024,64
2,87.034,24576,64
2,33.282,24576,64
5,18.485,4096,4096
2,87.941,24576,64
2,90.191,24576,64
2,51.791,24576,64
2,89.503,24576,64
2,30.712,24576,64
2,51.947,24576,64
2,37.954,24576,64
2,37.95,24576,64
2,51.729,24576,64
2,86.988,24576,64
2,89.472,24576,64
2,90.144,24576,64
2,51.916,24576,64
2,33.25,24576,64
2,87.909,24576,64
2,30.665,24576,64
5,18.406,4096,4096
5,22.848,8192,8192
5,22.816,8192,8192
5,28.378,8192,8192
1,0.109,1024,64
1,0.109,1024,64
3,3.422,2048,2048
3,3.422,2048,2048
3,4.568,2048,2048
3,4.568,2048,2048
2,98.804,24576,64
2,98.804,24576,64
5,24.911,8192,8192
5,24.883,8192,8192
2,75.998,24576,64
2,76.013,24576,64
5,18.829,4096,4096
5,18.829,4096,4096
3,8.546,4096,4096
3,8.546,4096,4096
2,133.269,24576,64
2,133.252,24576,64
1,1.157,2048,64
1,1.141,2048,64
1,0.187,1024,64
2,99.771,24576,64
2,99.771,24576,64
3,11.318,4096,4096
3,11.334,4096,4096
3,11.394,4096,4096
3,11.394,4096,4096
2,76.222,24576,64
2,76.206,24576,64
1,0.96,2048,64
1,0.944,2048,64
5,22.155,8192,8192
5,22.155,8192,8192
5,26.15,8192,8192
2,46.285,24576,64
2,46.285,24576,64
3,2.709,2048,2048
3,2.709,2048,2048
3,9.585,4096,4096
3,9.585,4096,4096
2,112.769,24576,64
2,112.769,24576,64
5,21.989,8192,8192
5,22.004,8192,8192
3,3.789,2048,2048
3,3.789,2048,2048
2,41.307,24576,64
2,41.307,24576,64
5,27.003,8192,8192
5,26.991,8192,8192
1,1.319,2048,64
1,1.305,2048,64
5,22.907,8192,8192
5,22.891,8192,8192
2,132.569,24576,64
2,132.569,24576,64
2,69.797,24576,64
2,69.781,24576,64
3,8.737,4096,4096
3,8.466,4096,4096
3,8.466,4096,4096
5,26.074,8192,8192
2,81.513,24576,64
2,81.495,24576,64
5,26.231,8192,8192
5,26.231,8192,8192
2,41.246,24576,64
2,69.415,24576,64
2,69.415,24576,64
2,41.23,24576,64
3,5.788,2048,2048
3,5.788,2048,2048
5,25.521,8192,8192
5,25.521,8192,8192
5,21.397,8192,8192
5,21.381,8192,8192
5,23.147,8192,8192
5,25.059,8192,8192
5,22.209,8192,8192
3,5.482,2048,2048
3,5.482,2048,2048
5,25.052,8192,8192
5,25.052,8192,8192
3,2.515,2048,2048
3,2.5,2048,2048
2,91.488,24576,64
2,91.473,24576,64
2,135.887,24576,64
2,135.887,24576,64
2,79.888,24576,64
2,79.888,24576,64
2,79.429,24576,64
2,79.443,24576,64
1,1.267,2048,64
1,1.267,2048,64
2,49.605,24576,64
2,49.605,24576,64
3,2.359,2048,2048
3,2.328,2048,2048
2,126.215,24576,64
2,126.215,24576,64
2,65.199,24576,64
2,65.105,24576,64
3,12.895,4096,4096
3,12.895,4096,4096
5,27.85,8192,8192
5,27.832,8192,8192
3,10.462,4096,4096
3,10.474,4096,4096
2,78.35,24576,64
2,78.35,24576,64
1,1.656,2048,64
1,1.656,2048,64
5,16.434,4096,4096
5,16.465,4096,4096
2,73.831,24576,64
2,73.846,24576,64
2,107.612,24576,64
2,107.612,24576,64
2,41.224,24576,64
2,41.224,24576,64
3,11.178,4096,4096
3,11.178,4096,4096
5,21.221,8192,8192
5,20.941,8192,8192
3,12.869,4096,4096
5,21.517,8192,8192
2,95.488,24576,64
5,27.585,8192,8192
5,19.343,4096,4096
2,79.303,24576,64
2,79.303,24576,64
5,27.984,8192,8192
5,27.984,8192,8192
3,9.74,4096,4096
3,9.722,4096,4096
2,66.267,24576,64
2,66.079,24576,64
3,2.382,2048,2048
3,2.382,2048,2048
5,27.351,8192,8192
5,20.691,8192,8192
3,12.494,4096,4096
5,19.091,4096,4096
2,95.22,24576,64
5,21.249,8192,8192
5,20.921,8192,8192
2,119.238,24576,64
2,119.238,24576,64
2,77.249,24576,64
2,77.249,24576,64
3,11.193,4096,4096
3,11.208,4096,4096
2,109.804,24576,64
2,109.804,24576,64
2,97.456,24576,64
2,97.456,24576,64
5,16.6,4096,4096
5,16.566,4096,4096
5,19.872,4096,4096
5,19.872,4096,4096
2,47.989,24576,64
2,47.989,24576,64
2,97.752,24576,64
2,97.737,24576,64
3,6.798,2048,2048
3,6.782,2048,2048
3,12.81,4096,4096
3,12.796,4096,4096
1,0.398,1024,64
1,0.398,1024,64
2,129.271,24576,64
2,129.288,24576,64
2,201.67,24576,64
2,201.67,24576,64
1,0.015,1024,64
3,4.796,2048,2048
3,4.811,2048,2048
2,109.947,24576,64
2,109.958,24576,64
5,20.894,8192,8192
5,20.894,8192,8192
3,13.088,4096,4096
3,13.096,4096,4096
3,12.783,4096,4096
3,12.788,4096,4096
2,104.943,24576,64
2,104.943,24576,64
2,129.738,24576,64
2,129.77,24576,64
1,0.623,1024,64
1,0.623,1024,64
2,82.625,24576,64
2,82.656,24576,64
1,0.376,1024,64
1,0.376,1024,64
2,63.247,24576,64
2,63.247,24576,64
1,0.733,1024,64
1,0.703,1024,64
3,11.081,4096,4096
3,11.081,4096,4096
3,6.124,2048,2048
3,6.124,2048,2048
2,163.987,24576,64
2,163.987,24576,64
2,93.806,24576,64
2,93.806,24576,64
3,13.125,4096,4096
3,13.109,4096,4096
2,96.189,24576,64
2,96.189,24576,64
3,2.192,2048,2048
3,2.192,2048,2048
2,216.819,24576,64
2,216.819,24576,64
2,130.224,24576,64
2,130.224,24576,64
2,121.684,24576,64
2,71.552,24576,64
2,71.537,24576,64
2,121.638,24576,64
5,26.75,8192,8192
5,26.735,8192,8192
2,83.076,24576,64
2,83.216,24576,64
1,1.062,2048,64
1,1.046,2048,64
3,2.176,2048,2048
3,2.176,2048,2048
2,252.659,24576,64
2,252.643,24576,64
5,25.914,8192,8192
5,25.882,8192,8192
2,35.98,24576,64
2,35.98,24576,64
2,67.128,24576,64
2,67.128,24576,64
2,192.29,24576,64
2,192.149,24576,64
2,171.587,24576,64
2,171.587,24576,64
2,34.707,24576,64
2,34.69,24576,64
3,2.221,2048,2048
3,2.221,2048,2048
2,34.915,24576,64
3,2.706,2048,2048
3,2.706,2048,2048
3,14.453,4096,4096
2,55.079,24576,64
2,54.962,24576,64
2,54.962,24576,64
3,11.251,4096,4096
2,55.035,24576,64
3,14.453,4096,4096
3,14.471,4096,4096
3,14.923,4096,4096
2,34.837,24576,64
2,54.908,24576,64
3,11.158,4096,4096
3,14.876,4096,4096
2,55.001,24576,64
3,14.313,4096,4096
3,14.283,4096,4096
3,14.393,4096,4096
3,10.599,4096,4096
3,10.567,4096,4096
2,86.271,24576,64
2,86.271,24576,64
2,116.196,24576,64
2,116.196,24576,64
2,84.749,24576,64
2,85.077,24576,64
2,60.53,24576,64
2,60.53,24576,64
2,95.728,24576,64
2,95.747,24576,64
3,14.179,4096,4096
3,14.194,4096,4096
2,67.785,24576,64
2,67.8,24576,64
3,8.239,4096,4096
3,8.239,4096,4096
2,65.019,24576,64
2,65.019,24576,64
2,124.656,24576,64
1,1.224,2048,64
1,1.224,2048,64
2,124.64,24576,64
2,144.281,24576,64
2,144.297,24576,64
5,27.509,8192,8192
5,27.494,8192,8192
3,12.435,4096,4096
3,12.418,4096,4096
2,272.194,24576,64
2,272.178,24576,64
2,104.727,24576,64
2,104.727,24576,64
2,242.349,24576,64
2,242.333,24576,64
2,81.125,24576,64
2,81.125,24576,64
3,4.017,2048,2048
3,4.017,2048,2048
3,14.798,4096,4096
3,14.782,4096,4096
2,230.654,24576,64
2,230.559,24576,64
2,149.343,24576,64
2,149.343,24576,64
2,30.261,24576,64
2,30.275,24576,64
3,12.296,4096,4096
3,12.296,4096,4096
3,5.084,2048,2048
3,5.051,2048,2048
3,14.459,4096,4096
3,14.459,4096,4096
3,4.046,2048,2048
3,4.046,2048,2048
2,36.659,24576,64
2,36.673,24576,64
2,32.536,24576,64
2,32.548,24576,64
2,89.856,24576,64
2,89.825,24576,64
3,2.764,2048,2048
3,2.764,2048,2048
2,48.365,24576,64
2,48.365,24576,64
3,13.075,4096,4096
3,13.075,4096,4096
1,0.543,1024,64
1,0.562,1024,64
1,1.016,2048,64
1,1.016,2048,64
2,37.734,24576,64
2,37.734,24576,64
2,46.435,24576,64
2,178.485,24576,64
2,46.42,24576,64
2,178.36,24576,64
2,78.365,24576,64
2,78.396,24576,64
2,195.57,24576,64
2,195.57,24576,64
3,3.662,2048,2048
2,79.298,24576,64
3,3.646,2048,2048
2,79.284,24576,64
2,95.664,24576,64
2,95.664,24576,64
2,246.374,24576,64
2,246.374,24576,64
5,28.478,8192,8192
5,28.353,8192,8192
2,155.713,24576,64
2,155.713,24576,64
5,22.8,8192,8192
5,22.765,8192,8192
2,62.969,24576,64
2,62.969,24576,64
2,145.961,24576,64
2,145.961,24576,64
3,14.623,4096,4096
2,55.577,24576,64
5,20.183,4096,4096
3,13.95,4096,4096
5,24.847,8192,8192
2,52.069,24576,64
2,55.344,24576,64
5,24.642,8192,8192
5,19.916,4096,4096
2,51.833,24576,64
1,0.377,1024,64
1,0.377,1024,64
3,14.357,4096,4096
3,13.575,4096,4096
5,22.928,8192,8192
5,22.928,8192,8192
5,27.778,8192,8192
5,27.762,8192,8192
2,35.154,24576,64
2,35.154,24576,64
2,155.608,24576,64
2,155.592,24576,64
5,23.949,8192,8192
5,23.93,8192,8192
1,1.473,2048,64
2,136.676,24576,64
2,136.676,24576,64
1,1.457,2048,64
2,73.466,24576,64
2,73.466,24576,64
2,124.84,24576,64
2,124.84,24576,64
2,133.304,24576,64
2,133.429,24576,64
1,0.46,1024,64
1,0.46,1024,64
2,35.423,24576,64
2,132.948,24576,64
2,132.931,24576,64
2,93.18,24576,64
2,93.195,24576,64
3,9.144,4096,4096
3,9.144,4096,4096
2,168.384,24576,64
2,168.35,24576,64
2,34.91,24576,64
2,34.197,24576,64
2,34.197,24576,64
3,8.861,4096,4096
3,8.831,4096,4096
2,164.704,24576,64
2,164.69,24576,64
3,15.146,4096,4096
3,15.146,4096,4096
2,37.714,24576,64
2,37.714,24576,64
2,167.068,24576,64
2,167.052,24576,64
2,82.98,24576,64
2,82.964,24576,64
2,159.182,24576,64
2,159.164,24576,64
3,9.667,4096,4096
3,9.651,4096,4096
3,6.781,2048,2048
3,6.765,2048,2048
2,67.534,24576,64
2,108.549,24576,64
2,108.549,24576,64
2,66.129,24576,64
2,66.129,24576,64
2,67.519,24576,64
2,192.277,24576,64
2,192.277,24576,64
2,108.792,24576,64
2,108.78,24576,64
2,177.163,24576,64
2,177.163,24576,64
2,268.373,24576,64
2,268.384,24576,64
2,42.439,24576,64
2,42.392,24576,64
2,64.958,24576,64
3,2.491,2048,2048
3,2.524,2048,2048
2,64.927,24576,64
2,198.424,24576,64
2,198.424,24576,64
2,81.518,24576,64
2,81.502,24576,64
2,116.63,24576,64
2,116.614,24576,64
3,10.75,4096,4096
3,10.75,4096,4096
3,12.504,4096,4096
3,12.519,4096,4096
2,134.057,24576,64
2,134.026,24576,64
2,40.036,24576,64
2,40.036,24576,64
3,1.96,2048,2048
3,1.96,2048,2048
2,165.688,24576,64
2,165.657,24576,64
2,103.109,24576,64
2,103.109,24576,64
2,70.395,24576,64
2,70.407,24576,64
5,17.238,4096,4096
5,17.238,4096,4096
2,68.027,24576,64
2,68.015,24576,64
2,87.723,24576,64
2,87.723,24576,64
2,141.783,24576,64
2,141.783,24576,64
2,164.605,24576,64
2,164.605,24576,64
5,22.38,8192,8192
5,22.161,8192,8192
2,50.879,24576,64
2,50.879,24576,64
2,113.292,24576,64
2,113.292,24576,64
2,47.373,24576,64
2,47.373,24576,64
3,3.256,2048,2048
3,3.273,2048,2048
3,11.197,4096,4096
3,11.197,4096,4096
2,70.539,24576,64
2,70.523,24576,64
1,0.66,1024,64
1,0.66,1024,64
2,78.363,24576,64
2,78.348,24576,64
3,6.674,2048,2048
3,6.658,2048,2048
1,0.015,1024,64
2,60.578,24576,64
2,60.578,24576,64
2,114.403,24576,64
2,114.403,24576,64
2,44.281,24576,64
2,44.05,24576,64
2,182.128,24576,64
2,182.128,24576,64
2,203.05,24576,64
2,203.05,24576,64
5,16.72,4096,4096
5,16.689,4096,4096
2,92.672,24576,64
2,92.656,24576,64
2,36.901,24576,64
2,36.901,24576,64
2,106.008,24576,64
2,106.008,24576,64
2,46.555,24576,64
2,46.555,24576,64
2,36.292,24576,64
2,36.304,24576,64
2,32.219,24576,64
2,32.219,24576,64
3,13.563,4096,4096
3,13.547,4096,4096
2,98.099,24576,64
2,98.11,24576,64
2,136.628,24576,64
2,136.614,24576,64
5,22.5,8192,8192
5,22.5,8192,8192
2,53.534,24576,64
2,53.534,24576,64
3,6.783,2048,2048
3,6.783,2048,2048
3,4.423,2048,2048
3,4.407,2048,2048
2,35.954,24576,64
2,35.954,24576,64
5,18.29,4096,4096
5,18.258,4096,4096
2,69.948,24576,64
2,69.948,24576,64
2,66.344,24576,64
2,66.344,24576,64
5,21.119,8192,8192
5,21.119,8192,8192
2,146.841,24576,64
2,146.825,24576,64
2,49.794,24576,64
2,49.764,24576,64
1,1.269,2048,64
1,1.251,2048,64
2,110.931,24576,64
2,110.931,24576,64
2,58.107,24576,64
2,58.119,24576,64
2,111.987,24576,64
2,111.987,24576,64
2,199.257,24576,64
2,199.257,24576,64
2,88.18,24576,64
2,88.149,24576,64
2,112.524,24576,64
2,112.524,24576,64
2,69.913,24576,64
2,69.866,24576,64
3,10.266,4096,4096
3,10.28,4096,4096
3,4.676,2048,2048
2,31.147,24576,64
2,31.147,24576,64
2,193.718,24576,64
2,193.701,24576,64
1,0.062,1024,64
1,0.062,1024,64
3,10.161,4096,4096
3,10.161,4096,4096
1,0.078,1024,64
1,0.078,1024,64
2,33.414,24576,64
2,33.432,24576,64
1,1.571,2048,64
1,1.571,2048,64
5,19.438,4096,4096
5,19.454,4096,4096
5,18.371,4096,4096
5,18.386,4096,4096
2,43.841,24576,64
2,43.823,24576,64
2,55.351,24576,64
2,55.338,24576,64
2,256.928,24576,64
2,256.928,24576,64
3,16.228,4096,4096
3,16.228,4096,4096
3,6.687,2048,2048
3,6.687,2048,2048
3,13.132,4096,4096
3,13.116,4096,4096
3,5.21,2048,2048
3,5.21,2048,2048
2,70.999,24576,64
2,70.999,24576,64
2,66.555,24576,64
2,66.555,24576,64
3,9.967,4096,4096
3,9.967,4096,4096
3,12.166,4096,4096
3,12.153,4096,4096
2,49.777,24576,64
2,49.777,24576,64
2,106.547,24576,64
2,77.081,24576,64
2,226.052,24576,64
2,243.849,24576,64
2,44.017,24576,64
2,31.08,24576,64
2,222.48,24576,64
2,31.234,24576,64
2,30.218,24576,64
5,24.429,8192,8192
2,120.452,24576,64
2,120.435,24576,64
2,182.743,24576,64
2,182.743,24576,64
2,106.422,24576,64
2,225.989,24576,64
2,120.39,24576,64
2,43.955,24576,64
2,30.157,24576,64
2,31.034,24576,64
2,243.767,24576,64
2,77.018,24576,64
2,31.173,24576,64
2,120.391,24576,64
2,222.399,24576,64
5,24.149,8192,8192
1,1.106,2048,64
1,1.106,2048,64
1,0.96,2048,64
1,0.96,2048,64
5,21.674,8192,8192
5,21.674,8192,8192
2,33.22,24576,64
2,33.142,24576,64
3,15.95,4096,4096
3,15.95,4096,4096
2,51.89,24576,64
2,51.905,24576,64
3,7.063,2048,2048
3,7.063,2048,2048
2,112.396,24576,64
2,112.396,24576,64
2,180.062,24576,64
2,180.062,24576,64
2,44.036,24576,64
2,44.036,24576,64
2,159.382,24576,64
2,159.382,24576,64
2,81.226,24576,64
2,81.226,24576,64
3,4.25,2048,2048
3,4.25,2048,2048
2,64.572,24576,64
2,64.572,24576,64
3,11.872,4096,4096
3,11.872,4096,4096
2,35.13,24576,64
2,35.13,24576,64
3,2.106,2048,2048
3,2.12,2048,2048
2,176.046,24576,64
2,176.063,24576,64
2,170.663,24576,64
2,170.648,24576,64
1,1.276,2048,64
1,1.291,2048,64
2,32.995,24576,64
2,32.979,24576,64
2,64.568,24576,64
2,64.552,24576,64
2,113.988,24576,64
2,106.164,24576,64
2,106.164,24576,64
3,4.309,2048,2048
3,4.309,2048,2048
3,7.115,2048,2048
3,7.1,2048,2048
2,103.124,24576,64
2,103.141,24576,64
2,103.587,24576,64
2,103.571,24576,64
1,1.187,2048,64
2,221.865,24576,64
2,221.88,24576,64
1,1.093,2048,64
3,2.398,2048,2048
3,2.398,2048,2048
1,0.858,2048,64
1,0.843,2048,64
2,90.724,24576,64
3,2.806,2048,2048
3,2.806,2048,2048
2,90.739,24576,64
3,9.774,4096,4096
3,9.774,4096,4096
2,111.139,24576,64
2,111.139,24576,64
2,100.216,24576,64
2,100.122,24576,64
2,156.145,24576,64
2,156.145,24576,64
2,139.779,24576,64
2,139.779,24576,64
3,6.472,2048,2048
3,6.491,2048,2048
2,209.259,24576,64
2,209.273,24576,64
5,17.319,4096,4096
5,17.331,4096,4096
3,4.288,2048,2048
3,4.288,2048,2048
5,19.289,4096,4096
5,19.289,4096,4096
3,7.737,2048,2048
3,7.719,2048,2048
2,77.708,24576,64
2,77.708,24576,64
2,31.76,24576,64
2,31.775,24576,64
2,113.378,24576,64
2,113.393,24576,64
1,1.125,2048,64
1,1.108,2048,64
3,7.269,2048,2048
3,7.269,2048,2048
2,71.611,24576,64
2,71.595,24576,64
5,23.026,8192,8192
5,23.04,8192,8192
2,109.78,24576,64
2,109.797,24576,64
5,28.224,8192,8192
5,28.255,8192,8192
2,137.231,24576,64
2,137.231,24576,64
3,2.755,2048,2048
3,2.755,2048,2048
2,101.487,24576,64
2,101.456,24576,64
5,16.49,4096,4096
5,16.49,4096,4096
2,30.597,24576,64
2,30.597,24576,64
2,110.901,24576,64
3,15.566,4096,4096
3,15.566,4096,4096
2,89.364,24576,64
2,89.348,24576,64
2,60.547,24576,64
2,60.547,24576,64
2,34.449,24576,64
2,34.449,24576,64
2,167.579,24576,64
2,167.282,24576,64
2,144.373,24576,64
2,144.388,24576,64
2,120.973,24576,64
2,120.973,24576,64
5,29.262,8192,8192
5,29.279,8192,8192
2,60.707,24576,64
2,60.707,24576,64
2,74.518,24576,64
2,74.518,24576,64
2,109.805,24576,64
2,109.817,24576,64
2,84.095,24576,64
2,84.079,24576,64
2,63.249,24576,64
2,63.249,24576,64
5,17.707,4096,4096
5,17.688,4096,4096
3,7.56,2048,2048
3,7.56,2048,2048
3,14.505,4096,4096
3,14.484,4096,4096
3,4.583,2048,2048
3,4.57,2048,2048
2,116.203,24576,64
2,116.217,24576,64
2,91.472,24576,64
2,91.488,24576,64
3,14.42,4096,4096
3,14.404,4096,4096
2,97.521,24576,64
2,97.521,24576,64
3,8.149,4096,4096
3,8.149,4096,4096
2,225.255,24576,64
2,225.27,24576,64
2,155.893,24576,64
2,155.893,24576,64
5,28.838,8192,8192
5,28.838,8192,8192
5,28.336,8192,8192
5,28.336,8192,8192
2,108.968,24576,64
2,108.985,24576,64
2,128.239,24576,64
2,128.239,24576,64
5,21.814,8192,8192
5,21.829,8192,8192
2,76.304,24576,64
2,76.304,24576,64
2,37.545,24576,64
2,37.545,24576,64
2,87.893,24576,64
2,87.908,24576,64
3,3.377,2048,2048
3,3.377,2048,2048
5,28.503,8192,8192
5,28.503,8192,8192
2,102.701,24576,64
2,92.595,24576,64
2,92.595,24576,64
2,102.685,24576,64
2,85.002,24576,64
2,84.952,24576,64
3,7.993,4096,4096
3,7.993,4096,4096
2,153.532,24576,64
2,153.532,24576,64
2,114.68,24576,64
2,146.116,24576,64
2,146.116,24576,64
2,114.538,24576,64
2,227.837,24576,64
2,227.837,24576,64
3,3.502,2048,2048
3,3.502,2048,2048
2,61.882,24576,64
2,61.866,24576,64
2,69.659,24576,64
2,69.659,24576,64
2,140.982,24576,64
2,140.966,24576,64
5,26.561,8192,8192
5,26.561,8192,8192
2,92.486,24576,64
2,92.471,24576,64
2,70.614,24576,64
2,70.614,24576,64
2,91.177,24576,64
2,91.194,24576,64
2,171.075,24576,64
2,171.075,24576,64
5,26.866,8192,8192
5,26.831,8192,8192
2,136.258,24576,64
2,136.258,24576,64
2,44.7,24576,64
2,44.682,24576,64
2,49.191,24576,64
2,49.206,24576,64
2,87.763,24576,64
2,87.763,24576,64
2,100.631,24576,64
2,100.631,24576,64
2,106.157,24576,64
2,141.233,24576,64
2,141.217,24576,64
2,88.707,24576,64
2,88.694,24576,64
2,106.142,24576,64
2,75.49,24576,64
2,75.474,24576,64
5,20.496,8192,8192
2,195.195,24576,64
2,153.755,24576,64
2,153.724,24576,64
5,20.479,8192,8192
2,195.084,24576,64
2,231.989,24576,64
2,231.989,24576,64
5,21.683,8192,8192
5,21.683,8192,8192
2,59.011,24576,64
2,59.011,24576,64
2,74.836,24576,64
2,74.836,24576,64
2,70.818,24576,64
2,70.832,24576,64
2,89.198,24576,64
2,89.198,24576,64
2,148.806,24576,64
2,148.825,24576,64
2,52.304,24576,64
2,52.304,24576,64
2,106.843,24576,64
3,8.477,4096,4096
3,8.477,4096,4096
2,106.829,24576,64
2,126.303,24576,64
2,126.303,24576,64
2,70.957,24576,64
2,70.957,24576,64
2,139.598,24576,64
2,139.613,24576,64
2,118.647,24576,64
2,118.634,24576,64
3,13.946,4096,4096
3,13.946,4096,4096
2,216.58,24576,64
2,216.566,24576,64
2,155.183,24576,64
5,24.507,8192,8192
5,24.507,8192,8192
2,155.136,24576,64
2,70.584,24576,64
2,70.547,24576,64
2,145.701,24576,64
2,145.701,24576,64
2,143.105,24576,64
2,143.105,24576,64
2,87.495,24576,64
2,87.495,24576,64
2,85.488,24576,64
2,85.488,24576,64
2,46.645,24576,64
2,46.631,24576,64
2,158.544,24576,64
2,51.898,24576,64
2,158.528,24576,64
2,51.882,24576,64
2,157.293,24576,64
2,157.293,24576,64
2,157.902,24576,64
2,157.867,24576,64
2,45.607,24576,64
2,45.619,24576,64
3,3.87,2048,2048
3,3.87,2048,2048
5,28.861,8192,8192
5,28.861,8192,8192
2,133.023,24576,64
2,133.023,24576,64
2,90.606,24576,64
2,90.606,24576,64
5,18.972,4096,4096
5,18.972,4096,4096
2,57.177,24576,64
2,57.192,24576,64
2,145.097,24576,64
2,33.759,24576,64
2,33.774,24576,64
2,145.078,24576,64
2,65.08,24576,64
2,65.08,24576,64
2,80.796,24576,64
2,80.796,24576,64
2,56.021,24576,64
2,56.021,24576,64
2,162.515,24576,64
2,162.515,24576,64
2,170.77,24576,64
2,170.77,24576,64
2,34.009,24576,64
2,33.993,24576,64
2,78.388,24576,64
2,78.372,24576,64
2,91.744,24576,64
2,91.728,24576,64
2,53.477,24576,64
2,53.477,24576,64
2,37.101,24576,64
2,37.101,24576,64
2,101.305,24576,64
2,101.305,24576,64
2,49.803,24576,64
2,79.824,24576,64
2,79.824,24576,64
2,49.753,24576,64
2,134.798,24576,64
2,131.835,24576,64
2,131.835,24576,64
2,134.782,24576,64
2,125.975,24576,64
2,125.962,24576,64
2,197.612,24576,64
2,197.612,24576,64
3,5.986,2048,2048
3,5.986,2048,2048
2,138.615,24576,64
2,138.6,24576,64
2,92.203,24576,64
2,92.187,24576,64
2,93.337,24576,64
2,93.337,24576,64
2,111.436,24576,64
2,111.417,24576,64
2,159.275,24576,64
2,159.275,24576,64
2,102.732,24576,64
2,102.732,24576,64
2,103.249,24576,64
2,103.249,24576,64
2,133.855,24576,64
2,133.855,24576,64
2,55.333,24576,64
2,55.333,24576,64
1,0.97,2048,64
1,0.989,2048,64
2,80.729,24576,64
2,80.729,24576,64
2,77.119,24576,64
2,77.119,24576,64
2,57.789,24576,64
2,57.789,24576,64
3,12.841,4096,4096
3,12.841,4096,4096
2,85.952,24576,64
2,85.764,24576,64
3,1.838,2048,2048
3,1.838,2048,2048
2,197.044,24576,64
2,137.452,24576,64
2,137.452,24576,64
2,197.025,24576,64
1,0.423,1024,64
2,110.128,24576,64
2,110.128,24576,64
2,37.396,24576,64
2,107.525,24576,64
2,107.569,24576,64
2,37.363,24576,64
2,55.239,24576,64
2,55.239,24576,64
2,108.68,24576,64
2,108.68,24576,64
2,56.683,24576,64
2,56.683,24576,64
5,17.291,4096,4096
5,17.291,4096,4096
2,112.262,24576,64
2,112.246,24576,64
2,190.671,24576,64
2,190.624,24576,64
2,180.794,24576,64
2,180.716,24576,64
2,180.716,24576,64
2,180.778,24576,64
2,118.235,24576,64
2,118.235,24576,64
2,146.248,24576,64
2,146.248,24576,64
5,29.67,8192,8192
5,29.67,8192,8192
2,129.927,24576,64
2,129.927,24576,64
2,91.019,24576,64
2,91.019,24576,64
2,59.618,24576,64
2,59.618,24576,64
2,72.506,24576,64
2,72.506,24576,64
2,122.372,24576,64
2,122.372,24576,64
2,184.705,24576,64
2,184.72,24576,64
2,81.509,24576,64
2,81.524,24576,64
3,14.543,4096,4096
2,190.55,24576,64
2,190.595,24576,64
2,59.275,24576,64
2,59.306,24576,64
2,53.741,24576,64
2,53.741,24576,64
2,31.977,24576,64
2,31.977,24576,64
2,46.227,24576,64
2,46.211,24576,64
3,14.478,4096,4096
2,192.649,24576,64
2,192.649,24576,64
2,122.187,24576,64
2,122.187,24576,64
3,2.281,2048,2048
3,2.281,2048,2048
2,117.855,24576,64
2,117.855,24576,64
2,95.516,24576,64
2,95.516,24576,64
3,11.025,4096,4096
3,11.025,4096,4096
2,34.771,24576,64
2,34.788,24576,64
2,135.565,24576,64
2,168.993,24576,64
2,168.977,24576,64
2,135.518,24576,64
3,8.086,4096,4096
3,8.086,4096,4096
2,135.721,24576,64
2,135.721,24576,64
2,66.448,24576,64
2,66.448,24576,64
2,115.808,24576,64
2,115.808,24576,64
2,86.981,24576,64
2,86.981,24576,64
3,2.611,2048,2048
3,2.625,2048,2048
2,161.384,24576,64
2,161.399,24576,64
5,19.159,4096,4096
5,19.141,4096,4096
2,66.142,24576,64
2,66.142,24576,64
2,128.68,24576,64
2,128.651,24576,64
2,62.078,24576,64
2,62.093,24576,64
2,115.241,24576,64
2,115.224,24576,64
2,158.405,24576,64
2,158.405,24576,64
2,178.143,24576,64
2,178.143,24576,64
2,121.009,24576,64
2,121.009,24576,64
3,16.009,4096,4096
3,16.009,4096,4096
2,176.941,24576,64
2,176.941,24576,64
2,99.548,24576,64
2,99.548,24576,64
2,165.473,24576,64
2,165.473,24576,64
2,40.299,24576,64
2,40.314,24576,64
3,10.506,4096,4096
3,10.506,4096,4096
5,20.3,4096,4096
5,20.3,4096,4096
3,11.096,4096,4096
3,11.096,4096,4096
5,21.431,8192,8192
5,21.431,8192,8192
2,64.364,24576,64
2,64.364,24576,64
2,94.344,24576,64
2,94.344,24576,64
2,51.906,24576,64
2,51.906,24576,64
3,2.723,2048,2048
3,2.738,2048,2048
5,26.432,8192,8192
5,26.432,8192,8192
5,19.681,4096,4096
5,19.681,4096,4096
2,228.847,24576,64
2,228.832,24576,64
2,190.928,24576,64
2,190.928,24576,64
2,95.24,24576,64
2,197.16,24576,64
2,197.173,24576,64
3,4.754,2048,2048
3,4.736,2048,2048
2,95.146,24576,64
2,57.454,24576,64
2,57.454,24576,64
2,39.616,24576,64
2,39.507,24576,64
2,51.219,24576,64
2,51.206,24576,64
3,13.067,4096,4096
3,13.051,4096,4096
2,98.478,24576,64
2,98.478,24576,64
3,15.736,4096,4096
3,15.751,4096,4096
2,54.044,24576,64
2,54.028,24576,64
5,17.052,4096,4096
5,17.052,4096,4096
2,107.254,24576,64
2,107.254,24576,64
2,298.124,24576,64
2,298.124,24576,64
2,54.652,24576,64
2,54.667,24576,64
2,126.624,24576,64
2,126.624,24576,64
2,75.388,24576,64
2,75.388,24576,64
2,76.097,24576,64
2,76.097,24576,64
2,195.298,24576,64
2,195.284,24576,64
3,4.407,2048,2048
3,4.407,2048,2048
2,209.302,24576,64
2,209.052,24576,64
3,13.891,4096,4096
3,13.891,4096,4096
2,32.816,24576,64
2,32.816,24576,64
2,189.252,24576,64
2,189.252,24576,64
2,61.399,24576,64
2,61.399,24576,64
5,27.032,8192,8192
2,30.463,24576,64
5,17.577,4096,4096
2,97.847,24576,64
2,97.674,24576,64
5,25.553,8192,8192
5,17.784,4096,4096
2,33.508,24576,64
2,189.759,24576,64
2,189.743,24576,64
2,33.431,24576,64
5,17.452,4096,4096
2,30.387,24576,64
5,26.86,8192,8192
2,97.597,24576,64
2,97.784,24576,64
5,25.49,8192,8192
5,17.721,4096,4096
2,43.178,24576,64
2,32.344,24576,64
2,32.095,24576,64
2,42.93,24576,64
2,96.819,24576,64
2,96.803,24576,64
3,5.967,2048,2048
3,5.967,2048,2048
5,25.692,8192,8192
5,25.615,8192,8192
2,149.515,24576,64
2,149.515,24576,64
5,23.583,8192,8192
5,23.583,8192,8192
2,113.289,24576,64
2,113.289,24576,64
2,229.226,24576,64
2,229.21,24576,64
2,128.84,24576,64
2,128.84,24576,64
2,203.371,24576,64
2,203.371,24576,64
2,114.012,24576,64
2,113.997,24576,64
1,0.234,1024,64
2,74.033,24576,64
2,74.033,24576,64
2,82.286,24576,64
2,82.286,24576,64
5,24.697,8192,8192
5,24.697,8192,8192
2,37.862,24576,64
2,37.846,24576,64
1,1.66,2048,64
1,1.66,2048,64
2,47.0,24576,64
2,47.0,24576,64
2,57.521,24576,64
2,57.521,24576,64
2,121.493,24576,64
2,121.493,24576,64
2,134.182,24576,64
2,134.195,24576,64
3,4.52,2048,2048
2,102.289,24576,64
2,102.273,24576,64
2,59.256,24576,64
2,59.24,24576,64
2,267.226,24576,64
2,267.226,24576,64
2,46.355,24576,64
2,46.37,24576,64
2,138.462,24576,64
2,138.462,24576,64
2,142.9,24576,64
2,142.996,24576,64
2,76.868,24576,64
2,76.868,24576,64
2,128.13,24576,64
2,128.115,24576,64
2,60.033,24576,64
2,60.018,24576,64
2,46.328,24576,64
2,46.343,24576,64
2,72.102,24576,64
2,72.086,24576,64
2,161.25,24576,64
2,161.219,24576,64
5,21.13,8192,8192
5,21.13,8192,8192
2,68.044,24576,64
2,68.059,24576,64
2,131.818,24576,64
2,131.818,24576,64
2,65.287,24576,64
2,65.287,24576,64
2,63.93,24576,64
2,63.914,24576,64
2,63.201,24576,64
2,63.201,24576,64
2,82.377,24576,64
2,82.392,24576,64
2,91.605,24576,64
2,91.605,24576,64
2,70.513,24576,64
2,70.464,24576,64
1,1.809,2048,64
1,1.809,2048,64
2,145.602,24576,64
2,145.602,24576,64
2,50.268,24576,64
2,50.205,24576,64
3,2.085,2048,2048
3,2.085,2048,2048
2,46.897,24576,64
2,46.881,24576,64
5,18.521,4096,4096
2,102.853,24576,64
2,102.853,24576,64
5,17.072,4096,4096
5,17.072,4096,4096
2,109.271,24576,64
2,109.271,24576,64
2,60.426,24576,64
2,60.408,24576,64
2,43.825,24576,64
2,43.825,24576,64
3,6.96,2048,2048
3,6.945,2048,2048
5,18.883,4096,4096
5,18.9,4096,4096
2,69.312,24576,64
2,69.405,24576,64
2,139.046,24576,64
2,139.029,24576,64
2,67.131,24576,64
2,67.131,24576,64
2,243.047,24576,64
2,243.061,24576,64
5,19.429,4096,4096
5,19.429,4096,4096
2,134.872,24576,64
2,134.856,24576,64
2,103.063,24576,64
2,103.032,24576,64
2,167.348,24576,64
2,167.348,24576,64
2,59.865,24576,64
2,59.829,24576,64
2,147.463,24576,64
2,147.447,24576,64
2,100.278,24576,64
2,100.278,24576,64
2,212.331,24576,64
2,212.315,24576,64
3,13.976,4096,4096
3,13.976,4096,4096
2,179.565,24576,64
2,179.533,24576,64
3,7.899,4096,4096
3,7.883,4096,4096
2,102.194,24576,64
2,102.143,24576,64
1,1.601,2048,64
1,1.601,2048,64
2,58.779,24576,64
2,58.779,24576,64
5,16.848,4096,4096
5,16.832,4096,4096
1,0.328,1024,64
3,7.844,2048,2048
3,7.829,2048,2048
2,85.832,24576,64
2,85.832,24576,64
2,38.555,24576,64
2,38.571,24576,64
2,124.134,24576,64
2,151.237,24576,64
2,151.222,24576,64
2,68.933,24576,64
2,68.902,24576,64
2,34.738,24576,64
2,34.706,24576,64
2,79.292,24576,64
2,160.904,24576,64
2,103.376,24576,64
2,220.331,24576,64
2,220.409,24576,64
2,160.918,24576,64
2,54.308,24576,64
2,254.71,24576,64
2,112.219,24576,64
2,161.478,24576,64
2,160.431,24576,64
2,160.431,24576,64
2,201.916,24576,64
2,254.568,24576,64
2,169.046,24576,64
2,254.332,24576,64
2,254.332,24576,64
2,260.107,24576,64
2,182.17,24576,64
2,184.191,24576,64
2,160.763,24576,64
2,123.892,24576,64
2,103.218,24576,64
2,160.762,24576,64
2,54.152,24576,64
2,112.063,24576,64
2,161.322,24576,64
2,254.538,24576,64
2,220.174,24576,64
2,220.252,24576,64
2,160.278,24576,64
2,254.398,24576,64
2,201.747,24576,64
2,160.263,24576,64
2,254.179,24576,64
2,254.148,24576,64
2,259.95,24576,64
2,168.877,24576,64
2,182.013,24576,64
2,184.033,24576,64
2,79.042,24576,64
2,62.864,24576,64
2,62.848,24576,64
2,74.841,24576,64
2,74.841,24576,64
5,23.117,8192,8192
5,23.117,8192,8192
5,17.515,4096,4096
5,17.515,4096,4096
2,119.402,24576,64
2,119.402,24576,64
2,139.069,24576,64
2,139.069,24576,64
2,110.409,24576,64
2,110.409,24576,64
2,99.248,24576,64
2,99.248,24576,64
2,216.772,24576,64
2,216.753,24576,64
5,29.192,8192,8192
5,29.176,8192,8192
2,56.251,24576,64
2,56.251,24576,64
2,187.626,24576,64
2,187.609,24576,64
1,0.812,1024,64
1,0.812,1024,64
2,298.05,24576,64
2,298.081,24576,64
2,72.129,24576,64
2,72.148,24576,64
2,98.772,24576,64
2,98.772,24576,64
2,189.48,24576,64
2,189.464,24576,64
2,173.357,24576,64
2,173.357,24576,64
2,226.459,24576,64
2,226.441,24576,64
2,101.549,24576,64
2,101.549,24576,64
2,165.109,24576,64
2,165.091,24576,64
2,45.306,24576,64
2,45.275,24576,64
2,173.032,24576,64
2,173.016,24576,64
3,11.649,4096,4096
3,11.649,4096,4096
3,10.357,4096,4096
2,36.851,24576,64
2,36.835,24576,64
5,28.191,8192,8192
5,28.175,8192,8192
2,172.745,24576,64
2,172.745,24576,64
2,31.806,24576,64
2,31.793,24576,64
3,3.548,2048,2048
3,3.532,2048,2048
2,112.714,24576,64
2,112.729,24576,64
2,188.251,24576,64
2,188.265,24576,64
2,140.651,24576,64
2,140.651,24576,64
2,176.844,24576,64
2,176.797,24576,64
2,65.889,24576,64
2,65.889,24576,64
3,7.185,2048,2048
3,7.185,2048,2048
2,36.875,24576,64
2,78.634,24576,64
2,78.634,24576,64
2,150.013,24576,64
2,150.013,24576,64
2,119.68,24576,64
2,119.68,24576,64
2,181.707,24576,64
2,181.707,24576,64
2,236.983,24576,64
2,236.983,24576,64
5,26.433,8192,8192
5,26.433,8192,8192
2,152.072,24576,64
2,36.9,24576,64
3,2.269,2048,2048
3,2.269,2048,2048
2,210.401,24576,64
2,210.401,24576,64
2,67.562,24576,64
2,67.562,24576,64
2,172.274,24576,64
2,172.288,24576,64
2,139.024,24576,64
2,139.024,24576,64
2,183.38,24576,64
2,183.38,24576,64
2,86.258,24576,64
2,86.258,24576,64
2,40.997,24576,64
2,41.013,24576,64
2,172.048,24576,64
2,172.061,24576,64
2,263.513,24576,64
2,80.536,24576,64
2,80.536,24576,64
2,263.497,24576,64
3,3.328,2048,2048
3,3.328,2048,2048
3,4.672,2048,2048
3,4.672,2048,2048
1,1.142,2048,64
1,1.094,2048,64
2,42.489,24576,64
5,22.87,8192,8192
5,22.889,8192,8192
2,123.099,24576,64
2,123.099,24576,64
2,121.194,24576,64
2,121.194,24576,64
3,10.835,4096,4096
3,10.822,4096,4096
2,50.387,24576,64
2,50.387,24576,64
2,156.596,24576,64
2,156.58,24576,64
5,18.768,4096,4096
5,18.768,4096,4096
5,17.254,4096,4096
3,11.341,4096,4096
3,11.356,4096,4096
5,17.226,4096,4096
2,33.249,24576,64
2,33.234,24576,64
2,145.646,24576,64
2,145.615,24576,64
2,168.86,24576,64
2,168.86,24576,64
2,44.755,24576,64
2,44.74,24576,64
3,9.816,4096,4096
3,9.816,4096,4096
5,28.054,8192,8192
5,28.054,8192,8192
2,273.476,24576,64
2,273.489,24576,64
2,121.74,24576,64
2,121.74,24576,64
2,176.888,24576,64
2,176.888,24576,64
2,116.464,24576,64
2,116.464,24576,64
2,113.025,24576,64
2,113.025,24576,64
2,93.673,24576,64
2,93.673,24576,64
2,110.951,24576,64
2,110.951,24576,64
2,147.192,24576,64
2,147.178,24576,64
2,52.407,24576,64
2,52.407,24576,64
2,119.914,24576,64
2,119.914,24576,64
2,91.884,24576,64
2,91.884,24576,64
2,92.111,24576,64
2,92.189,24576,64
2,89.788,24576,64
2,89.788,24576,64
5,22.046,8192,8192
5,22.03,8192,8192
3,9.835,4096,4096
3,9.866,4096,4096
2,143.672,24576,64
2,143.672,24576,64
2,203.2,24576,64
2,203.184,24576,64
2,42.199,24576,64
1,0.015,1024,64
1,0.015,1024,64
2,77.652,24576,64
2,77.652,24576,64
2,119.135,24576,64
2,119.135,24576,64
3,13.786,4096,4096
3,13.786,4096,4096
2,37.807,24576,64
2,37.825,24576,64
2,156.132,24576,64
2,156.132,24576,64
2,70.674,24576,64
2,70.658,24576,64
2,135.274,24576,64
2,135.259,24576,64
2,92.839,24576,64
2,92.823,24576,64
3,3.298,2048,2048
3,3.282,2048,2048
2,136.212,24576,64
2,136.181,24576,64
2,292.889,24576,64
2,292.889,24576,64
1,0.078,1024,64
1,0.078,1024,64
5,27.766,8192,8192
2,125.846,24576,64
2,125.846,24576,64
2,43.867,24576,64
2,43.833,24576,64
5,23.294,8192,8192
5,23.294,8192,8192
3,9.606,4096,4096
3,9.59,4096,4096
2,107.094,24576,64
2,107.094,24576,64
2,110.641,24576,64
2,110.641,24576,64
2,144.364,24576,64
2,168.098,24576,64
2,168.098,24576,64
2,180.646,24576,64
2,180.646,24576,64
2,144.116,24576,64
2,144.116,24576,64
2,141.557,24576,64
2,141.541,24576,64
2,292.39,24576,64
2,292.39,24576,64
3,13.487,4096,4096
3,13.472,4096,4096
3,8.369,4096,4096
3,8.369,4096,4096
3,7.311,2048,2048
3,7.311,2048,2048
2,264.242,24576,64
2,264.195,24576,64
2,85.96,24576,64
2,85.925,24576,64
2,113.403,24576,64
2,84.646,24576,64
2,84.646,24576,64
2,142.423,24576,64
2,142.423,24576,64
2,113.372,24576,64
2,181.098,24576,64
2,181.098,24576,64
2,55.106,24576,64
2,55.09,24576,64
2,169.317,24576,64
2,169.317,24576,64
2,49.073,24576,64
2,49.073,24576,64
2,85.232,24576,64
2,85.232,24576,64
5,28.397,8192,8192
5,28.397,8192,8192
3,4.854,2048,2048
3,4.838,2048,2048
2,34.057,24576,64
3,8.936,4096,4096
3,8.921,4096,4096
2,34.01,24576,64
3,2.863,2048,2048
2,169.982,24576,64
2,169.999,24576,64
3,2.846,2048,2048
2,152.8,24576,64
2,152.8,24576,64
2,69.554,24576,64
2,69.635,24576,64
2,114.874,24576,64
2,114.874,24576,64
2,66.797,24576,64
2,66.797,24576,64
2,108.474,24576,64
2,108.583,24576,64
2,139.483,24576,64
2,139.483,24576,64
2,230.457,24576,64
2,230.441,24576,64
2,98.037,24576,64
2,98.05,24576,64
2,37.886,24576,64
2,37.886,24576,64
2,40.878,24576,64
2,40.878,24576,64
2,102.35,24576,64
2,102.35,24576,64
2,33.849,24576,64
2,33.834,24576,64
2,270.064,24576,64
2,270.064,24576,64
2,201.869,24576,64
2,89.154,24576,64
2,89.138,24576,64
2,201.838,24576,64
3,8.636,4096,4096
3,8.603,4096,4096
2,115.98,24576,64
2,115.98,24576,64
3,3.916,2048,2048
3,3.916,2048,2048
2,131.779,24576,64
2,131.797,24576,64
2,104.189,24576,64
2,104.189,24576,64
2,144.094,24576,64
2,144.078,24576,64
2,48.744,24576,64
2,48.744,24576,64
3,8.851,4096,4096
3,8.866,4096,4096
2,32.135,24576,64
2,32.164,24576,64
3,2.237,2048,2048
3,2.237,2048,2048
2,247.741,24576,64
2,247.741,24576,64
2,271.07,24576,64
2,271.07,24576,64
2,164.373,24576,64
2,164.357,24576,64
2,77.024,24576,64
2,77.18,24576,64
2,143.3,24576,64
2,143.3,24576,64
2,131.329,24576,64
2,131.329,24576,64
2,204.283,24576,64
2,204.283,24576,64
2,169.875,24576,64
2,169.875,24576,64
2,109.452,24576,64
2,109.452,24576,64
2,97.613,24576,64
2,97.722,24576,64
2,199.352,24576,64
2,199.336,24576,64
2,62.03,24576,64
2,62.03,24576,64
2,157.019,24576,64
2,157.003,24576,64
2,121.65,24576,64
2,121.634,24576,64
3,6.935,2048,2048
3,6.935,2048,2048
2,48.167,24576,64
2,48.151,24576,64
2,69.219,24576,64
2,69.219,24576,64
2,125.278,24576,64
2,125.278,24576,64
2,33.49,24576,64
2,33.49,24576,64
3,11.414,4096,4096
3,11.414,4096,4096
2,49.403,24576,64
2,49.387,24576,64
2,287.803,24576,64
2,287.803,24576,64
2,37.829,24576,64
2,159.417,24576,64
2,159.185,24576,64
2,37.735,24576,64
2,109.266,24576,64
2,109.266,24576,64
2,120.976,24576,64
2,33.557,24576,64
2,33.557,24576,64
2,53.73,24576,64
2,53.745,24576,64
2,72.288,24576,64
2,72.319,24576,64
2,192.974,24576,64
2,192.974,24576,64
2,182.361,24576,64
2,182.361,24576,64
2,77.081,24576,64
2,77.095,24576,64
2,67.38,24576,64
2,67.38,24576,64
2,132.248,24576,64
2,132.248,24576,64
2,166.383,24576,64
2,166.383,24576,64
2,170.323,24576,64
2,170.323,24576,64
2,123.165,24576,64
2,123.165,24576,64
2,84.652,24576,64
2,84.635,24576,64
2,134.249,24576,64
2,134.374,24576,64
2,112.482,24576,64
2,229.246,24576,64
2,229.233,24576,64
2,112.467,24576,64
2,51.038,24576,64
2,51.053,24576,64
2,249.523,24576,64
2,249.523,24576,64
2,163.127,24576,64
2,163.127,24576,64
3,3.493,2048,2048
3,3.493,2048,2048
2,177.531,24576,64
2,177.531,24576,64
2,168.631,24576,64
2,168.631,24576,64
1,0.546,1024,64
1,0.546,1024,64
3,3.496,2048,2048
3,3.447,2048,2048
2,119.393,24576,64
2,119.393,24576,64
2,124.701,24576,64
2,124.701,24576,64
1,1.164,2048,64
1,1.164,2048,64
2,177.897,24576,64
2,177.912,24576,64
2,102.096,24576,64
5,27.902,8192,8192
5,20.331,4096,4096
2,136.525,24576,64
5,21.366,8192,8192
1,1.454,2048,64
1,1.454,2048,64
2,31.633,24576,64
5,18.624,4096,4096
2,164.427,24576,64
2,164.427,24576,64
2,136.29,24576,64
2,118.908,24576,64
2,101.86,24576,64
2,173.312,24576,64
2,173.312,24576,64
2,92.565,24576,64
2,92.55,24576,64
3,4.84,2048,2048
2,106.826,24576,64
2,106.904,24576,64
2,135.366,24576,64
2,135.347,24576,64
2,190.34,24576,64
2,190.34,24576,64
2,198.071,24576,64
2,198.055,24576,64
2,120.575,24576,64
2,106.436,24576,64
2,106.436,24576,64
2,120.541,24576,64
2,151.799,24576,64
2,39.196,24576,64
2,39.196,24576,64
2,151.781,24576,64
2,135.487,24576,64
2,135.471,24576,64
2,174.143,24576,64
2,174.049,24576,64
2,41.771,24576,64
2,93.357,24576,64
2,93.341,24576,64
2,119.352,24576,64
2,128.499,24576,64
2,100.325,24576,64
2,112.738,24576,64
2,31.262,24576,64
2,249.941,24576,64
2,92.998,24576,64
2,160.761,24576,64
2,91.341,24576,64
2,91.325,24576,64
2,84.981,24576,64
2,116.503,24576,64
2,91.778,24576,64
2,72.153,24576,64
2,116.485,24576,64
2,235.48,24576,64
2,206.636,24576,64
2,178.817,24576,64
2,96.256,24576,64
2,250.001,24576,64
2,179.465,24576,64
2,233.933,24576,64
2,140.341,24576,64
2,213.073,24576,64
2,207.908,24576,64
2,232.308,24576,64
2,32.495,24576,64
2,41.346,24576,64
2,128.386,24576,64
2,91.202,24576,64
2,119.193,24576,64
2,100.154,24576,64
2,91.669,24576,64
2,72.044,24576,64
2,112.613,24576,64
2,249.799,24576,64
2,91.215,24576,64
2,84.855,24576,64
2,31.088,24576,64
2,92.871,24576,64
2,160.603,24576,64
2,116.362,24576,64
2,116.362,24576,64
2,235.357,24576,64
2,249.878,24576,64
2,207.783,24576,64
2,179.327,24576,64
2,178.678,24576,64
2,96.117,24576,64
2,206.482,24576,64
2,233.778,24576,64
2,232.168,24576,64
2,32.355,24576,64
2,140.185,24576,64
2,212.917,24576,64
2,30.97,24576,64
2,30.953,24576,64
2,96.883,24576,64
2,96.864,24576,64
2,163.906,24576,64
2,163.858,24576,64
2,167.232,24576,64
2,167.232,24576,64
2,134.489,24576,64
2,134.504,24576,64
2,156.545,24576,64
2,156.514,24576,64
5,21.211,8192,8192
5,21.242,8192,8192
2,86.063,24576,64
2,86.078,24576,64
2,133.895,24576,64
2,133.895,24576,64
2,99.683,24576,64
2,99.666,24576,64
5,22.059,8192,8192
5,22.059,8192,8192
2,177.857,24576,64
2,177.685,24576,64
2,99.304,24576,64
2,99.304,24576,64
2,94.747,24576,64
2,94.727,24576,64
2,145.506,24576,64
2,145.506,24576,64
2,201.622,24576,64
2,201.622,24576,64
2,153.296,24576,64
2,153.278,24576,64
2,121.983,24576,64
2,121.967,24576,64
2,98.96,24576,64
2,98.931,24576,64
2,58.799,24576,64
2,58.785,24576,64
1,1.8,2048,64
1,1.8,2048,64
3,3.057,2048,2048
3,3.072,2048,2048
2,171.956,24576,64
2,171.971,24576,64
5,16.388,4096,4096
5,16.388,4096,4096
2,45.391,24576,64
2,45.391,24576,64
5,23.273,8192,8192
5,23.273,8192,8192
2,70.968,24576,64
2,70.952,24576,64
5,23.471,8192,8192
5,23.455,8192,8192
2,182.991,24576,64
2,183.006,24576,64
2,251.379,24576,64
2,251.319,24576,64
2,183.127,24576,64
2,183.111,24576,64
2,65.607,24576,64
2,76.448,24576,64
2,76.448,24576,64
2,72.747,24576,64
2,72.747,24576,64
5,22.665,8192,8192
5,22.665,8192,8192
2,131.096,24576,64
2,131.096,24576,64
5,27.239,8192,8192
5,27.221,8192,8192
2,152.535,24576,64
2,152.519,24576,64
2,93.337,24576,64
2,95.405,24576,64
2,95.405,24576,64
2,140.705,24576,64
2,140.705,24576,64
2,93.302,24576,64
2,42.815,24576,64
2,46.103,24576,64
2,46.103,24576,64
3,14.989,4096,4096
3,14.973,4096,4096
2,188.874,24576,64
2,188.874,24576,64
2,72.646,24576,64
2,72.646,24576,64
2,85.794,24576,64
2,85.794,24576,64
2,157.976,24576,64
2,157.956,24576,64
5,27.191,8192,8192
5,27.191,8192,8192
2,132.736,24576,64
2,132.736,24576,64
2,228.466,24576,64
2,228.451,24576,64
2,185.021,24576,64
2,185.034,24576,64
2,103.72,24576,64
2,103.735,24576,64
2,94.769,24576,64
2,94.769,24576,64
2,223.021,24576,64
2,223.021,24576,64
2,219.746,24576,64
2,219.746,24576,64
2,109.813,24576,64
2,109.801,24576,64
3,12.594,4096,4096
3,12.594,4096,4096
2,116.212,24576,64
2,116.212,24576,64
2,80.482,24576,64
2,80.591,24576,64
2,43.685,24576,64
2,43.673,24576,64
2,162.438,24576,64
2,162.422,24576,64
2,185.408,24576,64
2,185.392,24576,64
2,128.571,24576,64
2,128.571,24576,64
3,9.579,4096,4096
3,9.579,4096,4096
2,115.921,24576,64
2,115.921,24576,64
2,31.876,24576,64
2,31.876,24576,64
2,124.773,24576,64
2,124.757,24576,64
2,192.239,24576,64
2,192.239,24576,64
2,230.953,24576,64
2,230.937,24576,64
2,115.065,24576,64
2,115.065,24576,64
2,34.41,24576,64
2,34.41,24576,64
2,103.859,24576,64
2,103.859,24576,64
2,205.888,24576,64
2,205.888,24576,64
2,102.97,24576,64
2,102.97,24576,64
5,18.989,4096,4096
5,18.989,4096,4096
2,234.876,24576,64
2,234.876,24576,64
2,52.43,24576,64
2,52.442,24576,64
2,94.578,24576,64
2,94.578,24576,64
5,20.651,8192,8192
5,20.651,8192,8192
2,118.846,24576,64
2,118.846,24576,64
3,10.358,4096,4096
3,10.358,4096,4096
2,174.489,24576,64
2,174.469,24576,64
2,266.307,24576,64
2,266.307,24576,64
3,7.418,2048,2048
3,7.402,2048,2048
2,47.431,24576,64
2,47.431,24576,64
2,45.16,24576,64
2,45.179,24576,64
2,253.174,24576,64
2,253.174,24576,64
5,28.768,8192,8192
5,28.768,8192,8192
3,14.143,4096,4096
3,14.128,4096,4096
2,78.071,24576,64
2,78.057,24576,64
2,149.602,24576,64
2,149.602,24576,64
2,259.779,24576,64
2,259.779,24576,64
2,188.884,24576,64
2,188.884,24576,64
2,46.369,24576,64
2,46.369,24576,64
5,19.928,4096,4096
5,19.943,4096,4096
2,81.945,24576,64
2,82.008,24576,64
1,0.015,1024,64
1,0.015,1024,64
2,273.352,24576,64
2,273.352,24576,64
3,12.317,4096,4096
2,107.937,24576,64
2,107.937,24576,64
2,158.338,24576,64
2,158.338,24576,64
2,42.127,24576,64
2,42.111,24576,64
2,31.288,24576,64
2,33.648,24576,64
2,118.814,24576,64
2,118.814,24576,64
2,181.598,24576,64
2,121.158,24576,64
2,121.158,24576,64
2,181.549,24576,64
2,125.514,24576,64
2,125.514,24576,64
2,38.976,24576,64
2,38.958,24576,64
2,113.855,24576,64
2,113.855,24576,64
2,90.351,24576,64
2,90.367,24576,64
2,113.093,24576,64
2,113.106,24576,64
2,163.337,24576,64
2,163.321,24576,64
2,179.103,24576,64
2,179.086,24576,64
2,166.372,24576,64
2,166.372,24576,64
2,57.488,24576,64
2,57.534,24576,64
2,171.871,24576,64
2,171.871,24576,64
2,245.89,24576,64
2,245.89,24576,64
2,128.796,24576,64
2,128.796,24576,64
2,69.391,24576,64
2,69.407,24576,64
2,89.288,24576,64
2,89.274,24576,64
5,19.007,4096,4096
5,18.991,4096,4096
2,270.524,24576,64
2,270.646,24576,64
2,225.475,24576,64
2,225.443,24576,64
2,30.645,24576,64
2,30.631,24576,64
2,174.439,24576,64
2,174.467,24576,64
2,169.272,24576,64
2,169.256,24576,64
2,49.212,24576,64
2,49.212,24576,64
3,11.289,4096,4096
3,11.289,4096,4096
2,142.128,24576,64
2,142.128,24576,64
2,114.699,24576,64
2,114.699,24576,64
2,186.55,24576,64
2,186.55,24576,64
2,122.465,24576,64
2,122.465,24576,64
2,57.533,24576,64
2,57.533,24576,64
2,34.923,24576,64
2,55.009,24576,64
2,31.576,24576,64
2,53.605,24576,64
2,122.262,24576,64
2,122.277,24576,64
2,90.29,24576,64
2,90.29,24576,64
2,145.295,24576,64
2,145.31,24576,64
2,123.366,24576,64
2,123.379,24576,64
2,33.877,24576,64
2,33.877,24576,64
3,12.695,4096,4096
3,12.695,4096,4096
1,0.14,1024,64
1,0.14,1024,64
5,25.453,8192,8192
5,25.453,8192,8192
2,176.446,24576,64
2,176.461,24576,64
5,28.544,8192,8192
5,28.529,8192,8192
2,210.443,24576,64
2,210.443,24576,64
2,90.153,24576,64
2,90.153,24576,64
2,158.716,24576,64
2,158.716,24576,64
2,253.431,24576,64
2,253.431,24576,64
2,189.048,24576,64
2,189.048,24576,64
2,184.8,24576,64
2,184.567,24576,64
2,45.404,24576,64
2,45.404,24576,64
2,91.05,24576,64
2,91.034,24576,64
3,14.431,4096,4096
2,234.201,24576,64
2,234.201,24576,64
2,112.421,24576,64
2,72.727,24576,64
2,73.626,24576,64
2,37.05,24576,64
2,35.645,24576,64
2,112.423,24576,64
3,14.853,4096,4096
5,27.3,8192,8192
2,73.594,24576,64
2,57.699,24576,64
5,18.451,4096,4096
2,37.001,24576,64
2,57.653,24576,64
2,35.6,24576,64
3,14.808,4096,4096
5,27.255,8192,8192
2,112.362,24576,64
2,73.58,24576,64
5,18.312,4096,4096
2,73.533,24576,64
2,292.312,24576,64
2,292.312,24576,64
2,104.553,24576,64
2,104.553,24576,64
2,139.088,24576,64
2,139.054,24576,64
3,13.637,4096,4096
3,13.637,4096,4096
2,78.9,24576,64
2,233.499,24576,64
2,233.499,24576,64
2,124.394,24576,64
2,81.202,24576,64
2,81.825,24576,64
2,45.415,24576,64
2,80.435,24576,64
2,124.38,24576,64
2,72.001,24576,64
2,129.414,24576,64
5,28.358,8192,8192
2,82.012,24576,64
2,45.353,24576,64
2,124.3,24576,64
2,81.731,24576,64
2,37.63,24576,64
2,37.63,24576,64
2,137.105,24576,64
2,124.316,24576,64
2,81.966,24576,64
5,28.108,8192,8192
2,80.357,24576,64
2,71.909,24576,64
2,137.086,24576,64
2,184.848,24576,64
2,184.848,24576,64
2,129.196,24576,64
2,78.51,24576,64
2,80.983,24576,64
2,161.008,24576,64
3,4.559,2048,2048
3,4.574,2048,2048
2,160.992,24576,64
2,50.614,24576,64
5,26.632,8192,8192
5,24.271,8192,8192
5,28.799,8192,8192
2,33.19,24576,64
2,31.887,24576,64
2,51.96,24576,64
5,28.54,8192,8192
2,50.569,24576,64
2,33.174,24576,64
2,65.856,24576,64
2,65.856,24576,64
2,85.363,24576,64
2,85.378,24576,64
2,67.785,24576,64
2,67.785,24576,64
2,149.266,24576,64
2,149.25,24576,64
2,267.504,24576,64
2,267.504,24576,64
2,33.683,24576,64
2,33.698,24576,64
2,174.798,24576,64
2,174.798,24576,64
2,178.917,24576,64
2,178.901,24576,64
2,273.301,24576,64
2,273.301,24576,64
2,238.133,24576,64
2,238.1,24576,64
3,7.785,2048,2048
3,7.77,2048,2048
2,267.825,24576,64
2,267.825,24576,64
3,11.512,4096,4096
3,11.48,4096,4096
2,57.771,24576,64
2,57.758,24576,64
2,193.571,24576,64
2,193.571,24576,64
2,231.426,24576,64
2,231.379,24576,64
2,269.227,24576,64
2,269.242,24576,64
2,219.379,24576,64
2,219.363,24576,64
1,1.277,2048,64
1,1.277,2048,64
2,45.114,24576,64
2,45.114,24576,64
5,17.562,4096,4096
5,17.547,4096,4096
2,168.263,24576,64
2,168.247,24576,64
1,0.346,1024,64
2,100.765,24576,64
2,100.765,24576,64
2,70.529,24576,64
2,70.529,24576,64
2,44.668,24576,64
2,44.685,24576,64
2,145.132,24576,64
2,145.132,24576,64
2,162.546,24576,64
2,162.546,24576,64
2,49.907,24576,64
3,1.943,2048,2048
2,49.876,24576,64
3,1.928,2048,2048
2,114.616,24576,64
2,114.616,24576,64
2,65.995,24576,64
2,65.995,24576,64
2,70.174,24576,64
2,70.156,24576,64
2,35.923,24576,64
2,35.94,24576,64
1,0.02,1024,64
2,115.398,24576,64
2,115.398,24576,64
2,170.164,24576,64
2,170.164,24576,64
2,58.49,24576,64
2,58.49,24576,64
2,233.559,24576,64
2,35.459,24576,64
2,35.478,24576,64
2,233.546,24576,64
2,105.791,24576,64
2,66.081,24576,64
3,7.737,2048,2048
1,0.015,1024,64
1,0.012,1024,64
1,0.015,1024,64
1,0.014,1024,64
2,130.98,24576,64
2,130.995,24576,64
1,0.013,1024,64
2,197.535,24576,64
2,197.519,24576,64
1,0.011,1024,64
2,88.711,24576,64
2,88.698,24576,64
2,261.048,24576,64
2,261.063,24576,64
1,0.014,1024,64
1,0.013,1024,64
2,139.315,24576,64
2,139.315,24576,64
2,40.718,24576,64
2,40.702,24576,64
3,9.754,4096,4096
3,9.754,4096,4096
1,0.014,1024,64
2,159.559,24576,64
2,159.559,24576,64
1,0.014,1024,64
2,54.752,24576,64
2,54.736,24576,64
1,0.013,1024,64
3,8.061,4096,4096
2,59.43,24576,64
2,59.43,24576,64
2,97.254,24576,64
2,97.225,24576,64
1,0.012,1024,64
2,45.688,24576,64
2,45.688,24576,64
1,0.037,1024,64
2,151.177,24576,64
2,151.175,24576,64
2,71.663,24576,64
2,71.647,24576,64
2,222.37,24576,64
2,222.355,24576,64
3,14.198,4096,4096
3,14.178,4096,4096
2,107.671,24576,64
2,107.671,24576,64
1,0.015,1024,64
2,55.448,24576,64
2,55.461,24576,64
2,164.029,24576,64
2,163.982,24576,64
2,186.514,24576,64
1,1.402,2048,64
1,1.402,2048,64
2,186.498,24576,64
2,100.635,24576,64
2,192.546,24576,64
2,100.648,24576,64
2,192.514,24576,64
2,41.133,24576,64
2,41.133,24576,64
3,4.642,2048,2048
3,4.642,2048,2048
5,19.614,4096,4096
5,19.601,4096,4096
2,137.082,24576,64
2,137.082,24576,64
2,118.372,24576,64
2,118.353,24576,64
2,160.051,24576,64
2,160.037,24576,64
2,166.273,24576,64
2,166.273,24576,64
2,130.656,24576,64
2,130.626,24576,64
2,107.455,24576,64
2,107.404,24576,64
2,236.593,24576,64
2,236.593,24576,64
2,49.934,24576,64
2,49.918,24576,64
2,129.06,24576,64
2,129.075,24576,64
2,138.584,24576,64
2,138.599,24576,64
2,228.933,24576,64
2,228.902,24576,64
2,48.235,24576,64
2,48.185,24576,64
5,29.182,8192,8192
5,29.182,8192,8192
2,126.096,24576,64
2,126.065,24576,64
2,95.856,24576,64
2,95.856,24576,64
2,53.076,24576,64
2,53.125,24576,64
2,107.813,24576,64
2,107.827,24576,64
2,188.679,24576,64
2,208.19,24576,64
2,208.171,24576,64
2,188.661,24576,64
2,125.953,24576,64
2,125.843,24576,64
2,135.199,24576,64
2,135.199,24576,64
2,196.149,24576,64
2,196.149,24576,64
2,31.848,24576,64
2,31.832,24576,64
2,33.57,24576,64
2,33.57,24576,64
3,3.513,2048,2048
2,145.681,24576,64
2,145.681,24576,64
3,3.494,2048,2048
2,86.812,24576,64
2,86.796,24576,64
2,82.8,24576,64
2,82.8,24576,64
2,66.75,24576,64
2,66.75,24576,64
2,130.922,24576,64
2,130.875,24576,64
2,34.954,24576,64
2,34.954,24576,64
2,125.506,24576,64
2,125.477,24576,64
2,146.423,24576,64
2,146.423,24576,64
3,7.235,2048,2048
3,7.235,2048,2048
5,19.142,4096,4096
5,19.142,4096,4096
2,114.007,24576,64
2,72.251,24576,64
2,72.251,24576,64
2,113.972,24576,64
2,69.615,24576,64
2,69.615,24576,64
2,89.238,24576,64
2,89.238,24576,64
2,116.092,24576,64
2,116.092,24576,64
5,17.386,4096,4096
5,17.386,4096,4096
2,183.298,24576,64
2,183.298,24576,64
2,254.886,24576,64
2,254.901,24576,64
3,7.868,4096,4096
3,7.856,4096,4096
2,88.067,24576,64
2,88.067,24576,64
2,99.982,24576,64
2,100.001,24576,64
2,77.839,24576,64
2,77.839,24576,64
2,217.317,24576,64
2,217.439,24576,64
2,56.465,24576,64
2,56.465,24576,64
2,114.087,24576,64
2,114.087,24576,64
2,149.186,24576,64
2,149.186,24576,64
5,16.992,4096,4096
5,17.007,4096,4096
3,11.463,4096,4096
3,11.338,4096,4096
5,19.062,4096,4096
2,145.766,24576,64
2,145.766,24576,64
2,114.116,24576,64
2,36.146,24576,64
2,55.888,24576,64
2,57.231,24576,64
2,57.231,24576,64
5,18.705,4096,4096
2,114.322,24576,64
2,114.437,24576,64
2,51.558,24576,64
5,28.935,8192,8192
2,48.141,24576,64
2,47.874,24576,64
2,104.906,24576,64
2,46.596,24576,64
2,114.374,24576,64
2,33.74,24576,64
2,84.534,24576,64
2,55.89,24576,64
5,18.922,4096,4096
2,55.83,24576,64
2,114.071,24576,64
2,36.101,24576,64
5,28.873,8192,8192
2,104.825,24576,64
2,51.511,24576,64
2,55.828,24576,64
2,48.094,24576,64
2,47.827,24576,64
5,18.359,4096,4096
2,33.693,24576,64
2,114.312,24576,64
2,46.518,24576,64
2,84.472,24576,64
2,114.259,24576,64
2,114.374,24576,64
2,147.989,24576,64
1,0.496,1024,64
2,223.545,24576,64
2,223.559,24576,64
2,147.417,24576,64
2,159.338,24576,64
2,159.355,24576,64
3,6.066,2048,2048
3,6.066,2048,2048
1,1.756,2048,64
1,1.756,2048,64
2,36.125,24576,64
2,36.125,24576,64
3,15.584,4096,4096
3,15.584,4096,4096
2,87.303,24576,64
2,87.303,24576,64
2,248.338,24576,64
2,248.338,24576,64
3,3.696,2048,2048
3,3.68,2048,2048
3,8.582,4096,4096
3,8.582,4096,4096
2,42.774,24576,64
3,11.186,4096,4096
2,42.743,24576,64
3,11.108,4096,4096
2,249.842,24576,64
2,249.842,24576,64
3,11.699,4096,4096
3,11.713,4096,4096
2,248.156,24576,64
2,248.156,24576,64
3,15.969,4096,4096
3,15.983,4096,4096
2,248.701,24576,64
2,248.716,24576,64
2,50.482,24576,64
2,50.482,24576,64
2,109.13,24576,64
2,109.099,24576,64
2,126.06,24576,64
2,126.077,24576,64
2,52.48,24576,64
2,52.464,24576,64
2,60.478,24576,64
2,60.478,24576,64
2,155.188,24576,64
2,155.188,24576,64
2,70.459,24576,64
2,70.439,24576,64
2,232.924,24576,64
2,232.924,24576,64
2,140.738,24576,64
2,140.724,24576,64
3,5.272,2048,2048
3,5.272,2048,2048
2,83.042,24576,64
2,83.042,24576,64
2,245.479,24576,64
2,245.479,24576,64
2,76.112,24576,64
2,76.112,24576,64
2,105.46,24576,64
2,95.28,24576,64
2,123.111,24576,64
2,123.111,24576,64
2,57.184,24576,64
2,51.501,24576,64
2,61.132,24576,64
5,23.496,8192,8192
2,60.491,24576,64
2,60.819,24576,64
2,57.385,24576,64
2,117.263,24576,64
2,115.925,24576,64
2,95.183,24576,64
2,60.402,24576,64
2,105.366,24576,64
2,61.04,24576,64
2,60.726,24576,64
2,57.106,24576,64
2,51.423,24576,64
2,117.234,24576,64
5,23.34,8192,8192
2,115.861,24576,64
2,57.337,24576,64
2,105.681,24576,64
2,65.222,24576,64
2,65.241,24576,64
3,2.371,2048,2048
3,2.371,2048,2048
2,52.495,24576,64
2,115.049,24576,64
2,115.049,24576,64
5,24.177,8192,8192
2,52.383,24576,64
5,23.759,8192,8192
3,12.098,4096,4096
3,12.098,4096,4096
2,120.372,24576,64
2,120.372,24576,64
3,13.043,4096,4096
3,13.043,4096,4096
2,144.442,24576,64
2,144.442,24576,64
2,223.699,24576,64
2,223.699,24576,64
2,79.591,24576,64
2,79.591,24576,64
2,85.676,24576,64
2,85.66,24576,64
2,123.185,24576,64
2,123.185,24576,64
2,110.558,24576,64
2,110.576,24576,64
2,57.577,24576,64
2,57.561,24576,64
5,23.893,8192,8192
5,23.893,8192,8192
2,56.299,24576,64
2,56.299,24576,64
2,240.824,24576,64
2,240.808,24576,64
5,22.628,8192,8192
5,22.628,8192,8192
3,6.598,2048,2048
3,6.582,2048,2048
2,235.868,24576,64
2,235.946,24576,64
3,11.367,4096,4096
3,11.367,4096,4096
2,37.936,24576,64
2,37.936,24576,64
2,84.487,24576,64
2,84.487,24576,64
3,14.853,4096,4096
3,14.853,4096,4096
1,0.125,1024,64
1,0.125,1024,64
2,209.187,24576,64
2,209.187,24576,64
1,1.444,2048,64
1,1.444,2048,64
3,5.371,2048,2048
5,28.879,8192,8192
5,28.879,8192,8192
2,220.454,24576,64
2,220.454,24576,64
2,77.21,24576,64
2,77.181,24576,64
1,0.234,1024,64
2,97.79,24576,64
2,131.482,24576,64
2,131.47,24576,64
3,7.887,4096,4096
2,173.94,24576,64
2,173.921,24576,64
3,7.873,4096,4096
2,54.354,24576,64
2,54.336,24576,64
2,62.732,24576,64
2,62.638,24576,64
2,178.969,24576,64
2,178.969,24576,64
1,1.25,2048,64
1,1.25,2048,64
2,117.261,24576,64
2,117.245,24576,64
2,153.471,24576,64
2,153.471,24576,64
2,50.869,24576,64
2,50.884,24576,64
2,75.324,24576,64
2,75.324,24576,64
2,135.102,24576,64
2,135.117,24576,64
5,26.409,8192,8192
5,26.409,8192,8192
2,91.976,24576,64
2,91.976,24576,64
3,14.712,4096,4096
3,14.712,4096,4096
2,235.992,24576,64
2,236.007,24576,64
3,10.575,4096,4096
3,10.684,4096,4096
5,19.27,4096,4096
5,19.254,4096,4096
2,51.222,24576,64
2,51.222,24576,64
3,2.128,2048,2048
3,2.128,2048,2048
3,3.687,2048,2048
3,3.687,2048,2048
3,3.405,2048,2048
3,3.405,2048,2048
3,5.437,2048,2048
2,44.536,24576,64
3,5.422,2048,2048
2,44.519,24576,64
3,2.465,2048,2048
3,2.465,2048,2048
2,40.29,24576,64
2,40.321,24576,64
3,1.984,2048,2048
3,1.968,2048,2048
2,192.793,24576,64
2,192.793,24576,64
2,65.536,24576,64
2,65.536,24576,64
2,253.786,24576,64
2,253.77,24576,64
2,30.023,24576,64
2,30.023,24576,64
5,27.315,8192,8192
5,27.299,8192,8192
3,8.084,4096,4096
3,8.084,4096,4096
2,70.594,24576,64
2,70.594,24576,64
2,48.098,24576,64
2,48.098,24576,64
3,2.083,2048,2048
3,2.083,2048,2048
2,63.609,24576,64
2,63.581,24576,64
3,9.977,4096,4096
3,9.977,4096,4096
1,0.588,1024,64
1,0.588,1024,64
5,19.862,4096,4096
5,19.862,4096,4096
3,8.968,4096,4096
3,8.968,4096,4096
2,105.361,24576,64
2,105.345,24576,64
2,33.405,24576,64
2,33.37,24576,64
2,108.465,24576,64
2,108.465,24576,64
5,20.113,4096,4096
5,20.113,4096,4096
3,8.445,4096,4096
3,8.476,4096,4096
1,1.455,2048,64
1,1.424,2048,64
3,5.605,2048,2048
3,5.605,2048,2048
5,21.081,8192,8192
5,21.081,8192,8192
5,21.285,8192,8192
5,21.285,8192,8192
2,149.653,24576,64
2,149.668,24576,64
2,118.994,24576,64
2,118.79,24576,64
2,30.943,24576,64
2,30.943,24576,64
3,5.493,2048,2048
3,5.477,2048,2048
2,65.855,24576,64
2,65.838,24576,64
3,2.309,2048,2048
3,2.11,2048,2048
5,17.575,4096,4096
5,17.543,4096,4096
2,68.048,24576,64
2,68.048,24576,64
2,99.065,24576,64
2,99.065,24576,64
3,5.073,2048,2048
2,200.731,24576,64
2,200.731,24576,64
3,15.485,4096,4096
3,15.485,4096,4096
3,13.727,4096,4096
3,13.727,4096,4096
2,139.167,24576,64
2,139.139,24576,64
2,55.191,24576,64
2,55.316,24576,64
5,28.77,8192,8192
5,28.77,8192,8192
5,27.944,8192,8192
5,27.944,8192,8192
3,3.288,2048,2048
3,3.288,2048,2048
5,16.326,4096,4096
5,16.326,4096,4096
2,66.591,24576,64
2,66.591,24576,64
2,83.204,24576,64
2,83.219,24576,64
2,83.228,24576,64
2,83.149,24576,64
2,227.273,24576,64
2,227.273,24576,64
1,1.082,2048,64
1,1.082,2048,64
3,9.059,4096,4096
3,9.043,4096,4096
2,112.406,24576,64
2,112.406,24576,64
2,30.068,24576,64
2,30.052,24576,64
2,230.324,24576,64
2,230.324,24576,64
2,35.596,24576,64
2,35.564,24576,64
2,59.808,24576,64
2,59.808,24576,64
2,31.07,24576,64
2,31.07,24576,64
5,26.717,8192,8192
5,26.717,8192,8192
5,20.655,8192,8192
5,20.64,8192,8192
2,44.472,24576,64
2,44.472,24576,64
3,14.682,4096,4096
3,14.682,4096,4096
2,56.493,24576,64
2,56.481,24576,64
2,98.858,24576,64
3,2.034,2048,2048
3,2.034,2048,2048
2,98.827,24576,64
2,94.179,24576,64
2,94.179,24576,64
2,44.265,24576,64
2,44.265,24576,64
2,101.193,24576,64
2,101.177,24576,64
3,2.067,2048,2048
3,2.067,2048,2048
2,201.986,24576,64
2,201.971,24576,64
3,6.72,2048,2048
3,6.72,2048,2048
2,85.821,24576,64
1,1.109,2048,64
1,1.109,2048,64
2,85.806,24576,64
2,36.19,24576,64
2,36.173,24576,64
3,2.455,2048,2048
3,2.455,2048,2048
2,218.482,24576,64
2,218.5,24576,64
2,78.508,24576,64
2,78.492,24576,64
2,38.383,24576,64
2,38.398,24576,64
2,120.619,24576,64
2,120.637,24576,64
2,235.877,24576,64
2,235.877,24576,64
2,188.621,24576,64
2,188.621,24576,64
2,148.304,24576,64
2,148.288,24576,64
2,30.792,24576,64
2,30.792,24576,64
1,1.007,2048,64
1,1.007,2048,64
3,4.893,2048,2048
3,4.893,2048,2048
2,124.809,24576,64
2,124.793,24576,64
2,76.047,24576,64
2,76.016,24576,64
2,165.479,24576,64
2,165.479,24576,64
2,35.574,24576,64
2,35.574,24576,64
3,6.238,2048,2048
3,6.226,2048,2048
3,5.234,2048,2048
3,5.234,2048,2048
1,0.14,1024,64
3,11.289,4096,4096
3,11.289,4096,4096
2,108.708,24576,64
2,108.708,24576,64
3,7.631,2048,2048
3,7.631,2048,2048
1,0.201,1024,64
2,60.689,24576,64
2,60.704,24576,64
2,93.243,24576,64
2,93.243,24576,64
2,47.911,24576,64
2,47.911,24576,64
3,5.357,2048,2048
3,5.357,2048,2048
1,1.092,2048,64
1,1.076,2048,64
3,8.047,4096,4096
3,8.047,4096,4096
1,1.656,2048,64
1,1.656,2048,64
3,6.578,2048,2048
3,6.562,2048,2048
5,23.913,8192,8192
5,23.931,8192,8192
3,12.341,4096,4096
3,12.341,4096,4096
1,1.687,2048,64
1,1.671,2048,64
3,4.583,2048,2048
1,1.71,2048,64
1,1.694,2048,64
2,95.966,24576,64
2,95.857,24576,64
3,10.714,4096,4096
3,10.714,4096,4096
2,90.261,24576,64
2,90.261,24576,64
2,189.073,24576,64
2,189.09,24576,64
2,126.095,24576,64
2,126.079,24576,64
2,90.447,24576,64
2,90.447,24576,64
2,32.137,24576,64
2,32.137,24576,64
2,30.581,24576,64
2,30.581,24576,64
5,27.779,8192,8192
5,27.779,8192,8192
2,133.116,24576,64
2,133.101,24576,64
5,17.713,4096,4096
5,17.713,4096,4096
2,107.939,24576,64
2,107.939,24576,64
2,125.72,24576,64
2,125.72,24576,64
2,87.469,24576,64
2,87.435,24576,64
2,36.062,24576,64
2,36.046,24576,64
5,24.599,8192,8192
5,24.583,8192,8192
2,54.411,24576,64
2,54.426,24576,64
2,88.321,24576,64
2,88.321,24576,64
2,147.089,24576,64
2,147.089,24576,64
3,3.097,2048,2048
3,3.097,2048,2048
2,132.507,24576,64
2,132.507,24576,64
5,21.14,8192,8192
5,21.078,8192,8192
2,157.169,24576,64
2,157.169,24576,64
3,13.895,4096,4096
3,13.895,4096,4096
2,93.915,24576,64
2,93.899,24576,64
3,3.321,2048,2048
3,3.334,2048,2048
3,8.24,4096,4096
3,8.24,4096,4096
3,15.882,4096,4096
3,15.866,4096,4096
3,6.51,2048,2048
3,6.51,2048,2048
3,9.014,4096,4096
3,9.014,4096,4096
2,30.483,24576,64
2,30.498,24576,64
2,94.841,24576,64
2,94.856,24576,64
3,9.296,4096,4096
3,9.296,4096,4096
5,25.923,8192,8192
5,25.907,8192,8192
3,13.441,4096,4096
3,13.441,4096,4096
3,1.862,2048,2048
2,148.586,24576,64
2,148.586,24576,64
1,1.831,2048,64
2,108.421,24576,64
2,108.405,24576,64
2,52.087,24576,64
2,52.071,24576,64
1,0.469,1024,64
2,68.167,24576,64
2,68.201,24576,64
3,12.251,4096,4096
3,12.251,4096,4096
3,3.25,2048,2048
3,3.234,2048,2048
2,106.327,24576,64
2,106.327,24576,64
2,174.963,24576,64
2,174.98,24576,64
5,28.642,8192,8192
5,28.517,8192,8192
5,28.532,8192,8192
5,28.532,8192,8192
2,63.812,24576,64
2,63.812,24576,64
2,53.52,24576,64
2,53.52,24576,64
5,25.181,8192,8192
5,25.2,8192,8192
2,145.977,24576,64
2,145.977,24576,64
2,58.277,24576,64
2,58.277,24576,64
2,40.614,24576,64
2,40.614,24576,64
2,37.61,24576,64
2,37.629,24576,64
2,70.582,24576,64
2,70.582,24576,64
2,84.054,24576,64
2,84.038,24576,64
2,39.229,24576,64
2,39.244,24576,64
2,80.126,24576,64
2,80.126,24576,64
2,102.537,24576,64
2,102.522,24576,64
3,4.733,2048,2048
3,4.733,2048,2048
2,72.164,24576,64
2,72.147,24576,64
3,2.571,2048,2048
3,2.537,2048,2048
2,71.723,24576,64
2,71.723,24576,64
2,149.958,24576,64
2,149.972,24576,64
2,44.805,24576,64
2,44.805,24576,64
3,7.188,2048,2048
3,7.188,2048,2048
2,73.874,24576,64
2,73.858,24576,64
2,130.579,24576,64
2,130.594,24576,64
2,77.674,24576,64
2,77.674,24576,64
2,64.807,24576,64
2,64.807,24576,64
2,99.63,24576,64
2,99.614,24576,64
2,51.962,24576,64
2,51.974,24576,64
2,93.812,24576,64
2,93.812,24576,64
2,69.639,24576,64
2,69.639,24576,64
5,23.188,8192,8192
5,23.188,8192,8192
2,62.967,24576,64
2,62.967,24576,64
2,82.371,24576,64
2,82.371,24576,64
3,4.932,2048,2048
3,4.932,2048,2048
3,15.588,4096,4096
3,15.588,4096,4096
2,184.767,24576,64
2,184.751,24576,64
3,6.103,2048,2048
3,6.072,2048,2048
2,124.896,24576,64
2,124.896,24576,64
5,28.531,8192,8192
5,28.531,8192,8192
2,50.122,24576,64
2,50.122,24576,64
2,76.727,24576,64
2,76.711,24576,64
2,152.144,24576,64
2,152.144,24576,64
5,22.886,8192,8192
5,22.886,8192,8192
5,21.448,8192,8192
5,21.462,8192,8192
2,113.85,24576,64
2,113.85,24576,64
2,185.653,24576,64
2,185.666,24576,64
5,28.745,8192,8192
5,28.745,8192,8192
2,41.58,24576,64
2,41.562,24576,64
2,179.157,24576,64
2,179.157,24576,64
3,3.966,2048,2048
3,3.966,2048,2048
2,125.634,24576,64
2,125.634,24576,64
1,1.344,2048,64
1,1.328,2048,64
2,130.422,24576,64
2,130.344,24576,64
5,23.397,8192,8192
5,23.397,8192,8192
2,46.647,24576,64
2,46.647,24576,64
5,18.524,4096,4096
5,18.524,4096,4096
2,36.632,24576,64
2,36.616,24576,64
2,136.879,24576,64
2,136.895,24576,64
5,26.738,8192,8192
5,26.738,8192,8192
1,1.311,2048,64
1,1.311,2048,64
2,38.805,24576,64
2,38.789,24576,64
2,111.149,24576,64
2,111.149,24576,64
2,35.541,24576,64
2,35.555,24576,64
2,128.699,24576,64
2,128.73,24576,64
2,53.018,24576,64
2,53.018,24576,64
2,137.707,24576,64
2,137.72,24576,64
3,5.332,2048,2048
3,5.332,2048,2048
2,34.294,24576,64
2,34.278,24576,64
2,135.898,24576,64
2,135.898,24576,64
2,189.926,24576,64
2,189.926,24576,64
2,87.717,24576,64
2,87.68,24576,64
1,1.8,2048,64
1,1.8,2048,64
2,67.374,24576,64
3,9.97,4096,4096
3,9.938,4096,4096
2,67.337,24576,64
2,154.737,24576,64
2,154.737,24576,64
2,181.993,24576,64
2,182.007,24576,64
1,1.484,2048,64
1,1.484,2048,64
2,108.271,24576,64
2,108.271,24576,64
2,70.31,24576,64
2,70.31,24576,64
2,186.304,24576,64
2,186.319,24576,64
2,51.315,24576,64
2,51.301,24576,64
2,80.085,24576,64
2,80.067,24576,64
2,134.968,24576,64
2,134.968,24576,64
2,134.952,24576,64
2,161.108,24576,64
2,161.108,24576,64
2,134.936,24576,64
2,89.509,24576,64
2,89.509,24576,64
2,43.553,24576,64
2,43.537,24576,64
2,75.009,24576,64
2,75.009,24576,64
2,90.052,24576,64
2,90.052,24576,64
3,6.718,2048,2048
3,6.718,2048,2048
2,58.59,24576,64
2,58.602,24576,64
2,201.173,24576,64
2,201.157,24576,64
2,70.764,24576,64
2,70.764,24576,64
2,30.695,24576,64
2,30.695,24576,64
2,88.268,24576,64
2,88.268,24576,64
2,89.943,24576,64
2,89.958,24576,64
2,139.309,24576,64
2,139.293,24576,64
2,60.166,24576,64
2,60.151,24576,64
2,161.223,24576,64
2,161.223,24576,64
2,54.3,24576,64
2,54.3,24576,64
2,134.507,24576,64
2,134.507,24576,64
2,134.067,24576,64
2,134.067,24576,64
2,36.589,24576,64
2,36.604,24576,64
3,4.58,2048,2048
3,4.58,2048,2048
2,158.792,24576,64
2,158.792,24576,64
5,18.351,4096,4096
5,18.413,4096,4096
1,0.017,1024,64
1,0.017,1024,64
2,136.033,24576,64
2,136.017,24576,64
2,76.028,24576,64
2,76.028,24576,64
2,46.828,24576,64
2,46.828,24576,64
2,64.722,24576,64
2,64.753,24576,64
2,63.481,24576,64
2,63.513,24576,64
2,56.132,24576,64
2,56.132,24576,64
2,82.933,24576,64
2,82.917,24576,64
2,60.618,24576,64
2,60.603,24576,64
2,35.635,24576,64
2,35.62,24576,64
2,203.73,24576,64
2,203.73,24576,64
2,40.71,24576,64
2,40.728,24576,64
5,20.827,8192,8192
5,20.843,8192,8192
1,1.233,2048,64
1,1.233,2048,64
2,95.661,24576,64
2,95.645,24576,64
3,13.328,4096,4096
3,13.328,4096,4096
2,80.207,24576,64
2,80.207,24576,64
2,41.837,24576,64
2,41.824,24576,64
2,112.744,24576,64
2,112.73,24576,64
5,18.296,4096,4096
2,215.293,24576,64
2,215.293,24576,64
5,18.265,4096,4096
2,83.325,24576,64
2,83.325,24576,64
2,105.689,24576,64
2,105.689,24576,64
2,124.63,24576,64
2,124.63,24576,64
2,67.651,24576,64
2,67.651,24576,64
2,162.541,24576,64
2,162.541,24576,64
2,248.146,24576,64
2,248.096,24576,64
2,191.879,24576,64
2,191.861,24576,64
3,8.654,4096,4096
3,8.654,4096,4096
2,102.404,24576,64
2,102.388,24576,64
2,46.068,24576,64
2,46.086,24576,64
2,60.673,24576,64
2,60.66,24576,64
2,102.251,24576,64
2,102.251,24576,64
2,82.951,24576,64
2,82.951,24576,64
2,79.242,24576,64
2,79.21,24576,64
1,1.808,2048,64
1,1.808,2048,64
3,9.353,4096,4096
3,9.337,4096,4096
2,180.242,24576,64
2,180.242,24576,64
5,26.435,8192,8192
5,26.435,8192,8192
2,105.876,24576,64
2,105.857,24576,64
3,9.539,4096,4096
3,9.539,4096,4096
3,2.814,2048,2048
3,2.798,2048,2048
2,100.752,24576,64
2,100.737,24576,64
5,28.311,8192,8192
5,28.311,8192,8192
2,49.738,24576,64
2,49.738,24576,64
2,47.039,24576,64
2,47.026,24576,64
2,51.351,24576,64
2,51.336,24576,64
1,0.53,1024,64
1,0.5,1024,64
5,16.931,4096,4096
5,16.931,4096,4096
2,34.216,24576,64
2,34.216,24576,64
2,56.557,24576,64
2,56.525,24576,64
2,95.846,24576,64
2,95.784,24576,64
2,79.827,24576,64
2,79.841,24576,64
2,152.974,24576,64
2,152.991,24576,64
3,9.014,4096,4096
3,8.998,4096,4096
2,96.525,24576,64
2,96.525,24576,64
2,39.443,24576,64
2,39.443,24576,64
2,126.36,24576,64
2,126.342,24576,64
2,143.071,24576,64
2,143.071,24576,64
2,72.099,24576,64
2,72.099,24576,64
2,123.106,24576,64
2,123.106,24576,64
3,10.983,4096,4096
3,10.983,4096,4096
2,88.627,24576,64
2,128.231,24576,64
2,128.215,24576,64
2,124.004,24576,64
2,58.048,24576,64
2,52.25,24576,64
2,52.842,24576,64
2,58.409,24576,64
2,148.327,24576,64
2,40.111,24576,64
2,86.314,24576,64
2,122.664,24576,64
2,88.502,24576,64
3,16.012,4096,4096
5,21.648,8192,8192
2,43.527,24576,64
5,17.455,4096,4096
5,21.586,8192,8192
2,88.467,24576,64
2,58.358,24576,64
5,17.391,4096,4096
2,57.952,24576,64
3,15.886,4096,4096
2,43.478,24576,64
2,52.777,24576,64
2,148.231,24576,64
2,122.461,24576,64
2,52.156,24576,64
2,123.88,24576,64
2,40.005,24576,64
2,86.205,24576,64
2,88.394,24576,64
2,69.83,24576,64
2,69.83,24576,64
3,12.845,4096,4096
2,86.921,24576,64
2,86.905,24576,64
2,71.46,24576,64
2,71.472,24576,64
2,43.818,24576,64
2,43.818,24576,64
2,100.186,24576,64
2,100.198,24576,64
2,43.067,24576,64
2,43.082,24576,64
2,179.339,24576,64
2,179.339,24576,64
2,32.086,24576,64
2,32.073,24576,64
2,164.045,24576,64
2,164.045,24576,64
2,32.414,24576,64
2,32.492,24576,64
2,199.758,24576,64
2,199.758,24576,64
2,127.073,24576,64
2,127.041,24576,64
2,118.407,24576,64
2,118.516,24576,64
2,78.093,24576,64
2,78.062,24576,64
2,130.14,24576,64
2,130.14,24576,64
2,36.821,24576,64
2,36.804,24576,64
2,72.471,24576,64
2,72.471,24576,64
2,86.983,24576,64
2,86.967,24576,64
2,39.003,24576,64
2,39.022,24576,64
2,96.839,24576,64
2,96.823,24576,64
3,1.859,2048,2048
3,1.859,2048,2048
2,116.536,24576,64
2,116.536,24576,64
5,28.074,8192,8192
5,28.074,8192,8192
2,119.854,24576,64
2,119.868,24576,64
2,68.822,24576,64
2,68.822,24576,64
3,13.409,4096,4096
3,13.409,4096,4096
2,157.591,24576,64
2,157.591,24576,64
2,83.474,24576,64
2,83.461,24576,64
5,20.437,4096,4096
5,20.437,4096,4096
5,22.605,8192,8192
5,22.62,8192,8192
2,116.791,24576,64
2,116.791,24576,64
2,149.393,24576,64
2,149.393,24576,64
3,2.924,2048,2048
3,2.749,2048,2048
2,154.05,24576,64
2,154.034,24576,64
2,76.454,24576,64
2,76.454,24576,64
3,5.658,2048,2048
3,5.658,2048,2048
2,93.955,24576,64
2,93.94,24576,64
3,4.354,2048,2048
3,4.338,2048,2048
3,11.109,4096,4096
3,11.109,4096,4096
5,24.322,8192,8192
2,36.161,24576,64
2,41.958,24576,64
2,41.208,24576,64
2,62.015,24576,64
2,72.709,24576,64
2,35.348,24576,64
2,75.81,24576,64
2,73.787,24576,64
2,50.662,24576,64
2,34.879,24576,64
2,77.937,24576,64
2,75.794,24576,64
2,91.091,24576,64
2,62.937,24576,64
2,117.707,24576,64
2,117.707,24576,64
5,23.951,8192,8192
2,73.725,24576,64
2,50.603,24576,64
2,41.911,24576,64
2,41.161,24576,64
2,35.301,24576,64
2,61.952,24576,64
2,34.817,24576,64
2,77.875,24576,64
2,75.732,24576,64
2,75.732,24576,64
2,91.044,24576,64
2,36.098,24576,64
2,62.89,24576,64
2,72.646,24576,64
2,165.426,24576,64
2,165.426,24576,64
5,23.998,8192,8192
5,23.998,8192,8192
2,50.018,24576,64
2,49.987,24576,64
3,6.633,2048,2048
3,6.617,2048,2048
2,87.113,24576,64
2,87.097,24576,64
2,57.846,24576,64
2,57.865,24576,64
1,1.205,2048,64
1,1.19,2048,64
2,73.368,24576,64
2,81.082,24576,64
2,81.082,24576,64
2,133.244,24576,64
2,133.213,24576,64
2,48.408,24576,64
2,48.408,24576,64
2,52.769,24576,64
2,52.769,24576,64
5,26.573,8192,8192
5,26.573,8192,8192
2,167.22,24576,64
2,167.205,24576,64
2,40.75,24576,64
2,40.768,24576,64
1,0.484,1024,64
1,0.484,1024,64
2,68.892,24576,64
3,13.307,4096,4096
3,13.32,4096,4096
5,18.623,4096,4096
5,18.607,4096,4096
1,0.734,1024,64
1,0.734,1024,64
2,164.657,24576,64
2,164.657,24576,64
2,78.823,24576,64
2,78.823,24576,64
2,57.102,24576,64
2,63.228,24576,64
2,63.228,24576,64
3,11.263,4096,4096
2,130.782,24576,64
2,130.782,24576,64
2,45.369,24576,64
2,45.369,24576,64
2,48.594,24576,64
2,48.594,24576,64
2,31.28,24576,64
2,31.28,24576,64
5,25.542,8192,8192
5,25.542,8192,8192
2,109.745,24576,64
2,109.745,24576,64
2,197.548,24576,64
2,197.548,24576,64
2,77.905,24576,64
2,77.889,24576,64
2,121.592,24576,64
2,121.592,24576,64
2,94.016,24576,64
2,94.003,24576,64
5,22.919,8192,8192
1,0.874,2048,64
1,0.874,2048,64
5,24.814,8192,8192
2,98.473,24576,64
2,37.415,24576,64
2,62.14,24576,64
2,60.141,24576,64
5,24.277,8192,8192
5,25.087,8192,8192
2,99.28,24576,64
2,95.765,24576,64
2,59.893,24576,64
5,22.686,8192,8192
5,24.248,8192,8192
5,25.058,8192,8192
5,24.784,8192,8192
2,99.158,24576,64
2,98.429,24576,64
2,37.371,24576,64
2,59.862,24576,64
2,60.097,24576,64
2,95.718,24576,64
2,62.08,24576,64
2,47.016,24576,64
5,27.772,8192,8192
5,27.725,8192,8192
5,19.199,4096,4096
5,19.182,4096,4096
3,10.23,4096,4096
3,10.23,4096,4096
3,6.988,2048,2048
3,6.971,2048,2048
2,97.5,24576,64
2,97.515,24576,64
2,33.595,24576,64
2,33.595,24576,64
2,38.328,24576,64
2,38.421,24576,64
2,67.23,24576,64
2,67.214,24576,64
2,105.727,24576,64
2,105.727,24576,64
5,19.053,4096,4096
5,19.066,4096,4096
5,27.387,8192,8192
5,27.387,8192,8192
2,68.392,24576,64
2,68.359,24576,64
2,93.998,24576,64
2,93.998,24576,64
3,2.03,2048,2048
3,2.03,2048,2048
2,85.698,24576,64
2,85.71,24576,64
2,73.001,24576,64
2,72.985,24576,64
2,42.804,24576,64
2,42.804,24576,64
2,30.964,24576,64
2,30.98,24576,64
2,33.811,24576,64
2,96.796,24576,64
5,29.753,8192,8192
5,29.753,8192,8192
2,221.011,24576,64
2,220.98,24576,64
2,66.214,24576,64
2,66.214,24576,64
2,153.56,24576,64
2,153.56,24576,64
2,133.938,24576,64
2,133.891,24576,64
2,137.026,24576,64
2,137.011,24576,64
2,125.314,24576,64
2,125.314,24576,64
5,17.848,4096,4096
5,17.848,4096,4096
2,163.991,24576,64
2,164.006,24576,64
2,64.806,24576,64
2,64.79,24576,64
5,26.133,8192,8192
5,26.133,8192,8192
2,61.875,24576,64
5,20.072,4096,4096
2,51.087,24576,64
2,64.851,24576,64
5,20.043,4096,4096
2,71.791,24576,64
2,71.791,24576,64
5,29.689,8192,8192
5,29.689,8192,8192
3,6.316,2048,2048
3,6.316,2048,2048
3,11.704,4096,4096
3,11.688,4096,4096
2,97.454,24576,64
2,97.454,24576,64
2,120.298,24576,64
2,120.284,24576,64
2,78.62,24576,64
2,78.62,24576,64
3,3.464,2048,2048
3,3.448,2048,2048
2,41.579,24576,64
2,41.563,24576,64
3,3.093,2048,2048
3,3.093,2048,2048
3,11.502,4096,4096
3,11.488,4096,4096
2,40.953,24576,64
2,40.953,24576,64
2,105.012,24576,64
2,105.012,24576,64
2,164.744,24576,64
2,164.744,24576,64
2,76.328,24576,64
2,76.343,24576,64
3,10.332,4096,4096
3,10.307,4096,4096
2,105.203,24576,64
2,105.216,24576,64
5,23.761,8192,8192
5,23.761,8192,8192
2,84.07,24576,64
2,84.085,24576,64
5,18.698,4096,4096
5,18.698,4096,4096
2,110.268,24576,64
2,110.268,24576,64
2,39.506,24576,64
2,39.506,24576,64
5,17.184,4096,4096
2,85.908,24576,64
2,85.892,24576,64
2,44.161,24576,64
2,44.176,24576,64
2,70.243,24576,64
2,70.228,24576,64
2,51.146,24576,64
5,28.279,8192,8192
2,91.267,24576,64
2,38.752,24576,64
3,16.166,4096,4096
2,51.13,24576,64
2,71.883,24576,64
2,71.883,24576,64
2,172.043,24576,64
2,172.043,24576,64
3,14.743,4096,4096
3,14.743,4096,4096
5,24.38,8192,8192
5,24.38,8192,8192
2,62.35,24576,64
2,62.35,24576,64
5,20.677,8192,8192
5,20.677,8192,8192
3,13.406,4096,4096
3,13.39,4096,4096
2,82.123,24576,64
2,82.123,24576,64
2,131.864,24576,64
2,131.838,24576,64
2,189.411,24576,64
2,189.429,24576,64
2,180.834,24576,64
2,180.834,24576,64
2,64.014,24576,64
2,64.031,24576,64
2,102.98,24576,64
2,102.995,24576,64
2,57.304,24576,64
2,57.304,24576,64
1,0.609,1024,64
1,0.593,1024,64
5,24.26,8192,8192
5,24.247,8192,8192
3,9.929,4096,4096
3,9.929,4096,4096
2,73.664,24576,64
2,73.664,24576,64
2,75.127,24576,64
2,75.127,24576,64
2,75.268,24576,64
2,75.268,24576,64
2,33.65,24576,64
2,33.65,24576,64
2,122.816,24576,64
2,122.816,24576,64
3,4.324,2048,2048
3,4.31,2048,2048
2,203.714,24576,64
2,203.714,24576,64
2,150.959,24576,64
2,150.959,24576,64
2,41.321,24576,64
2,41.306,24576,64
2,54.295,24576,64
2,54.261,24576,64
3,4.682,2048,2048
5,16.444,4096,4096
5,16.444,4096,4096
3,9.812,4096,4096
3,9.812,4096,4096
2,48.786,24576,64
2,48.786,24576,64
2,45.365,24576,64
2,55.889,24576,64
2,55.889,24576,64
2,138.608,24576,64
2,45.986,24576,64
2,94.255,24576,64
2,149.409,24576,64
2,101.628,24576,64
2,86.117,24576,64
2,154.318,24576,64
2,95.058,24576,64
2,103.184,24576,64
2,42.488,24576,64
2,59.033,24576,64
2,164.107,24576,64
2,45.956,24576,64
2,138.577,24576,64
2,45.243,24576,64
2,65.826,24576,64
2,65.826,24576,64
2,42.099,24576,64
2,149.379,24576,64
2,101.598,24576,64
2,154.288,24576,64
2,95.028,24576,64
2,103.154,24576,64
2,164.061,24576,64
2,59.003,24576,64
2,86.071,24576,64
2,94.209,24576,64
3,8.661,4096,4096
3,8.661,4096,4096
5,19.229,4096,4096
5,19.216,4096,4096
3,2.906,2048,2048
3,2.89,2048,2048
5,28.864,8192,8192
5,28.864,8192,8192
2,162.813,24576,64
2,162.813,24576,64
2,44.98,24576,64
2,44.98,24576,64
5,21.588,8192,8192
5,21.542,8192,8192
2,131.674,24576,64
2,131.689,24576,64
2,90.823,24576,64
2,90.823,24576,64
2,59.446,24576,64
2,59.446,24576,64
2,88.27,24576,64
2,88.27,24576,64
5,18.515,4096,4096
5,18.515,4096,4096
2,34.466,24576,64
2,34.45,24576,64
2,62.594,24576,64
2,62.594,24576,64
2,43.366,24576,64
2,43.366,24576,64
2,73.053,24576,64
2,73.053,24576,64
2,166.553,24576,64
2,166.568,24576,64
3,13.696,4096,4096
3,13.712,4096,4096
2,63.727,24576,64
5,28.922,8192,8192
5,24.192,8192,8192
5,28.969,8192,8192
2,37.367,24576,64
2,47.688,24576,64
2,39.924,24576,64
2,63.632,24576,64
2,33.469,24576,64
2,38.857,24576,64
5,28.936,8192,8192
2,55.11,24576,64
5,28.909,8192,8192
2,62.617,24576,64
2,34.204,24576,64
2,38.812,24576,64
5,28.891,8192,8192
2,55.065,24576,64
2,63.555,24576,64
2,47.626,24576,64
2,39.878,24576,64
2,63.57,24576,64
2,33.423,24576,64
3,7.776,2048,2048
2,62.556,24576,64
2,37.289,24576,64
5,28.862,8192,8192
2,34.157,24576,64
3,7.745,2048,2048
5,28.766,8192,8192
5,28.844,8192,8192
5,24.051,8192,8192
2,35.622,24576,64
2,35.622,24576,64
3,2.259,2048,2048
3,2.244,2048,2048
2,92.188,24576,64
2,92.188,24576,64
2,53.65,24576,64
2,53.635,24576,64
3,11.109,4096,4096
3,11.109,4096,4096
2,74.103,24576,64
2,74.122,24576,64
2,143.345,24576,64
2,143.345,24576,64
2,36.595,24576,64
2,36.612,24576,64
2,187.098,24576,64
2,187.117,24576,64
3,11.862,4096,4096
3,11.877,4096,4096
2,59.92,24576,64
2,59.92,24576,64
3,11.953,4096,4096
3,11.953,4096,4096
2,112.968,24576,64
2,112.95,24576,64
2,83.688,24576,64
2,83.688,24576,64
2,142.694,24576,64
2,142.694,24576,64
3,10.195,4096,4096
3,10.195,4096,4096
2,60.603,24576,64
2,60.603,24576,64
2,50.505,24576,64
2,50.488,24576,64
3,6.768,2048,2048
3,6.768,2048,2048
1,0.017,1024,64
2,156.828,24576,64
2,156.812,24576,64
2,170.694,24576,64
2,170.694,24576,64
2,131.09,24576,64
2,141.342,24576,64
1,0.418,1024,64
2,85.393,24576,64
2,85.369,24576,64
2,74.095,24576,64
2,74.079,24576,64
2,43.17,24576,64
2,43.17,24576,64
2,107.586,24576,64
2,107.605,24576,64
3,13.198,4096,4096
3,13.183,4096,4096
2,38.44,24576,64
2,38.412,24576,64
5,21.739,8192,8192
5,21.773,8192,8192
3,2.746,2048,2048
3,2.746,2048,2048
2,63.972,24576,64
2,63.972,24576,64
2,54.33,24576,64
2,54.298,24576,64
2,71.218,24576,64
2,71.188,24576,64
2,56.644,24576,64
2,56.644,24576,64
3,4.872,2048,2048
3,4.872,2048,2048
1,0.014,1024,64
2,69.799,24576,64
2,69.799,24576,64
2,104.207,24576,64
2,104.191,24576,64
2,51.806,24576,64
2,51.821,24576,64
3,10.775,4096,4096
3,10.775,4096,4096
2,190.445,24576,64
2,190.475,24576,64
2,67.86,24576,64
2,67.86,24576,64
1,0.014,1024,64
1,0.014,1024,64
1,0.013,1024,64
2,191.029,24576,64
2,191.046,24576,64
2,54.595,24576,64
2,54.595,24576,64
1,0.013,1024,64
1,0.011,1024,64
2,39.381,24576,64
2,39.381,24576,64
1,0.013,1024,64
2,53.184,24576,64
2,53.197,24576,64
5,17.58,4096,4096
5,17.58,4096,4096
2,64.687,24576,64
2,64.687,24576,64
1,0.011,1024,64
2,119.85,24576,64
2,119.756,24576,64
3,13.625,4096,4096
3,13.625,4096,4096
2,64.804,24576,64
2,64.787,24576,64
1,0.013,1024,64
1,0.016,1024,64
2,56.755,24576,64
2,56.739,24576,64
2,71.424,24576,64
2,71.409,24576,64
1,0.016,1024,64
1,0.013,1024,64
3,6.96,2048,2048
3,6.96,2048,2048
1,0.013,1024,64
2,81.941,24576,64
2,81.941,24576,64
2,39.046,24576,64
2,39.046,24576,64
1,0.012,1024,64
2,38.867,24576,64
2,38.867,24576,64
1,0.014,1024,64
2,122.465,24576,64
2,122.465,24576,64
3,8.984,4096,4096
3,8.984,4096,4096
3,11.754,4096,4096
3,11.754,4096,4096
1,1.749,2048,64
1,1.749,2048,64
2,82.051,24576,64
2,82.039,24576,64
5,24.135,8192,8192
5,24.119,8192,8192
2,48.888,24576,64
2,48.888,24576,64
5,28.356,8192,8192
5,28.309,8192,8192
2,181.3,24576,64
2,181.266,24576,64
2,45.621,24576,64
2,45.639,24576,64
2,149.831,24576,64
2,149.831,24576,64
2,200.13,24576,64
2,200.13,24576,64
2,168.434,24576,64
2,168.43,24576,64
2,65.926,24576,64
2,65.926,24576,64
2,65.345,24576,64
5,18.737,4096,4096
5,18.737,4096,4096
2,65.454,24576,64
1,0.109,1024,64
1,0.093,1024,64
3,11.313,4096,4096
3,11.313,4096,4096
5,24.552,8192,8192
5,24.552,8192,8192
3,11.5,4096,4096
2,77.918,24576,64
3,11.468,4096,4096
2,77.885,24576,64
2,133.976,24576,64
2,133.976,24576,64
2,35.552,24576,64
2,35.88,24576,64
2,129.421,24576,64
2,129.421,24576,64
2,32.943,24576,64
2,32.943,24576,64
2,35.647,24576,64
2,35.647,24576,64
3,3.406,2048,2048
3,3.406,2048,2048
1,1.765,2048,64
1,1.765,2048,64
3,9.804,4096,4096
3,9.788,4096,4096
2,46.609,24576,64
2,46.609,24576,64
3,3.626,2048,2048
3,3.612,2048,2048
2,118.766,24576,64
2,118.766,24576,64
3,6.581,2048,2048
3,6.581,2048,2048
2,183.22,24576,64
2,183.233,24576,64
3,3.63,2048,2048
3,3.611,2048,2048
3,4.5,2048,2048
3,4.5,2048,2048
2,89.637,24576,64
2,89.621,24576,64
3,13.171,4096,4096
3,13.171,4096,4096
1,1.378,2048,64
1,1.378,2048,64
2,104.373,24576,64
2,104.354,24576,64
2,67.166,24576,64
2,67.166,24576,64
2,115.58,24576,64
2,115.546,24576,64
2,87.655,24576,64
2,87.655,24576,64
1,0.835,1024,64
1,0.835,1024,64
3,10.068,4096,4096
3,6.8,2048,2048
3,6.8,2048,2048
2,75.503,24576,64
2,75.503,24576,64
3,7.079,2048,2048
3,7.063,2048,2048
3,2.802,2048,2048
3,2.786,2048,2048
2,91.88,24576,64
2,91.88,24576,64
2,46.664,24576,64
2,46.628,24576,64
2,50.949,24576,64
2,50.949,24576,64
3,14.003,4096,4096
3,13.97,4096,4096
2,133.686,24576,64
2,133.686,24576,64
3,6.457,2048,2048
3,6.457,2048,2048
2,93.081,24576,64
2,93.081,24576,64
2,59.267,24576,64
2,42.215,24576,64
2,42.199,24576,64
2,59.252,24576,64
2,53.719,24576,64
2,53.719,24576,64
2,191.859,24576,64
2,191.87,24576,64
2,30.115,24576,64
2,30.098,24576,64
2,42.252,24576,64
2,42.252,24576,64
3,7.015,2048,2048
3,7.002,2048,2048
2,133.297,24576,64
2,133.31,24576,64
2,40.236,24576,64
2,40.236,24576,64
3,7.653,2048,2048
3,7.62,2048,2048
2,54.62,24576,64
2,54.637,24576,64
2,57.942,24576,64
2,57.926,24576,64
3,2.457,2048,2048
3,2.426,2048,2048
3,4.794,2048,2048
3,4.794,2048,2048
2,68.652,24576,64
2,68.652,24576,64
2,112.548,24576,64
2,122.801,24576,64
2,48.277,24576,64
2,48.261,24576,64
2,65.846,24576,64
2,65.846,24576,64
2,36.945,24576,64
2,36.959,24576,64
5,21.857,8192,8192
5,21.857,8192,8192
2,93.591,24576,64
2,93.573,24576,64
2,53.613,24576,64
2,53.613,24576,64
3,13.18,4096,4096
3,13.196,4096,4096
2,60.685,24576,64
2,60.7,24576,64
2,54.529,24576,64
2,54.498,24576,64
2,42.287,24576,64
2,42.305,24576,64
2,107.836,24576,64
2,107.726,24576,64
5,27.5,8192,8192
5,27.5,8192,8192
2,127.448,24576,64
2,127.448,24576,64
2,37.938,24576,64
2,37.925,24576,64
5,24.156,8192,8192
5,24.156,8192,8192
2,31.52,24576,64
2,31.52,24576,64
2,118.98,24576,64
1,1.273,2048,64
1,1.273,2048,64
2,118.945,24576,64
3,11.931,4096,4096
3,11.915,4096,4096
2,37.068,24576,64
2,37.068,24576,64
2,50.605,24576,64
2,50.586,24576,64
3,5.577,2048,2048
2,150.519,24576,64
2,150.519,24576,64
3,5.561,2048,2048
2,110.828,24576,64
2,110.828,24576,64
2,183.872,24576,64
2,183.856,24576,64
2,190.237,24576,64
2,190.221,24576,64
2,48.692,24576,64
2,48.676,24576,64
5,21.767,8192,8192
5,21.751,8192,8192
2,50.964,24576,64
2,50.964,24576,64
3,10.608,4096,4096
3,10.623,4096,4096
2,34.409,24576,64
2,34.393,24576,64
2,59.122,24576,64
2,59.106,24576,64
3,5.683,2048,2048
3,5.65,2048,2048
5,23.593,8192,8192
5,23.593,8192,8192
2,82.559,24576,64
2,82.543,24576,64
2,133.959,24576,64
2,133.959,24576,64
5,19.458,4096,4096
5,19.441,4096,4096
3,7.27,2048,2048
3,7.27,2048,2048
2,117.128,24576,64
2,117.146,24576,64
5,19.428,4096,4096
2,43.288,24576,64
5,19.411,4096,4096
2,43.306,24576,64
2,34.429,24576,64
2,34.429,24576,64
2,35.959,24576,64
2,35.99,24576,64
2,73.138,24576,64
2,73.123,24576,64
2,162.77,24576,64
2,162.786,24576,64
2,37.002,24576,64
2,37.002,24576,64
3,13.694,4096,4096
3,13.678,4096,4096
2,105.301,24576,64
2,105.301,24576,64
2,81.583,24576,64
2,81.567,24576,64
2,120.857,24576,64
2,120.84,24576,64
2,67.407,24576,64
2,67.426,24576,64
5,24.799,8192,8192
5,24.799,8192,8192
3,4.531,2048,2048
3,12.642,4096,4096
3,12.642,4096,4096
3,3.511,2048,2048
3,3.526,2048,2048
2,51.693,24576,64
2,51.677,24576,64
1,1.72,2048,64
1,1.72,2048,64
3,6.655,2048,2048
3,6.655,2048,2048
2,33.915,24576,64
2,33.933,24576,64
2,42.631,24576,64
2,42.631,24576,64
3,6.125,2048,2048
3,6.11,2048,2048
2,92.879,24576,64
2,92.897,24576,64
3,12.969,4096,4096
3,12.969,4096,4096
3,5.248,2048,2048
3,5.248,2048,2048
3,5.103,2048,2048
3,5.103,2048,2048
3,7.738,2048,2048
3,7.738,2048,2048
3,2.671,2048,2048
3,2.656,2048,2048
1,1.096,2048,64
1,1.08,2048,64
2,94.515,24576,64
2,94.515,24576,64
2,55.651,24576,64
2,55.636,24576,64
3,14.753,4096,4096
3,14.768,4096,4096
3,15.393,4096,4096
3,15.393,4096,4096
2,69.833,24576,64
2,69.833,24576,64
2,84.822,24576,64
2,84.822,24576,64
1,0.793,1024,64
1,0.774,1024,64
5,17.866,4096,4096
5,17.85,4096,4096
2,34.422,24576,64
2,34.436,24576,64
2,73.588,24576,64
2,73.572,24576,64
5,29.16,8192,8192
5,29.16,8192,8192
1,0.765,1024,64
1,0.765,1024,64
5,17.022,4096,4096
5,17.007,4096,4096
2,50.813,24576,64
2,50.813,24576,64
2,55.245,24576,64
2,55.23,24576,64
1,0.586,1024,64
1,0.586,1024,64
2,38.2,24576,64
2,38.2,24576,64
3,7.069,2048,2048
3,7.069,2048,2048
2,94.389,24576,64
2,94.357,24576,64
2,94.357,24576,64
2,94.357,24576,64
3,9.272,4096,4096
3,9.272,4096,4096
3,7.804,2048,2048
3,7.804,2048,2048
5,23.554,8192,8192
5,23.444,8192,8192
2,39.308,24576,64
2,39.308,24576,64
5,25.268,8192,8192
5,25.255,8192,8192
3,11.663,4096,4096
3,11.663,4096,4096
1,0.328,1024,64
1,0.312,1024,64
3,9.571,4096,4096
3,9.555,4096,4096
2,50.992,24576,64
2,50.992,24576,64
3,15.874,4096,4096
3,15.874,4096,4096
2,69.114,24576,64
2,69.114,24576,64
3,1.839,2048,2048
3,1.839,2048,2048
5,21.434,8192,8192
5,21.418,8192,8192
3,5.39,2048,2048
3,5.39,2048,2048
3,7.08,2048,2048
3,7.08,2048,2048
2,98.712,24576,64
2,98.68,24576,64
2,36.709,24576,64
2,36.709,24576,64
2,113.532,24576,64
2,113.498,24576,64
2,69.675,24576,64
2,69.641,24576,64
2,33.175,24576,64
2,33.208,24576,64
3,12.263,4096,4096
3,12.247,4096,4096
5,29.67,8192,8192
5,29.654,8192,8192
2,140.354,24576,64
2,140.354,24576,64
5,19.193,4096,4096
2,39.088,24576,64
2,39.088,24576,64
5,19.177,4096,4096
5,21.958,8192,8192
5,21.941,8192,8192
2,32.373,24576,64
2,32.357,24576,64
2,76.062,24576,64
2,76.062,24576,64
3,12.225,4096,4096
3,12.225,4096,4096
2,73.682,24576,64
2,73.646,24576,64
2,55.036,24576,64
2,55.053,24576,64
2,67.758,24576,64
2,67.758,24576,64
2,35.12,24576,64
2,35.092,24576,64
3,7.841,2048,2048
3,7.841,2048,2048
1,1.022,2048,64
1,1.022,2048,64
2,32.914,24576,64
2,32.898,24576,64
2,31.38,24576,64
2,31.364,24576,64
5,24.291,8192,8192
5,24.276,8192,8192
3,6.422,2048,2048
3,6.422,2048,2048
2,172.546,24576,64
2,172.558,24576,64
1,1.736,2048,64
1,1.72,2048,64
5,18.178,4096,4096
5,18.162,4096,4096
2,63.867,24576,64
2,63.867,24576,64
2,169.766,24576,64
2,169.766,24576,64
2,35.745,24576,64
2,35.727,24576,64
2,52.759,24576,64
2,52.759,24576,64
3,9.905,4096,4096
3,9.905,4096,4096
1,0.912,2048,64
2,32.725,24576,64
2,32.709,24576,64
3,4.986,2048,2048
3,4.986,2048,2048
3,15.865,4096,4096
3,15.849,4096,4096
2,68.891,24576,64
2,68.875,24576,64
2,36.548,24576,64
2,36.548,24576,64
2,79.161,24576,64
2,79.211,24576,64
2,63.117,24576,64
2,63.117,24576,64
2,40.999,24576,64
2,40.999,24576,64
5,27.358,8192,8192
5,27.358,8192,8192
2,40.35,24576,64
2,40.35,24576,64
5,29.216,8192,8192
5,29.202,8192,8192
2,52.115,24576,64
2,52.128,24576,64
3,8.72,4096,4096
3,8.72,4096,4096
1,1.759,2048,64
1,1.759,2048,64
2,39.62,24576,64
2,39.588,24576,64
3,13.112,4096,4096
3,13.112,4096,4096
2,80.201,24576,64
2,80.184,24576,64
5,27.13,8192,8192
5,27.13,8192,8192
2,57.23,24576,64
2,57.213,24576,64
2,66.017,24576,64
2,66.001,24576,64
1,0.125,1024,64
1,0.125,1024,64
5,17.558,4096,4096
5,17.573,4096,4096
2,65.007,24576,64
2,65.019,24576,64
3,10.951,4096,4096
3,10.935,4096,4096
5,22.054,8192,8192
5,22.054,8192,8192
2,90.796,24576,64
2,90.78,24576,64
5,26.348,8192,8192
5,26.332,8192,8192
3,15.959,4096,4096
3,15.959,4096,4096
3,12.165,4096,4096
3,12.165,4096,4096
5,26.461,8192,8192
5,26.461,8192,8192
5,17.056,4096,4096
5,17.071,4096,4096
2,161.57,24576,64
2,161.556,24576,64
2,78.322,24576,64
2,78.334,24576,64
2,38.978,24576,64
2,38.9,24576,64
2,89.4,24576,64
2,89.4,24576,64
2,54.426,24576,64
2,54.426,24576,64
2,41.203,24576,64
2,41.203,24576,64
3,14.29,4096,4096
3,14.274,4096,4096
5,20.432,4096,4096
5,20.414,4096,4096
5,26.805,8192,8192
5,26.79,8192,8192
2,40.977,24576,64
2,40.977,24576,64
5,20.719,8192,8192
5,20.719,8192,8192
2,51.264,24576,64
2,51.264,24576,64
1,0.015,1024,64
1,0.015,1024,64
3,2.584,2048,2048
3,2.562,2048,2048
2,58.432,24576,64
2,58.449,24576,64
3,4.904,2048,2048
3,4.904,2048,2048
3,11.2,4096,4096
3,11.2,4096,4096
3,11.009,4096,4096
3,11.009,4096,4096
3,14.545,4096,4096
3,14.545,4096,4096
2,45.229,24576,64
2,45.229,24576,64
5,17.455,4096,4096
5,17.455,4096,4096
3,8.168,4096,4096
3,8.138,4096,4096
2,82.006,24576,64
2,82.006,24576,64
3,10.781,4096,4096
3,10.781,4096,4096
5,17.078,4096,4096
5,17.078,4096,4096
3,8.325,4096,4096
3,8.306,4096,4096
2,146.976,24576,64
2,146.976,24576,64
3,1.906,2048,2048
3,1.906,2048,2048
2,92.402,24576,64
2,92.298,24576,64
2,47.332,24576,64
2,47.332,24576,64
5,18.695,4096,4096
5,18.708,4096,4096
3,7.277,2048,2048
3,7.277,2048,2048
1,0.432,1024,64
3,8.617,4096,4096
3,8.617,4096,4096
2,33.543,24576,64
2,33.543,24576,64
1,1.624,2048,64
1,1.624,2048,64
5,24.313,8192,8192
5,24.313,8192,8192
3,10.22,4096,4096
3,10.22,4096,4096
2,133.895,24576,64
2,133.91,24576,64
2,87.627,24576,64
2,87.627,24576,64
2,128.415,24576,64
2,128.415,24576,64
2,43.601,24576,64
2,43.615,24576,64
5,28.013,8192,8192
5,27.997,8192,8192
3,5.367,2048,2048
3,5.367,2048,2048
2,36.661,24576,64
2,59.675,24576,64
2,45.009,24576,64
2,45.835,24576,64
2,30.572,24576,64
2,30.572,24576,64
5,19.949,4096,4096
2,45.022,24576,64
2,45.792,24576,64
2,36.617,24576,64
2,45.805,24576,64
2,45.786,24576,64
5,19.632,4096,4096
2,30.507,24576,64
2,30.511,24576,64
2,59.596,24576,64
2,44.93,24576,64
2,44.912,24576,64
1,1.676,2048,64
1,1.676,2048,64
3,14.083,4096,4096
3,14.083,4096,4096
2,42.565,24576,64
2,42.549,24576,64
2,148.159,24576,64
2,148.127,24576,64
2,85.536,24576,64
2,85.536,24576,64
2,54.656,24576,64
2,54.671,24576,64
2,34.356,24576,64
2,34.262,24576,64
2,123.783,24576,64
5,19.399,4096,4096
5,19.383,4096,4096
2,123.748,24576,64
5,21.53,8192,8192
5,21.53,8192,8192
3,15.629,4096,4096
3,15.629,4096,4096
2,128.423,24576,64
2,128.454,24576,64
5,20.352,4096,4096
5,20.352,4096,4096
2,43.809,24576,64
2,43.794,24576,64
2,97.899,24576,64
2,97.899,24576,64
2,58.795,24576,64
2,58.776,24576,64
3,4.185,2048,2048
3,4.185,2048,2048
5,18.256,4096,4096
5,18.256,4096,4096
5,18.885,4096,4096
5,18.885,4096,4096
3,15.125,4096,4096
3,15.125,4096,4096
3,6.718,2048,2048
3,6.703,2048,2048
3,12.887,4096,4096
3,12.887,4096,4096
5,26.157,8192,8192
5,26.125,8192,8192
2,60.258,24576,64
2,60.258,24576,64
1,1.153,2048,64
1,1.153,2048,64
3,11.384,4096,4096
3,11.368,4096,4096
2,123.515,24576,64
2,123.515,24576,64
2,38.55,24576,64
2,38.55,24576,64
3,16.13,4096,4096
2,66.999,24576,64
2,34.312,24576,64
2,56.35,24576,64
5,22.412,8192,8192
5,22.412,8192,8192
5,17.34,4096,4096
2,34.281,24576,64
2,56.319,24576,64
3,15.993,4096,4096
5,22.381,8192,8192
5,22.381,8192,8192
2,66.951,24576,64
5,17.309,4096,4096
2,54.606,24576,64
1,1.156,2048,64
1,1.156,2048,64
2,37.907,24576,64
2,37.892,24576,64
5,19.368,4096,4096
5,19.368,4096,4096
3,5.126,2048,2048
3,11.795,4096,4096
3,11.779,4096,4096
1,0.921,2048,64
1,0.921,2048,64
3,2.645,2048,2048
3,2.645,2048,2048
2,229.379,24576,64
2,229.364,24576,64
2,47.391,24576,64
2,47.391,24576,64
2,69.021,24576,64
2,69.021,24576,64
2,54.373,24576,64
2,54.357,24576,64
1,0.624,1024,64
1,0.624,1024,64
2,69.1,24576,64
2,69.1,24576,64
1,1.711,2048,64
1,1.711,2048,64
2,271.362,24576,64
2,271.362,24576,64
3,2.88,2048,2048
3,2.865,2048,2048
1,0.75,1024,64
1,0.75,1024,64
3,1.997,2048,2048
3,1.997,2048,2048
2,59.103,24576,64
2,59.103,24576,64
2,143.121,24576,64
2,143.121,24576,64
2,104.943,24576,64
2,104.908,24576,64
3,13.524,4096,4096
3,13.508,4096,4096
2,106.534,24576,64
2,106.518,24576,64
3,13.865,4096,4096
3,13.878,4096,4096
5,23.022,8192,8192
5,23.022,8192,8192
2,48.829,24576,64
2,48.846,24576,64
3,13.301,4096,4096
3,13.301,4096,4096
2,89.961,24576,64
2,89.945,24576,64
2,136.795,24576,64
2,136.795,24576,64
2,99.935,24576,64
2,99.917,24576,64
5,21.704,8192,8192
5,21.704,8192,8192
2,37.112,24576,64
2,37.125,24576,64
3,1.947,2048,2048
3,1.947,2048,2048
1,1.478,2048,64
1,1.478,2048,64
2,64.878,24576,64
2,64.878,24576,64
3,10.094,4096,4096
3,10.094,4096,4096
2,105.626,24576,64
2,105.593,24576,64
5,16.882,4096,4096
5,16.9,4096,4096
3,8.073,4096,4096
3,8.073,4096,4096
2,104.27,24576,64
2,104.27,24576,64
1,0.828,1024,64
1,0.812,1024,64
3,4.094,2048,2048
3,4.094,2048,2048
3,7.102,2048,2048
3,7.102,2048,2048
3,2.816,2048,2048
3,2.816,2048,2048
3,6.621,2048,2048
3,6.621,2048,2048
2,74.691,24576,64
2,74.691,24576,64
3,5.032,2048,2048
3,5.001,2048,2048
5,24.474,8192,8192
5,24.49,8192,8192
2,49.881,24576,64
3,10.549,4096,4096
3,10.541,4096,4096
2,98.453,24576,64
2,98.437,24576,64
2,97.818,24576,64
2,97.833,24576,64
2,106.949,24576,64
2,106.933,24576,64
2,70.377,24576,64
2,70.377,24576,64
2,62.369,24576,64
2,62.369,24576,64
3,14.245,4096,4096
3,14.26,4096,4096
3,15.551,4096,4096
3,15.566,4096,4096
2,119.703,24576,64
2,119.687,24576,64
2,53.448,24576,64
2,53.429,24576,64
3,2.734,2048,2048
3,2.734,2048,2048
2,64.988,24576,64
2,64.988,24576,64
3,11.33,4096,4096
3,11.33,4096,4096
2,133.312,24576,64
2,133.293,24576,64
2,143.363,24576,64
2,143.363,24576,64
5,21.804,8192,8192
5,21.804,8192,8192
2,93.187,24576,64
2,93.093,24576,64
2,42.577,24576,64
2,42.566,24576,64
2,132.292,24576,64
2,132.262,24576,64
2,39.496,24576,64
2,39.496,24576,64
2,52.402,24576,64
2,52.368,24576,64
5,21.617,8192,8192
5,21.601,8192,8192
3,2.652,2048,2048
3,2.652,2048,2048
2,32.415,24576,64
2,32.415,24576,64
3,4.343,2048,2048
3,4.343,2048,2048
2,71.489,24576,64
2,71.489,24576,64
2,75.187,24576,64
2,75.169,24576,64
5,23.033,8192,8192
5,23.033,8192,8192
5,17.073,4096,4096
5,17.073,4096,4096
2,80.631,24576,64
2,80.539,24576,64
2,108.031,24576,64
2,108.002,24576,64
2,131.137,24576,64
2,131.137,24576,64
2,65.597,24576,64
2,65.581,24576,64
3,7.085,2048,2048
3,7.1,2048,2048
2,64.142,24576,64
2,64.142,24576,64
2,68.373,24576,64
3,14.282,4096,4096
3,14.282,4096,4096
2,68.342,24576,64
2,34.62,24576,64
2,34.573,24576,64
3,11.604,4096,4096
3,15.874,4096,4096
3,15.874,4096,4096
3,11.588,4096,4096
2,64.718,24576,64
2,64.718,24576,64
2,36.322,24576,64
2,36.322,24576,64
3,6.242,2048,2048
3,6.257,2048,2048
2,58.33,24576,64
2,58.314,24576,64
2,62.439,24576,64
2,62.392,24576,64
2,107.486,24576,64
2,107.486,24576,64
2,44.738,24576,64
2,44.721,24576,64
2,76.427,24576,64
2,76.427,24576,64
2,62.634,24576,64
2,62.634,24576,64
2,120.45,24576,64
2,120.464,24576,64
2,34.347,24576,64
2,34.347,24576,64
5,28.071,8192,8192
5,28.071,8192,8192
5,21.114,8192,8192
5,21.097,8192,8192
2,82.771,24576,64
2,82.771,24576,64
2,35.802,24576,64
2,35.802,24576,64
2,140.618,24576,64
2,140.618,24576,64
2,37.711,24576,64
2,37.729,24576,64
2,35.251,24576,64
2,35.299,24576,64
2,46.147,24576,64
2,46.134,24576,64
2,66.944,24576,64
2,66.944,24576,64
2,67.997,24576,64
2,67.997,24576,64
2,112.24,24576,64
2,112.349,24576,64
2,78.857,24576,64
2,78.843,24576,64
5,24.038,8192,8192
5,23.991,8192,8192
2,105.274,24576,64
2,105.256,24576,64
1,0.062,1024,64
1,0.062,1024,64
2,53.768,24576,64
2,53.756,24576,64
5,21.7,8192,8192
5,21.7,8192,8192
2,129.278,24576,64
2,129.199,24576,64
2,97.86,24576,64
2,97.844,24576,64
5,28.246,8192,8192
5,28.246,8192,8192
2,47.797,24576,64
2,47.785,24576,64
2,105.666,24576,64
2,105.666,24576,64
2,97.002,24576,64
2,97.002,24576,64
2,104.897,24576,64
2,104.881,24576,64
3,7.915,4096,4096
3,7.899,4096,4096
2,106.184,24576,64
2,106.184,24576,64
2,31.859,24576,64
2,31.859,24576,64
2,62.286,24576,64
2,62.286,24576,64
2,83.18,24576,64
2,83.18,24576,64
2,72.05,24576,64
2,72.05,24576,64
2,98.16,24576,64
2,98.146,24576,64
2,78.654,24576,64
2,78.654,24576,64
2,51.14,24576,64
2,51.14,24576,64
2,49.468,24576,64
2,49.468,24576,64
3,3.329,2048,2048
3,3.329,2048,2048
2,91.449,24576,64
2,91.449,24576,64
2,45.409,24576,64
2,45.409,24576,64
2,98.332,24576,64
2,98.316,24576,64
2,102.685,24576,64
2,102.685,24576,64
2,30.248,24576,64
2,30.248,24576,64
5,22.867,8192,8192
5,22.867,8192,8192
3,4.481,2048,2048
2,77.385,24576,64
2,77.402,24576,64
3,8.33,4096,4096
3,8.33,4096,4096
2,73.763,24576,64
2,73.763,24576,64
2,51.166,24576,64
2,51.166,24576,64
2,96.736,24576,64
2,96.736,24576,64
3,11.226,4096,4096
3,11.211,4096,4096
2,46.551,24576,64
2,46.551,24576,64
2,32.262,24576,64
2,32.246,24576,64
2,31.703,24576,64
2,31.69,24576,64
2,62.928,24576,64
2,62.928,24576,64
2,47.06,24576,64
2,47.06,24576,64
3,14.547,4096,4096
3,14.517,4096,4096
2,91.376,24576,64
2,91.359,24576,64
2,35.725,24576,64
2,35.725,24576,64
2,50.697,24576,64
2,50.666,24576,64
2,75.848,24576,64
2,75.848,24576,64
2,120.411,24576,64
2,120.411,24576,64
2,111.976,24576,64
2,111.976,24576,64
5,24.194,8192,8192
5,24.194,8192,8192
2,90.77,24576,64
2,90.783,24576,64
2,86.234,24576,64
2,86.234,24576,64
3,4.423,2048,2048
3,4.423,2048,2048
2,111.284,24576,64
2,111.284,24576,64
2,52.167,24576,64
2,52.121,24576,64
2,134.706,24576,64
2,134.66,24576,64
2,35.977,24576,64
2,35.977,24576,64
3,3.561,2048,2048
2,45.03,24576,64
2,45.047,24576,64
3,3.53,2048,2048
2,49.986,24576,64
2,50.017,24576,64
2,113.611,24576,64
2,113.611,24576,64
2,44.134,24576,64
2,44.134,24576,64
2,126.938,24576,64
2,126.938,24576,64
2,66.422,24576,64
2,66.422,24576,64
2,40.319,24576,64
2,40.302,24576,64
2,77.143,24576,64
2,77.128,24576,64
2,88.249,24576,64
2,88.249,24576,64
2,49.798,24576,64
2,49.798,24576,64
3,8.978,4096,4096
3,8.992,4096,4096
5,20.3,4096,4096
5,20.317,4096,4096
1,1.027,2048,64
1,1.027,2048,64
2,45.019,24576,64
2,44.926,24576,64
1,0.015,1024,64
2,120.645,24576,64
2,120.662,24576,64
2,89.452,24576,64
2,89.452,24576,64
2,67.939,24576,64
2,67.921,24576,64
2,125.097,24576,64
2,125.113,24576,64
2,127.633,24576,64
2,127.649,24576,64
5,27.555,8192,8192
5,27.555,8192,8192
2,53.035,24576,64
2,53.035,24576,64
2,71.209,24576,64
2,71.223,24576,64
2,49.302,24576,64
2,49.302,24576,64
5,26.307,8192,8192
5,26.291,8192,8192
2,33.295,24576,64
2,33.295,24576,64
2,125.514,24576,64
2,125.528,24576,64
2,77.501,24576,64
2,77.519,24576,64
5,20.573,8192,8192
5,20.558,8192,8192
3,8.971,4096,4096
3,9.002,4096,4096
2,109.288,24576,64
2,109.288,24576,64
2,100.599,24576,64
2,100.599,24576,64
3,16.051,4096,4096
2,105.701,24576,64
2,105.701,24576,64
3,16.035,4096,4096
3,2.213,2048,2048
3,2.213,2048,2048
2,96.668,24576,64
2,96.668,24576,64
2,125.169,24576,64
2,125.169,24576,64
2,96.418,24576,64
2,96.418,24576,64
2,67.089,24576,64
2,67.104,24576,64
2,112.482,24576,64
2,112.494,24576,64
3,14.58,4096,4096
3,14.563,4096,4096
2,75.751,24576,64
2,75.751,24576,64
2,41.078,24576,64
2,41.078,24576,64
2,36.764,24576,64
2,36.764,24576,64
5,28.616,8192,8192
5,28.616,8192,8192
5,29.834,8192,8192
5,29.834,8192,8192
2,63.992,24576,64
2,63.992,24576,64
2,69.321,24576,64
2,69.337,24576,64
2,101.696,24576,64
2,101.668,24576,64
2,90.467,24576,64
2,90.453,24576,64
3,8.844,4096,4096
3,8.844,4096,4096
2,117.004,24576,64
2,117.004,24576,64
2,44.103,24576,64
2,44.103,24576,64
5,18.739,4096,4096
5,18.739,4096,4096
3,13.031,4096,4096
3,13.045,4096,4096
2,98.789,24576,64
2,98.82,24576,64
2,78.682,24576,64
2,78.664,24576,64
5,19.61,4096,4096
5,19.61,4096,4096
2,60.902,24576,64
2,60.902,24576,64
2,33.806,24576,64
2,33.823,24576,64
2,120.372,24576,64
2,120.372,24576,64
2,36.105,24576,64
2,36.089,24576,64
2,80.089,24576,64
2,80.089,24576,64
2,174.022,24576,64
2,174.036,24576,64
2,95.003,24576,64
2,95.003,24576,64
2,34.885,24576,64
2,34.885,24576,64
2,116.831,24576,64
2,116.846,24576,64
2,223.074,24576,64
2,223.074,24576,64
2,101.704,24576,64
2,101.719,24576,64
5,21.104,8192,8192
5,21.104,8192,8192
2,128.293,24576,64
2,128.293,24576,64
2,60.597,24576,64
2,60.597,24576,64
2,122.948,24576,64
2,122.948,24576,64
2,61.315,24576,64
2,61.237,24576,64
2,100.295,24576,64
2,100.295,24576,64
3,8.863,4096,4096
3,8.863,4096,4096
1,0.015,1024,64
1,0.015,1024,64
2,105.253,24576,64
2,105.253,24576,64
2,32.527,24576,64
2,32.527,24576,64
3,11.924,4096,4096
2,103.279,24576,64
2,103.279,24576,64
2,65.677,24576,64
2,65.677,24576,64
2,42.708,24576,64
2,42.726,24576,64
2,44.261,24576,64
2,44.243,24576,64
2,32.385,24576,64
2,220.866,24576,64
2,69.569,24576,64
2,69.569,24576,64
2,32.368,24576,64
3,9.302,4096,4096
3,9.302,4096,4096
2,220.835,24576,64
2,100.691,24576,64
2,100.691,24576,64
2,125.838,24576,64
2,125.838,24576,64
2,65.774,24576,64
2,65.793,24576,64
2,171.174,24576,64
2,171.145,24576,64
2,53.395,24576,64
2,53.395,24576,64
2,81.393,24576,64
2,81.393,24576,64
2,55.969,24576,64
2,55.953,24576,64
2,80.165,24576,64
2,80.104,24576,64
2,186.712,24576,64
2,186.678,24576,64
2,205.999,24576,64
2,205.999,24576,64
2,113.637,24576,64
2,113.637,24576,64
3,15.817,4096,4096
3,15.801,4096,4096
2,76.082,24576,64
2,76.049,24576,64
3,14.249,4096,4096
3,14.249,4096,4096
2,37.823,24576,64
2,37.837,24576,64
2,95.047,24576,64
2,95.032,24576,64
3,12.203,4096,4096
3,12.203,4096,4096
2,58.33,24576,64
2,58.33,24576,64
5,16.999,4096,4096
5,16.999,4096,4096
2,74.152,24576,64
2,74.167,24576,64
2,124.726,24576,64
2,124.726,24576,64
2,91.875,24576,64
2,91.875,24576,64
3,1.881,2048,2048
3,1.881,2048,2048
1,1.328,2048,64
1,1.328,2048,64
5,24.404,8192,8192
5,24.416,8192,8192
2,64.851,24576,64
2,64.851,24576,64
5,17.269,4096,4096
5,17.269,4096,4096
2,31.24,24576,64
2,31.133,24576,64
2,63.475,24576,64
2,63.444,24576,64
2,78.485,24576,64
2,78.485,24576,64
5,17.549,4096,4096
5,17.549,4096,4096
2,73.925,24576,64
2,73.943,24576,64
2,102.727,24576,64
2,102.727,24576,64
2,46.832,24576,64
2,46.816,24576,64
3,5.918,2048,2048
3,5.918,2048,2048
2,217.644,24576,64
2,217.628,24576,64
2,116.399,24576,64
2,116.418,24576,64
1,1.774,2048,64
1,1.774,2048,64
2,62.781,24576,64
2,62.763,24576,64
2,100.536,24576,64
2,100.599,24576,64
1,0.015,1024,64
2,246.887,24576,64
2,246.871,24576,64
3,6.337,2048,2048
3,6.337,2048,2048
5,25.529,8192,8192
5,25.529,8192,8192
2,166.879,24576,64
2,166.863,24576,64
3,15.997,4096,4096
3,15.997,4096,4096
5,19.536,4096,4096
5,19.504,4096,4096
3,16.127,4096,4096
3,16.096,4096,4096
2,122.836,24576,64
2,122.836,24576,64
5,16.557,4096,4096
5,16.557,4096,4096
2,36.966,24576,64
2,36.981,24576,64
3,11.758,4096,4096
3,11.774,4096,4096
2,74.243,24576,64
2,74.226,24576,64
5,25.283,8192,8192
5,25.269,8192,8192
5,28.682,8192,8192
5,28.682,8192,8192
5,19.087,4096,4096
5,19.102,4096,4096
2,45.636,24576,64
2,45.62,24576,64
5,23.384,8192,8192
5,23.37,8192,8192
1,0.802,1024,64
1,0.802,1024,64
3,4.5,2048,2048
3,4.484,2048,2048
2,87.974,24576,64
2,87.992,24576,64
3,8.818,4096,4096
3,8.818,4096,4096
2,36.681,24576,64
2,36.681,24576,64
2,211.842,24576,64
2,211.842,24576,64
3,10.215,4096,4096
3,10.232,4096,4096
5,22.848,8192,8192
5,22.848,8192,8192
2,105.118,24576,64
2,105.118,24576,64
3,10.501,4096,4096
3,10.485,4096,4096
1,0.015,1024,64
3,4.901,2048,2048
3,4.901,2048,2048
3,2.619,2048,2048
3,2.619,2048,2048
5,23.69,8192,8192
5,23.69,8192,8192
5,25.789,8192,8192
5,25.804,8192,8192
5,24.746,8192,8192
5,24.746,8192,8192
2,45.934,24576,64
2,45.919,24576,64
2,52.889,24576,64
2,52.889,24576,64
2,43.049,24576,64
2,43.066,24576,64
2,104.421,24576,64
2,104.407,24576,64
2,46.157,24576,64
2,46.139,24576,64
2,155.685,24576,64
2,155.685,24576,64
2,51.112,24576,64
2,51.112,24576,64
2,101.288,24576,64
2,101.272,24576,64
2,71.671,24576,64
2,71.671,24576,64
5,17.506,4096,4096
5,17.49,4096,4096
3,2.411,2048,2048
3,2.38,2048,2048
5,20.933,8192,8192
5,20.946,8192,8192
2,105.045,24576,64
2,105.076,24576,64
2,160.083,24576,64
2,160.083,24576,64
2,237.611,24576,64
2,237.596,24576,64
3,7.685,2048,2048
3,7.67,2048,2048
2,41.92,24576,64
2,41.92,24576,64
5,22.556,8192,8192
5,22.556,8192,8192
5,21.947,8192,8192
5,21.962,8192,8192
2,52.063,24576,64
2,52.063,24576,64
2,84.055,24576,64
2,84.055,24576,64
2,55.147,24576,64
2,54.898,24576,64
2,87.938,24576,64
2,87.938,24576,64
2,80.718,24576,64
2,79.791,24576,64
2,79.791,24576,64
2,80.733,24576,64
2,206.125,24576,64
2,206.125,24576,64
2,84.706,24576,64
2,84.69,24576,64
5,18.749,4096,4096
5,18.749,4096,4096
3,10.821,4096,4096
3,10.821,4096,4096
5,18.372,4096,4096
5,18.372,4096,4096
2,32.325,24576,64
2,32.309,24576,64
2,87.227,24576,64
2,87.227,24576,64
2,78.505,24576,64
2,78.473,24576,64
3,4.787,2048,2048
3,4.787,2048,2048
5,28.803,8192,8192
5,28.816,8192,8192
2,38.339,24576,64
2,38.307,24576,64
5,29.488,8192,8192
5,29.488,8192,8192
3,8.355,4096,4096
3,8.342,4096,4096
2,80.363,24576,64
2,80.363,24576,64
2,76.629,24576,64
2,76.613,24576,64
1,1.574,2048,64
1,1.574,2048,64
2,44.253,24576,64
2,44.237,24576,64
2,63.26,24576,64
2,63.272,24576,64
2,39.992,24576,64
2,39.973,24576,64
5,16.374,4096,4096
5,16.374,4096,4096
2,76.065,24576,64
2,76.078,24576,64
2,69.842,24576,64
2,69.826,24576,64
2,175.895,24576,64
2,175.895,24576,64
2,60.724,24576,64
2,60.708,24576,64
2,98.262,24576,64
2,98.246,24576,64
2,83.533,24576,64
2,83.533,24576,64
2,75.08,24576,64
2,75.08,24576,64
2,30.708,24576,64
2,30.708,24576,64
3,12.774,4096,4096
3,12.761,4096,4096
2,106.219,24576,64
2,106.219,24576,64
2,146.09,24576,64
2,146.09,24576,64
1,0.906,2048,64
1,0.906,2048,64
3,13.69,4096,4096
3,13.708,4096,4096
5,16.493,4096,4096
5,16.461,4096,4096
2,92.463,24576,64
2,92.463,24576,64
2,105.518,24576,64
2,105.502,24576,64
2,79.212,24576,64
2,79.212,24576,64
2,104.895,24576,64
2,104.895,24576,64
2,37.906,24576,64
2,37.906,24576,64
2,54.469,24576,64
2,54.481,24576,64
2,101.24,24576,64
2,101.24,24576,64
2,43.399,24576,64
2,43.399,24576,64
2,68.941,24576,64
2,68.926,24576,64
3,8.405,4096,4096
3,8.405,4096,4096
3,1.922,2048,2048
3,1.922,2048,2048
2,45.551,24576,64
2,45.551,24576,64
2,80.145,24576,64
2,80.145,24576,64
2,52.856,24576,64
2,52.856,24576,64
2,226.654,24576,64
2,226.654,24576,64
3,8.537,4096,4096
2,157.917,24576,64
2,157.901,24576,64
3,9.165,4096,4096
3,9.165,4096,4096
2,63.446,24576,64
2,63.462,24576,64
2,32.606,24576,64
2,32.606,24576,64
2,87.882,24576,64
2,87.882,24576,64
5,27.597,8192,8192
5,27.581,8192,8192
2,86.117,24576,64
2,86.117,24576,64
2,33.977,24576,64
2,33.961,24576,64
2,94.82,24576,64
2,94.787,24576,64
2,65.387,24576,64
2,65.369,24576,64
2,88.154,24576,64
2,88.166,24576,64
2,43.166,24576,64
2,43.166,24576,64
5,16.954,4096,4096
5,16.954,4096,4096
2,180.636,24576,64
2,180.636,24576,64
2,84.355,24576,64
2,84.355,24576,64
2,96.494,24576,64
2,96.494,24576,64
1,0.661,1024,64
2,62.652,24576,64
3,3.191,2048,2048
1,1.064,2048,64
2,101.677,24576,64
1,1.275,2048,64
1,0.828,1024,64
2,56.125,24576,64
2,56.125,24576,64
2,66.154,24576,64
2,66.154,24576,64
2,86.998,24576,64
2,87.011,24576,64
3,3.805,2048,2048
3,3.805,2048,2048
1,1.589,2048,64
1,1.589,2048,64
2,62.31,24576,64
2,62.31,24576,64
2,76.762,24576,64
2,76.762,24576,64
2,88.005,24576,64
2,88.005,24576,64
1,0.014,1024,64
2,144.548,24576,64
2,144.548,24576,64
2,191.255,24576,64
2,191.274,24576,64
2,40.247,24576,64
2,40.262,24576,64
5,25.263,8192,8192
5,25.263,8192,8192
2,190.878,24576,64
2,190.878,24576,64
5,17.894,4096,4096
5,17.894,4096,4096
2,73.746,24576,64
2,73.746,24576,64
1,0.012,1024,64
2,89.723,24576,64
2,89.723,24576,64
1,0.02,1024,64
1,0.022,1024,64
1,0.012,1024,64
1,0.012,1024,64
1,0.012,1024,64
3,13.198,4096,4096
3,13.198,4096,4096
1,0.012,1024,64
1,0.013,1024,64
1,0.012,1024,64
2,136.018,24576,64
2,136.03,24576,64
2,60.894,24576,64
2,60.831,24576,64
1,0.013,1024,64
1,0.012,1024,64
5,22.128,8192,8192
5,22.112,8192,8192
1,0.012,1024,64
1,1.39,2048,64
1,1.374,2048,64
2,86.969,24576,64
2,86.969,24576,64
1,0.012,1024,64
2,81.981,24576,64
2,81.981,24576,64
1,0.013,1024,64
2,146.459,24576,64
2,146.459,24576,64
3,11.248,4096,4096
3,11.248,4096,4096
2,81.084,24576,64
2,81.068,24576,64
2,32.123,24576,64
2,32.123,24576,64
2,57.412,24576,64
2,57.412,24576,64
2,217.081,24576,64
2,217.081,24576,64
2,77.916,24576,64
2,77.96,24576,64
3,6.339,2048,2048
3,6.339,2048,2048
5,24.863,8192,8192
5,24.863,8192,8192
3,7.703,2048,2048
3,7.703,2048,2048
3,7.242,2048,2048
3,7.242,2048,2048
5,22.157,8192,8192
5,22.157,8192,8192
2,58.07,24576,64
2,58.07,24576,64
3,11.297,4096,4096
3,11.297,4096,4096
2,43.447,24576,64
2,43.431,24576,64
2,32.922,24576,64
2,32.922,24576,64
2,57.99,24576,64
2,57.99,24576,64
2,55.601,24576,64
2,55.556,24576,64
2,60.853,24576,64
2,60.884,24576,64
2,81.202,24576,64
2,81.202,24576,64
2,80.431,24576,64
2,80.431,24576,64
2,48.054,24576,64
2,47.977,24576,64
2,89.831,24576,64
2,89.846,24576,64
2,61.415,24576,64
2,61.415,24576,64
2,214.09,24576,64
2,214.074,24576,64
2,168.373,24576,64
2,168.342,24576,64
2,65.964,24576,64
2,65.964,24576,64
2,44.194,24576,64
2,44.207,24576,64
5,20.245,4096,4096
2,70.928,24576,64
2,70.912,24576,64
2,58.868,24576,64
2,58.851,24576,64
5,22.691,8192,8192
5,22.71,8192,8192
3,4.672,2048,2048
3,4.657,2048,2048
3,15.861,4096,4096
3,15.874,4096,4096
2,79.859,24576,64
2,79.859,24576,64
3,12.131,4096,4096
3,12.148,4096,4096
2,57.661,24576,64
2,57.661,24576,64
3,2.022,2048,2048
3,2.007,2048,2048
5,27.993,8192,8192
5,27.993,8192,8192
2,60.637,24576,64
2,60.59,24576,64
5,28.354,8192,8192
5,28.339,8192,8192
5,16.358,4096,4096
5,16.373,4096,4096
3,2.033,2048,2048
3,2.033,2048,2048
3,13.234,4096,4096
3,13.234,4096,4096
2,36.981,24576,64
2,36.949,24576,64
2,34.437,24576,64
2,34.406,24576,64
2,47.534,24576,64
2,47.534,24576,64
3,10.428,4096,4096
3,10.409,4096,4096
2,61.89,24576,64
2,61.874,24576,64
2,34.348,24576,64
2,34.363,24576,64
2,47.141,24576,64
2,47.126,24576,64
2,118.858,24576,64
2,118.858,24576,64
2,69.104,24576,64
2,69.104,24576,64
3,3.13,2048,2048
3,3.13,2048,2048
3,14.096,4096,4096
3,14.096,4096,4096
2,117.449,24576,64
2,117.432,24576,64
2,80.091,24576,64
2,80.091,24576,64
3,4.326,2048,2048
3,4.326,2048,2048
2,94.673,24576,64
2,94.673,24576,64
2,79.843,24576,64
2,79.843,24576,64
2,130.746,24576,64
2,130.743,24576,64
3,6.515,2048,2048
3,6.515,2048,2048
3,3.628,2048,2048
3,3.628,2048,2048
2,40.299,24576,64
2,40.299,24576,64
3,5.799,2048,2048
3,5.799,2048,2048
1,1.25,2048,64
1,1.234,2048,64
3,4.946,2048,2048
3,5.945,2048,2048
3,5.762,2048,2048
3,5.773,2048,2048
3,5.789,2048,2048
3,5.559,2048,2048
3,5.753,2048,2048
3,5.624,2048,2048
3,5.548,2048,2048
3,5.616,2048,2048
3,5.614,2048,2048
3,5.764,2048,2048
3,5.616,2048,2048
3,5.755,2048,2048
3,5.62,2048,2048
3,5.622,2048,2048
3,5.455,2048,2048
3,7.656,2048,2048
3,7.656,2048,2048
3,15.599,4096,4096
3,15.599,4096,4096
3,7.534,2048,2048
3,7.517,2048,2048
2,54.291,24576,64
2,54.291,24576,64
2,167.943,24576,64
2,167.943,24576,64
2,55.839,24576,64
2,55.839,24576,64
3,13.924,4096,4096
3,13.924,4096,4096
2,52.609,24576,64
2,52.622,24576,64
2,137.83,24576,64
2,137.798,24576,64
2,44.225,24576,64
2,44.209,24576,64
2,42.61,24576,64
2,42.626,24576,64
2,109.428,24576,64
2,109.428,24576,64
2,165.656,24576,64
2,165.656,24576,64
3,12.451,4096,4096
3,12.465,4096,4096
2,67.088,24576,64
2,67.088,24576,64
3,7.753,2048,2048
3,7.753,2048,2048
2,33.379,24576,64
2,33.379,24576,64
3,7.393,2048,2048
3,7.346,2048,2048
2,63.997,24576,64
2,63.997,24576,64
3,14.298,4096,4096
3,14.298,4096,4096
5,23.591,8192,8192
5,23.607,8192,8192
2,44.264,24576,64
2,44.264,24576,64
2,68.586,24576,64
2,68.586,24576,64
3,12.802,4096,4096
3,12.802,4096,4096
1,0.179,1024,64
1,0.194,1024,64
1,0.184,1024,64
1,0.208,1024,64
1,0.209,1024,64
3,6.292,2048,2048
3,6.273,2048,2048
1,0.015,1024,64
1,0.015,1024,64
1,1.58,2048,64
1,1.58,2048,64
5,22.488,8192,8192
5,22.488,8192,8192
3,3.094,2048,2048
3,3.094,2048,2048
5,24.614,8192,8192
5,24.614,8192,8192
2,48.433,24576,64
2,48.417,24576,64
2,39.99,24576,64
2,39.99,24576,64
3,12.029,4096,4096
3,12.046,4096,4096
3,3.018,2048,2048
3,3.008,2048,2048
2,66.158,24576,64
2,66.142,24576,64
2,158.776,24576,64
2,158.776,24576,64
2,53.191,24576,64
2,53.173,24576,64
2,48.106,24576,64
2,47.966,24576,64
2,36.078,24576,64
2,36.094,24576,64
2,37.565,24576,64
2,37.565,24576,64
5,28.883,8192,8192
5,28.898,8192,8192
5,20.802,8192,8192
5,20.802,8192,8192
1,0.171,1024,64
1,0.171,1024,64
2,63.58,24576,64
2,63.58,24576,64
5,23.596,8192,8192
5,24.62,8192,8192
5,26.346,8192,8192
5,26.84,8192,8192
5,21.701,8192,8192
5,22.149,8192,8192
5,23.552,8192,8192
5,26.808,8192,8192
5,26.112,8192,8192
5,21.932,8192,8192
5,24.385,8192,8192
5,21.358,8192,8192
2,156.198,24576,64
2,156.198,24576,64
1,0.396,1024,64
1,0.381,1024,64
3,9.107,4096,4096
3,9.107,4096,4096
3,9.06,4096,4096
3,9.06,4096,4096
5,19.325,4096,4096
5,19.325,4096,4096
2,61.64,24576,64
2,61.64,24576,64
2,184.901,24576,64
2,184.901,24576,64
2,113.092,24576,64
2,113.106,24576,64
2,51.51,24576,64
2,51.495,24576,64
2,32.47,24576,64
2,32.454,24576,64
2,41.453,24576,64
2,41.514,24576,64
5,21.882,8192,8192
5,21.866,8192,8192
2,36.36,24576,64
2,34.678,24576,64
2,51.05,24576,64
2,43.031,24576,64
2,49.79,24576,64
2,36.36,24576,64
2,36.69,24576,64
2,38.344,24576,64
2,36.188,24576,64
2,49.744,24576,64
2,38.313,24576,64
2,36.313,24576,64
2,36.641,24576,64
2,34.506,24576,64
2,51.003,24576,64
2,42.984,24576,64
2,36.336,24576,64
5,28.111,8192,8192
2,36.177,24576,64
5,27.687,8192,8192
5,26.264,8192,8192
5,26.264,8192,8192
3,8.287,4096,4096
3,8.287,4096,4096
3,6.568,2048,2048
3,6.568,2048,2048
3,6.123,2048,2048
3,6.123,2048,2048
1,1.826,2048,64
1,1.811,2048,64
2,48.658,24576,64
2,48.658,24576,64
5,28.535,8192,8192
5,28.535,8192,8192
3,11.928,4096,4096
3,11.928,4096,4096
2,109.877,24576,64
2,109.877,24576,64
2,31.874,24576,64
2,31.874,24576,64
3,4.421,2048,2048
5,26.428,8192,8192
5,26.428,8192,8192
3,5.812,2048,2048
3,5.812,2048,2048
1,0.468,1024,64
1,0.468,1024,64
5,24.725,8192,8192
5,24.709,8192,8192
2,88.971,24576,64
2,88.971,24576,64
2,30.159,24576,64
2,37.344,24576,64
2,37.344,24576,64
2,30.142,24576,64
5,16.695,4096,4096
5,24.776,8192,8192
5,24.776,8192,8192
5,16.773,4096,4096
2,35.247,24576,64
5,18.128,4096,4096
5,18.142,4096,4096
3,3.289,2048,2048
3,3.289,2048,2048
1,0.692,1024,64
1,0.692,1024,64
2,77.141,24576,64
2,77.12,24576,64
1,0.324,1024,64
2,98.664,24576,64
2,30.938,24576,64
5,25.953,8192,8192
2,38.442,24576,64
2,38.637,24576,64
3,12.089,4096,4096
2,98.523,24576,64
2,38.602,24576,64
5,25.902,8192,8192
2,38.391,24576,64
3,11.964,4096,4096
3,7.1,2048,2048
3,7.1,2048,2048
3,12.781,4096,4096
3,12.781,4096,4096
3,5.339,2048,2048
3,5.339,2048,2048
2,37.447,24576,64
2,37.434,24576,64
1,0.953,2048,64
1,0.969,2048,64
3,7.617,2048,2048
3,7.617,2048,2048
1,0.063,1024,64
1,0.016,1024,64
5,20.86,8192,8192
5,20.797,8192,8192
3,8.907,4096,4096
3,8.892,4096,4096
3,2.202,2048,2048
3,2.202,2048,2048
2,74.227,24576,64
2,74.227,24576,64
2,126.583,24576,64
2,126.583,24576,64
3,10.918,4096,4096
3,10.918,4096,4096
2,125.734,24576,64
2,125.734,24576,64
2,125.297,24576,64
2,125.281,24576,64
2,155.297,24576,64
2,155.282,24576,64
5,26.43,8192,8192
5,24.219,8192,8192
2,31.75,24576,64
2,46.354,24576,64
5,26.211,8192,8192
2,31.719,24576,64
5,24.063,8192,8192
2,46.307,24576,64
5,20.369,4096,4096
5,20.354,4096,4096
2,154.643,24576,64
2,154.643,24576,64
3,8.264,4096,4096
3,8.264,4096,4096
3,5.431,2048,2048
5,17.292,4096,4096
5,17.292,4096,4096
2,123.958,24576,64
2,123.958,24576,64
5,22.707,8192,8192
5,22.707,8192,8192
3,2.978,2048,2048
3,2.978,2048,2048
5,16.709,4096,4096
5,16.709,4096,4096
5,16.988,4096,4096
5,16.955,4096,4096
2,180.687,24576,64
2,180.674,24576,64
2,71.362,24576,64
2,71.353,24576,64
1,1.624,2048,64
1,1.624,2048,64
3,2.088,2048,2048
3,2.088,2048,2048
3,9.479,4096,4096
3,9.463,4096,4096
2,65.417,24576,64
2,65.402,24576,64
2,148.117,24576,64
2,148.117,24576,64
3,3.139,2048,2048
3,3.139,2048,2048
2,117.624,24576,64
2,117.624,24576,64
3,7.328,2048,2048
3,7.344,2048,2048
3,2.214,2048,2048
3,2.214,2048,2048
3,2.926,2048,2048
3,2.926,2048,2048
5,21.644,8192,8192
5,21.644,8192,8192
3,11.452,4096,4096
3,11.452,4096,4096
3,10.93,4096,4096
3,10.93,4096,4096
1,1.739,2048,64
1,1.739,2048,64
5,19.21,4096,4096
5,19.21,4096,4096
5,18.082,4096,4096
5,18.035,4096,4096
1,0.015,1024,64
1,0.015,1024,64
3,2.339,2048,2048
3,2.339,2048,2048
2,81.185,24576,64
2,81.2,24576,64
2,80.653,24576,64
2,80.653,24576,64
3,15.112,4096,4096
3,15.112,4096,4096
3,14.488,4096,4096
3,14.473,4096,4096
3,7.054,2048,2048
3,7.066,2048,2048
1,0.937,2048,64
1,0.937,2048,64
1,1.601,2048,64
1,1.601,2048,64
3,14.659,4096,4096
3,14.659,4096,4096
2,110.2,24576,64
2,110.2,24576,64
3,6.973,2048,2048
3,6.957,2048,2048
2,139.231,24576,64
2,139.231,24576,64
3,3.627,2048,2048
3,3.627,2048,2048
2,108.008,24576,64
2,108.008,24576,64
1,1.708,2048,64
1,1.708,2048,64
2,136.139,24576,64
2,136.139,24576,64
5,27.494,8192,8192
5,27.494,8192,8192
3,2.801,2048,2048
3,2.801,2048,2048
3,4.797,2048,2048
3,4.797,2048,2048
1,0.662,1024,64
1,0.662,1024,64
2,44.938,24576,64
2,44.938,24576,64
2,98.779,24576,64
2,98.791,24576,64
3,6.867,2048,2048
3,6.851,2048,2048
2,158.284,24576,64
2,158.269,24576,64
2,96.503,24576,64
2,96.503,24576,64
3,2.548,2048,2048
3,2.548,2048,2048
1,1.487,2048,64
1,1.506,2048,64
2,30.043,24576,64
2,30.043,24576,64
2,36.024,24576,64
2,36.024,24576,64
2,121.964,24576,64
2,121.964,24576,64
2,152.012,24576,64
2,152.012,24576,64
2,121.467,24576,64
2,121.451,24576,64
2,121.404,24576,64
2,121.404,24576,64
2,121.201,24576,64
2,121.201,24576,64
2,149.996,24576,64
2,149.996,24576,64
2,119.105,24576,64
2,119.105,24576,64
2,123.476,24576,64
2,123.476,24576,64
3,5.049,2048,2048
5,27.055,8192,8192
5,27.055,8192,8192
5,26.414,8192,8192
5,26.414,8192,8192
2,107.318,24576,64
2,107.318,24576,64
2,137.102,24576,64
2,137.102,24576,64
2,107.02,24576,64
2,107.02,24576,64
3,14.883,4096,4096
3,14.866,4096,4096
5,28.722,8192,8192
5,28.722,8192,8192
2,104.969,24576,64
2,104.969,24576,64
2,104.57,24576,64
2,104.57,24576,64
2,133.596,24576,64
2,133.58,24576,64
1,0.277,1024,64
2,103.162,24576,64
2,103.162,24576,64
1,0.013,1024,64
2,31.994,24576,64
2,31.994,24576,64
3,5.065,2048,2048
2,58.674,24576,64
2,58.674,24576,64
1,0.012,1024,64
1,0.018,1024,64
1,0.015,1024,64
1,0.014,1024,64
1,0.013,1024,64
1,0.012,1024,64
1,0.016,1024,64
1,0.013,1024,64
1,0.022,1024,64
3,7.24,2048,2048
3,7.24,2048,2048
2,30.488,24576,64
5,29.706,8192,8192
1,0.012,1024,64
1,0.026,1024,64
1,0.012,1024,64
1,0.013,1024,64
1,0.014,1024,64
5,28.27,8192,8192
5,28.255,8192,8192
2,96.412,24576,64
2,96.412,24576,64
2,48.2,24576,64
2,48.2,24576,64
2,95.852,24576,64
2,95.836,24576,64
5,28.034,8192,8192
5,27.098,8192,8192
2,94.447,24576,64
2,94.447,24576,64
3,11.866,4096,4096
3,11.854,4096,4096
3,13.066,4096,4096
3,13.05,4096,4096
2,91.036,24576,64
2,91.02,24576,64
2,90.99,24576,64
2,90.99,24576,64
2,121.105,24576,64
2,121.09,24576,64
1,0.403,1024,64
1,0.418,1024,64
2,90.791,24576,64
2,90.791,24576,64
2,90.594,24576,64
2,90.594,24576,64
3,11.33,4096,4096
3,11.33,4096,4096
5,25.895,8192,8192
5,25.895,8192,8192
1,0.453,1024,64
1,0.453,1024,64
3,9.255,4096,4096
3,9.27,4096,4096
2,89.488,24576,64
2,89.488,24576,64
3,10.641,4096,4096
3,10.549,4096,4096
2,89.394,24576,64
2,89.394,24576,64
2,88.753,24576,64
2,88.753,24576,64
1,0.97,2048,64
1,0.97,2048,64
2,31.246,24576,64
2,31.246,24576,64
2,117.087,24576,64
2,117.087,24576,64
3,9.552,4096,4096
3,9.552,4096,4096
2,86.804,24576,64
2,86.804,24576,64
2,116.802,24576,64
2,116.802,24576,64
3,2.708,2048,2048
3,2.692,2048,2048
2,116.547,24576,64
2,116.547,24576,64
5,18.777,4096,4096
5,18.728,4096,4096
2,86.155,24576,64
2,86.155,24576,64
2,86.125,24576,64
2,86.125,24576,64
2,85.935,24576,64
2,85.935,24576,64
3,11.133,4096,4096
3,11.133,4096,4096
2,86.0,24576,64
2,86.0,24576,64
2,85.98,24576,64
2,85.98,24576,64
2,85.827,24576,64
2,85.827,24576,64
2,84.26,24576,64
2,84.26,24576,64
2,84.19,24576,64
2,84.19,24576,64
2,114.124,24576,64
2,114.124,24576,64
2,83.698,24576,64
2,83.698,24576,64
2,83.698,24576,64
2,83.682,24576,64
2,83.698,24576,64
2,83.698,24576,64
3,3.69,2048,2048
3,3.69,2048,2048
3,6.16,2048,2048
3,6.144,2048,2048
2,113.232,24576,64
2,113.232,24576,64
2,113.171,24576,64
2,113.171,24576,64
2,83.077,24576,64
2,83.077,24576,64
5,25.171,8192,8192
5,25.013,8192,8192
2,82.374,24576,64
2,82.374,24576,64
2,34.48,24576,64
2,34.353,24576,64
2,81.951,24576,64
2,81.951,24576,64
3,4.282,2048,2048
3,4.282,2048,2048
3,5.079,2048,2048
3,5.079,2048,2048
3,2.924,2048,2048
3,2.924,2048,2048
2,80.484,24576,64
2,80.469,24576,64
2,80.537,24576,64
2,80.521,24576,64
2,80.304,24576,64
2,80.304,24576,64
2,79.101,24576,64
2,79.086,24576,64
2,78.781,24576,64
2,78.781,24576,64
3,2.391,2048,2048
3,2.391,2048,2048
3,15.864,4096,4096
3,15.864,4096,4096
2,78.038,24576,64
2,78.038,24576,64
2,77.952,24576,64
2,77.966,24576,64
2,77.92,24576,64
2,77.81,24576,64
2,77.84,24576,64
2,77.791,24576,64
2,77.822,24576,64
2,77.822,24576,64
2,77.796,24576,64
2,77.777,24576,64
2,77.793,24576,64
2,77.78,24576,64
2,77.81,24576,64
2,77.731,24576,64
2,77.765,24576,64
2,77.746,24576,64
2,77.746,24576,64
2,77.777,24576,64
3,3.502,2048,2048
3,3.502,2048,2048
3,4.222,2048,2048
3,4.239,2048,2048
3,12.724,4096,4096
3,12.724,4096,4096
5,19.368,4096,4096
5,19.368,4096,4096
3,3.628,2048,2048
3,3.628,2048,2048
2,106.95,24576,64
2,106.934,24576,64
2,76.503,24576,64
2,76.503,24576,64
2,106.17,24576,64
2,106.17,24576,64
2,76.065,24576,64
2,76.065,24576,64
3,2.283,2048,2048
3,2.283,2048,2048
2,75.986,24576,64
2,75.986,24576,64
3,6.25,2048,2048
3,6.25,2048,2048
3,2.628,2048,2048
3,2.643,2048,2048
5,24.978,8192,8192
3,3.267,2048,2048
3,3.267,2048,2048
2,105.062,24576,64
2,105.047,24576,64
5,23.884,8192,8192
2,104.3,24576,64
2,104.295,24576,64
2,30.269,24576,64
5,23.758,8192,8192
5,24.307,8192,8192
5,23.666,8192,8192
5,24.26,8192,8192
3,5.298,2048,2048
3,5.282,2048,2048
5,18.047,4096,4096
5,18.047,4096,4096
2,73.883,24576,64
2,73.883,24576,64
2,73.883,24576,64
2,73.947,24576,64
2,73.914,24576,64
2,73.32,24576,64
2,73.32,24576,64
2,73.476,24576,64
2,73.305,24576,64
2,73.459,24576,64
2,73.459,24576,64
2,73.459,24576,64
2,73.459,24576,64
2,103.871,24576,64
2,73.302,24576,64
2,73.302,24576,64
2,73.429,24576,64
2,73.21,24576,64
2,73.21,24576,64
2,73.835,24576,64
2,73.899,24576,64
2,73.741,24576,64
5,23.727,8192,8192
2,73.182,24576,64
2,73.414,24576,64
2,73.414,24576,64
2,73.836,24576,64
2,73.195,24576,64
2,73.195,24576,64
2,73.82,24576,64
2,103.826,24576,64
2,73.178,24576,64
2,73.396,24576,64
5,23.568,8192,8192
3,13.268,4096,4096
3,13.176,4096,4096
5,21.546,8192,8192
2,71.986,24576,64
2,71.956,24576,64
2,71.956,24576,64
2,71.956,24576,64
2,71.956,24576,64
5,28.708,8192,8192
2,71.937,24576,64
2,71.796,24576,64
5,21.309,8192,8192
2,71.875,24576,64
2,71.734,24576,64
2,71.923,24576,64
2,71.893,24576,64
2,71.893,24576,64
2,71.893,24576,64
5,28.645,8192,8192
2,71.908,24576,64
2,71.878,24576,64
5,18.746,4096,4096
5,18.667,4096,4096
2,71.051,24576,64
2,71.051,24576,64
2,70.768,24576,64
2,70.768,24576,64
2,70.279,24576,64
2,70.279,24576,64
5,26.729,8192,8192
5,26.729,8192,8192
5,25.663,8192,8192
5,25.645,8192,8192
2,69.605,24576,64
2,69.589,24576,64
5,26.352,8192,8192
5,25.492,8192,8192
5,24.987,8192,8192
5,26.101,8192,8192
5,27.198,8192,8192
5,24.9,8192,8192
2,68.877,24576,64
2,68.877,24576,64
5,26.008,8192,8192
5,27.104,8192,8192
5,24.995,8192,8192
2,68.501,24576,64
2,68.691,24576,64
2,68.691,24576,64
2,68.673,24576,64
2,68.673,24576,64
2,68.673,24576,64
2,68.673,24576,64
2,68.673,24576,64
2,98.672,24576,64
2,68.657,24576,64
2,68.657,24576,64
2,68.407,24576,64
2,68.644,24576,64
2,68.644,24576,64
2,68.626,24576,64
2,68.626,24576,64
2,68.626,24576,64
2,68.626,24576,64
2,98.625,24576,64
2,68.61,24576,64
2,68.61,24576,64
2,68.61,24576,64
2,68.362,24576,64
2,68.362,24576,64
2,68.403,24576,64
2,68.091,24576,64
2,68.091,24576,64
2,68.499,24576,64
3,8.594,4096,4096
3,8.58,4096,4096
2,67.484,24576,64
2,67.452,24576,64
2,66.721,24576,64
2,66.721,24576,64
2,66.449,24576,64
5,25.082,8192,8192
3,6.657,2048,2048
3,6.579,2048,2048
5,21.919,8192,8192
2,65.403,24576,64
2,65.451,24576,64
2,65.451,24576,64
2,65.668,24576,64
2,65.149,24576,64
2,65.281,24576,64
2,65.262,24576,64
2,65.609,24576,64
2,65.044,24576,64
2,65.235,24576,64
2,65.08,24576,64
2,64.258,24576,64
2,64.258,24576,64
2,64.696,24576,64
2,64.632,24576,64
2,64.632,24576,64
5,22.699,8192,8192
2,94.238,24576,64
2,63.395,24576,64
5,22.416,8192,8192
2,94.158,24576,64
2,63.315,24576,64
5,20.325,4096,4096
1,0.013,1024,64
1,0.013,1024,64
2,62.331,24576,64
2,62.331,24576,64
2,62.033,24576,64
2,62.033,24576,64
5,19.142,4096,4096
2,61.7,24576,64
2,61.715,24576,64
5,18.084,4096,4096
2,62.549,24576,64
2,62.549,24576,64
1,0.363,1024,64
1,0.363,1024,64
2,61.124,24576,64
2,61.124,24576,64
2,90.862,24576,64
2,90.862,24576,64
5,18.998,4096,4096
2,59.774,24576,64
2,59.774,24576,64
2,89.669,24576,64
2,89.669,24576,64
2,59.578,24576,64
2,59.562,24576,64
3,14.849,4096,4096
3,16.139,4096,4096
3,8.13,4096,4096
3,8.114,4096,4096
2,58.919,24576,64
2,58.822,24576,64
2,57.391,24576,64
2,57.372,24576,64
2,86.344,24576,64
2,86.344,24576,64
2,55.944,24576,64
2,55.944,24576,64
3,5.614,2048,2048
2,54.677,24576,64
2,54.677,24576,64
2,55.495,24576,64
2,55.495,24576,64
2,54.737,24576,64
2,54.737,24576,64
2,51.815,24576,64
2,51.815,24576,64
2,52.087,24576,64
3,7.84,2048,2048
3,7.84,2048,2048
2,52.072,24576,64
2,52.025,24576,64
2,52.009,24576,64
3,6.039,2048,2048
3,6.039,2048,2048
2,51.741,24576,64
2,51.602,24576,64
2,51.461,24576,64
2,51.461,24576,64
2,50.973,24576,64
2,50.973,24576,64
2,50.557,24576,64
2,50.557,24576,64
3,2.638,2048,2048
3,2.534,2048,2048
2,48.929,24576,64
2,48.915,24576,64
2,48.257,24576,64
2,48.257,24576,64
2,47.51,24576,64
2,47.51,24576,64
2,47.276,24576,64
2,47.2,24576,64
2,45.763,24576,64
2,45.763,24576,64
2,45.751,24576,64
2,45.751,24576,64
2,45.218,24576,64
2,45.218,24576,64
2,75.127,24576,64
2,75.127,24576,64
3,12.438,4096,4096
2,44.414,24576,64
2,44.414,24576,64
2,43.989,24576,64
2,43.989,24576,64
1,0.557,1024,64
2,43.135,24576,64
2,43.135,24576,64
2,43.453,24576,64
2,43.453,24576,64
2,42.138,24576,64
2,42.138,24576,64
2,41.45,24576,64
2,41.45,24576,64
2,41.708,24576,64
2,41.708,24576,64
2,40.932,24576,64
2,40.932,24576,64
2,40.372,24576,64
2,40.372,24576,64
2,39.653,24576,64
2,39.653,24576,64
2,38.417,24576,64
2,38.417,24576,64
2,35.892,24576,64
2,35.892,24576,64
2,34.804,24576,64
2,34.804,24576,64
1,0.015,1024,64
1,0.015,1024,64
2,30.038,24576,64
2,30.038,24576,64
2,30.038,24576,64
2,30.022,24576,64
2,30.033,24576,64
2,30.033,24576,64
2,30.033,24576,64
2,30.017,24576,64
2,30.19,24576,64
2,30.19,24576,64
2,30.023,24576,64
2,30.023,24576,64
1,0.421,1024,64
2,30.04,24576,64
2,30.04,24576,64
2,30.033,24576,64
2,30.033,24576,64
2,30.053,24576,64
2,30.038,24576,64
2,30.037,24576,64
2,30.037,24576,64
2,30.033,24576,64
2,30.018,24576,64
2,30.027,24576,64
2,30.027,24576,64
2,30.037,24576,64
2,30.021,24576,64
2,30.035,24576,64
2,30.035,24576,64
2,43.439,24576,64
2,43.424,24576,64
2,43.611,24576,64
2,44.079,24576,64
2,43.645,24576,64
2,43.969,24576,64
2,43.613,24576,64
2,43.613,24576,64
2,43.625,24576,64
2,43.625,24576,64
2,44.0,24576,64
2,43.565,24576,64
2,43.584,24576,64
2,43.584,24576,64
2,43.284,24576,64
2,43.596,24576,64
2,43.377,24576,64
2,43.597,24576,64
2,44.015,24576,64
2,43.921,24576,64
2,43.577,24576,64
2,43.952,24576,64
2,38.554,24576,64
2,38.444,24576,64
2,38.553,24576,64
2,38.381,24576,64
2,38.381,24576,64
2,38.396,24576,64
2,38.224,24576,64
2,38.505,24576,64
2,38.333,24576,64
2,38.333,24576,64
2,43.605,24576,64
2,38.459,24576,64
2,38.444,24576,64
2,43.356,24576,64
2,41.944,24576,64
2,41.179,24576,64
2,41.304,24576,64
2,41.382,24576,64
2,41.116,24576,64
2,41.755,24576,64
2,41.041,24576,64
2,41.147,24576,64
2,41.272,24576,64
2,41.772,24576,64
2,41.303,24576,64
2,41.724,24576,64
2,42.804,24576,64
2,42.695,24576,64
2,42.726,24576,64
2,42.882,24576,64
2,42.914,24576,64
2,42.695,24576,64
2,42.835,24576,64
2,42.96,24576,64
2,42.848,24576,64
2,42.66,24576,64
2,42.566,24576,64
2,42.691,24576,64
2,42.816,24576,64
2,42.601,24576,64
2,42.851,24576,64
2,42.804,24576,64
2,30.052,24576,64
2,30.037,24576,64
2,37.289,24576,64
2,37.276,24576,64
2,41.983,24576,64
2,41.982,24576,64
2,42.154,24576,64
2,41.999,24576,64
2,42.232,24576,64
2,42.31,24576,64
2,41.795,24576,64
2,42.123,24576,64
2,41.968,24576,64
2,42.201,24576,64
2,42.279,24576,64
2,41.935,24576,64
2,42.794,24576,64
2,41.748,24576,64
2,41.701,24576,64
2,42.005,24576,64
2,42.194,24576,64
3,12.482,4096,4096
2,42.131,24576,64
2,42.372,24576,64
2,42.622,24576,64
2,42.082,24576,64
3,12.417,4096,4096
2,42.323,24576,64
2,41.62,24576,64
2,41.698,24576,64
2,41.955,24576,64
2,42.144,24576,64
2,42.449,24576,64
2,42.435,24576,64
2,38.555,24576,64
2,37.107,24576,64
2,38.073,24576,64
2,38.073,24576,64
2,38.307,24576,64
2,38.01,24576,64
2,38.169,24576,64
2,38.119,24576,64
2,38.247,24576,64
2,37.934,24576,64
2,38.371,24576,64
2,38.042,24576,64
2,38.042,24576,64
2,30.122,24576,64
2,30.122,24576,64
2,38.262,24576,64
2,38.124,24576,64
2,38.074,24576,64
2,38.202,24576,64
2,36.966,24576,64
2,36.949,24576,64
2,36.98,24576,64
2,39.995,24576,64
2,36.777,24576,64
2,36.763,24576,64
2,41.744,24576,64
2,41.177,24576,64
2,41.951,24576,64
2,41.591,24576,64
2,41.414,24576,64
2,41.32,24576,64
2,40.974,24576,64
2,39.488,24576,64
2,41.383,24576,64
2,41.289,24576,64
2,41.492,24576,64
2,41.558,24576,64
2,41.778,24576,64
2,41.397,24576,64
2,41.475,24576,64
2,41.029,24576,64
2,30.028,24576,64
2,30.028,24576,64
2,41.18,24576,64
2,41.227,24576,64
2,41.493,24576,64
2,41.336,24576,64
2,41.664,24576,64
2,41.82,24576,64
2,41.398,24576,64
2,40.852,24576,64
2,41.149,24576,64
2,41.462,24576,64
2,41.305,24576,64
2,41.633,24576,64
2,41.789,24576,64
2,41.367,24576,64
2,41.195,24576,64
2,45.24,24576,64
2,45.395,24576,64
2,45.443,24576,64
2,45.489,24576,64
2,45.489,24576,64
2,45.459,24576,64
2,45.791,24576,64
2,45.666,24576,64
2,45.619,24576,64
2,45.412,24576,64
2,45.458,24576,64
2,45.428,24576,64
2,45.588,24576,64
2,45.442,24576,64
2,45.348,24576,64
2,45.051,24576,64
2,45.742,24576,64
2,45.617,24576,64
2,35.556,24576,64
2,35.544,24576,64
2,30.254,24576,64
2,30.254,24576,64
2,33.187,24576,64
2,33.172,24576,64
2,32.816,24576,64
2,32.797,24576,64
2,43.131,24576,64
2,43.553,24576,64
2,43.178,24576,64
2,43.459,24576,64
2,43.334,24576,64
2,43.428,24576,64
3,14.207,4096,4096
2,39.055,24576,64
2,39.18,24576,64
2,42.992,24576,64
2,43.428,24576,64
2,43.38,24576,64
2,43.504,24576,64
2,43.129,24576,64
2,43.285,24576,64
3,14.114,4096,4096
2,43.256,24576,64
2,43.938,24576,64
2,43.037,24576,64
2,43.735,24576,64
3,12.199,4096,4096
2,37.696,24576,64
2,40.341,24576,64
2,43.373,24576,64
2,40.333,24576,64
2,40.423,24576,64
2,40.579,24576,64
2,40.532,24576,64
2,40.36,24576,64
2,40.485,24576,64
2,40.641,24576,64
2,40.75,24576,64
2,40.141,24576,64
2,40.376,24576,64
2,40.532,24576,64
2,40.485,24576,64
2,40.313,24576,64
2,40.438,24576,64
2,40.266,24576,64
2,40.594,24576,64
2,40.719,24576,64
2,43.385,24576,64
2,43.67,24576,64
2,43.594,24576,64
2,43.42,24576,64
2,43.388,24576,64
2,43.388,24576,64
2,43.513,24576,64
2,43.108,24576,64
2,43.563,24576,64
2,43.389,24576,64
2,43.357,24576,64
2,43.357,24576,64
2,43.482,24576,64
2,43.341,24576,64
2,43.623,24576,64
2,43.539,24576,64
2,44.181,24576,64
2,44.134,24576,64
2,44.134,24576,64
2,44.088,24576,64
2,44.056,24576,64
2,44.15,24576,64
2,44.103,24576,64
2,44.087,24576,64
2,43.446,24576,64
2,44.025,24576,64
2,44.056,24576,64
2,43.915,24576,64
2,43.322,24576,64
2,43.915,24576,64
2,43.742,24576,64
2,43.304,24576,64
2,43.884,24576,64
2,36.706,24576,64
2,36.784,24576,64
2,36.784,24576,64
2,36.503,24576,64
2,36.503,24576,64
2,36.557,24576,64
2,36.682,24576,64
2,36.456,24576,64
2,36.456,24576,64
2,30.071,24576,64
2,30.071,24576,64
2,30.279,24576,64
2,30.279,24576,64
2,30.074,24576,64
2,30.059,24576,64
2,49.552,24576,64
2,50.489,24576,64
2,50.192,24576,64
2,50.223,24576,64
2,50.148,24576,64
2,49.754,24576,64
2,50.426,24576,64
2,49.832,24576,64
2,49.957,24576,64
3,9.667,4096,4096
2,49.192,24576,64
2,30.646,24576,64
2,50.034,24576,64
2,49.959,24576,64
2,49.643,24576,64
2,49.752,24576,64
2,30.63,24576,64
2,49.552,24576,64
2,49.927,24576,64
2,50.208,24576,64
2,50.161,24576,64
2,30.107,24576,64
2,30.107,24576,64
2,41.044,24576,64
2,30.474,24576,64
2,30.474,24576,64
2,30.111,24576,64
2,30.111,24576,64
2,40.973,24576,64
2,40.973,24576,64
2,30.052,24576,64
2,30.052,24576,64
2,39.92,24576,64
2,38.064,24576,64
2,38.046,24576,64
2,30.027,24576,64
2,30.027,24576,64
2,36.691,24576,64
2,36.691,24576,64
2,30.032,24576,64
2,30.032,24576,64
2,30.068,24576,64
2,30.084,24576,64
2,30.028,24576,64
2,30.028,24576,64
2,30.036,24576,64
2,30.036,24576,64
2,32.422,24576,64
2,32.39,24576,64
3,3.281,2048,2048
3,3.248,2048,2048
2,33.008,24576,64
2,37.37,24576,64
2,32.994,24576,64
2,37.338,24576,64
2,37.14,24576,64
2,37.14,24576,64
2,46.975,24576,64
2,30.154,24576,64
2,30.154,24576,64
2,30.087,24576,64
2,30.087,24576,64
2,38.036,24576,64
2,37.911,24576,64
2,30.111,24576,64
2,30.111,24576,64
2,30.041,24576,64
2,30.041,24576,64
2,30.028,24576,64
2,30.028,24576,64
2,30.029,24576,64
2,30.029,24576,64
2,30.045,24576,64
2,30.057,24576,64
2,30.032,24576,64
2,30.032,24576,64
2,30.038,24576,64
2,30.038,24576,64
3,5.376,2048,2048
2,30.038,24576,64
2,30.038,24576,64
2,30.102,24576,64
2,30.102,24576,64
2,30.102,24576,64
2,30.086,24576,64
2,30.027,24576,64
2,30.027,24576,64
2,30.042,24576,64
2,30.042,24576,64
2,30.029,24576,64
2,30.029,24576,64
2,30.145,24576,64
2,30.145,24576,64
2,30.059,24576,64
2,30.043,24576,64
2,30.079,24576,64
2,30.079,24576,64
2,30.044,24576,64
2,30.044,24576,64
2,30.005,24576,64
2,30.02,24576,64
2,30.089,24576,64
2,30.089,24576,64
2,30.117,24576,64
2,30.029,24576,64
2,30.029,24576,64
2,30.343,24576,64
2,30.343,24576,64
2,30.047,24576,64
2,30.169,24576,64
2,30.138,24576,64
2,30.027,24576,64
2,30.017,24576,64
2,30.101,24576,64
2,30.101,24576,64
2,30.107,24576,64
2,30.107,24576,64
2,30.037,24576,64
2,30.037,24576,64
2,30.052,24576,64
2,30.052,24576,64
2,30.038,24576,64
2,30.038,24576,64
2,42.985,24576,64
2,30.043,24576,64
2,30.043,24576,64
2,30.038,24576,64
2,30.038,24576,64
2,30.031,24576,64
2,30.031,24576,64
2,30.044,24576,64
2,30.028,24576,64
2,30.021,24576,64
2,30.021,24576,64
2,30.028,24576,64
2,30.012,24576,64
2,30.03,24576,64
2,30.03,24576,64
2,30.032,24576,64
2,30.032,24576,64
2,30.044,24576,64
2,30.044,24576,64
2,30.038,24576,64
2,30.038,24576,64
2,30.033,24576,64
2,30.033,24576,64
2,30.022,24576,64
2,30.022,24576,64
2,30.024,24576,64
2,30.024,24576,64
2,30.023,24576,64
2,30.023,24576,64
2,30.158,24576,64
2,30.158,24576,64
2,30.036,24576,64
2,30.036,24576,64
2,30.111,24576,64
2,30.02,24576,64
2,30.02,24576,64
2,30.048,24576,64
2,30.045,24576,64
2,30.045,24576,64
2,30.067,24576,64
2,30.02,24576,64
2,30.059,24576,64
2,30.028,24576,64
2,30.028,24576,64
2,30.041,24576,64
2,30.037,24576,64
2,30.037,24576,64
2,30.111,24576,64
2,30.095,24576,64
2,30.087,24576,64
2,30.087,24576,64
2,30.048,24576,64
2,30.048,24576,64
2,30.197,24576,64
2,30.182,24576,64
1,0.015,1024,64
2,30.04,24576,64
2,30.04,24576,64
2,30.028,24576,64
2,30.028,24576,64
2,30.118,24576,64
2,30.118,24576,64
2,30.03,24576,64
2,30.03,24576,64
2,30.031,24576,64
2,30.031,24576,64
2,30.038,24576,64
2,30.038,24576,64
2,30.028,24576,64
2,30.028,24576,64
2,30.053,24576,64
2,30.053,24576,64
2,30.036,24576,64
2,30.036,24576,64
2,30.501,24576,64
2,30.501,24576,64
2,30.068,24576,64
2,30.055,24576,64
2,30.033,24576,64
2,30.033,24576,64
2,30.034,24576,64
2,30.034,24576,64
2,30.046,24576,64
2,30.046,24576,64
2,30.032,24576,64
2,30.032,24576,64
2,30.033,24576,64
2,30.033,24576,64
2,30.025,24576,64
2,30.025,24576,64
2,30.023,24576,64
2,30.023,24576,64
2,39.155,24576,64
2,39.139,24576,64
2,30.034,24576,64
2,30.034,24576,64
2,30.038,24576,64
2,30.045,24576,64
2,30.045,24576,64
2,30.023,24576,64
2,30.072,24576,64
2,30.043,24576,64
2,30.038,24576,64
2,30.038,24576,64
2,30.045,24576,64
2,30.045,24576,64
2,30.022,24576,64
2,30.022,24576,64
2,30.085,24576,64
2,30.068,24576,64
2,30.028,24576,64
2,30.028,24576,64
2,30.023,24576,64
2,30.023,24576,64
2,30.054,24576,64
2,30.054,24576,64
2,30.113,24576,64
2,30.095,24576,64
2,30.036,24576,64
2,30.036,24576,64
2,30.046,24576,64
2,30.046,24576,64
2,30.034,24576,64
2,30.034,24576,64
2,30.044,24576,64
2,30.044,24576,64
2,30.268,24576,64
2,30.019,24576,64
2,30.019,24576,64
2,30.025,24576,64
2,30.025,24576,64
2,30.143,24576,64
2,30.043,24576,64
2,30.043,24576,64
2,30.054,24576,64
2,30.054,24576,64
2,30.044,24576,64
2,30.044,24576,64
2,30.094,24576,64
2,30.094,24576,64
2,30.031,24576,64
2,30.031,24576,64
2,30.125,24576,64
2,30.125,24576,64
2,30.023,24576,64
2,30.023,24576,64
2,30.125,24576,64
2,30.125,24576,64
2,30.046,24576,64
2,30.046,24576,64
2,30.03,24576,64
2,30.03,24576,64
2,30.033,24576,64
2,30.033,24576,64
2,30.032,24576,64
2,30.032,24576,64
2,30.032,24576,64
2,30.032,24576,64
2,30.022,24576,64
2,30.022,24576,64
2,30.034,24576,64
2,30.034,24576,64
2,35.86,24576,64
2,30.028,24576,64
2,30.028,24576,64
2,35.809,24576,64
2,30.037,24576,64
2,30.037,24576,64
2,30.015,24576,64
2,30.015,24576,64
2,30.062,24576,64
2,30.049,24576,64
2,30.056,24576,64
2,30.056,24576,64
2,30.041,24576,64
2,30.041,24576,64
2,30.061,24576,64
2,30.061,24576,64
2,30.127,24576,64
2,30.049,24576,64
2,30.033,24576,64
2,30.05,24576,64
2,30.03,24576,64
2,30.03,24576,64
2,30.082,24576,64
2,30.068,24576,64
2,30.048,24576,64
2,30.036,24576,64
2,30.026,24576,64
2,30.026,24576,64
2,30.118,24576,64
2,30.022,24576,64
2,30.022,24576,64
2,30.102,24576,64
2,30.026,24576,64
2,30.026,24576,64
2,30.04,24576,64
2,30.04,24576,64
2,30.031,24576,64
2,30.031,24576,64
2,34.547,24576,64
2,34.53,24576,64
2,30.027,24576,64
2,30.027,24576,64
2,30.041,24576,64
2,30.041,24576,64
2,30.104,24576,64
2,30.088,24576,64
2,30.056,24576,64
2,30.04,24576,64
2,30.05,24576,64
2,30.034,24576,64
2,30.026,24576,64
2,30.026,24576,64
2,30.035,24576,64
2,30.035,24576,64
2,30.162,24576,64
2,30.162,24576,64
2,30.037,24576,64
2,30.037,24576,64
2,30.03,24576,64
2,30.03,24576,64
2,30.059,24576,64
2,30.059,24576,64
2,30.034,24576,64
2,30.034,24576,64
2,30.048,24576,64
2,30.048,24576,64
2,30.055,24576,64
2,30.04,24576,64
2,30.052,24576,64
2,30.036,24576,64
2,30.045,24576,64
2,30.045,24576,64
2,30.033,24576,64
2,30.051,24576,64
2,30.035,24576,64
2,30.035,24576,64
2,30.021,24576,64
2,30.021,24576,64
2,30.102,24576,64
2,30.019,24576,64
2,30.019,24576,64
2,30.036,24576,64
2,30.087,24576,64
2,30.103,24576,64
2,30.04,24576,64
2,30.024,24576,64
2,32.438,24576,64
2,32.438,24576,64
2,30.194,24576,64
2,30.194,24576,64
2,30.046,24576,64
2,30.03,24576,64
2,30.03,24576,64
2,30.045,24576,64
2,30.037,24576,64
2,30.037,24576,64
2,30.022,24576,64
2,30.022,24576,64
2,30.049,24576,64
2,30.049,24576,64
2,30.033,24576,64
2,30.033,24576,64
2,30.047,24576,64
2,30.047,24576,64
2,30.02,24576,64
2,30.02,24576,64
2,30.053,24576,64
2,30.053,24576,64
2,30.034,24576,64
2,30.034,24576,64
2,30.037,24576,64
2,30.037,24576,64
2,30.1,24576,64
2,30.1,24576,64
2,30.042,24576,64
2,30.042,24576,64
2,30.069,24576,64
2,30.069,24576,64
2,30.039,24576,64
2,30.022,24576,64
2,30.027,24576,64
2,30.011,24576,64
2,30.056,24576,64
2,30.056,24576,64
2,30.205,24576,64
2,30.205,24576,64
2,30.035,24576,64
2,30.035,24576,64
2,30.053,24576,64
2,30.053,24576,64
2,30.026,24576,64
2,30.026,24576,64
2,30.102,24576,64
2,30.119,24576,64
2,30.071,24576,64
2,30.071,24576,64
2,30.028,24576,64
2,30.013,24576,64
2,30.05,24576,64
2,30.05,24576,64
2,30.133,24576,64
2,30.128,24576,64
2,30.04,24576,64
2,30.024,24576,64
2,30.084,24576,64
2,30.084,24576,64
2,30.255,24576,64
2,30.24,24576,64
2,30.035,24576,64
2,30.035,24576,64
2,30.126,24576,64
2,30.108,24576,64
1,0.457,1024,64
2,30.05,24576,64
2,30.035,24576,64
2,30.042,24576,64
2,30.042,24576,64
2,30.025,24576,64
2,30.025,24576,64
2,30.044,24576,64
2,30.039,24576,64
2,30.039,24576,64
2,30.029,24576,64
2,30.054,24576,64
2,30.023,24576,64
2,30.059,24576,64
2,30.043,24576,64
2,30.041,24576,64
2,30.025,24576,64
2,30.034,24576,64
2,30.034,24576,64
2,30.033,24576,64
2,30.033,24576,64
1,0.013,1024,64
2,30.037,24576,64
2,30.037,24576,64
2,30.068,24576,64
2,30.068,24576,64
2,30.106,24576,64
2,30.106,24576,64
2,30.06,24576,64
2,30.028,24576,64
2,30.083,24576,64
2,30.064,24576,64
2,30.038,24576,64
2,30.038,24576,64
2,30.04,24576,64
2,30.04,24576,64
1,0.015,1024,64
2,30.038,24576,64
2,30.038,24576,64
1,0.012,1024,64
2,30.089,24576,64
2,30.089,24576,64
2,30.037,24576,64
2,30.037,24576,64
2,30.023,24576,64
2,30.023,24576,64
1,0.015,1024,64
1,0.013,1024,64
2,30.039,24576,64
2,30.039,24576,64
2,30.047,24576,64
2,30.031,24576,64
2,30.1,24576,64
2,30.1,24576,64
1,0.015,1024,64
1,0.013,1024,64
2,30.075,24576,64
2,30.075,24576,64
2,30.053,24576,64
2,30.053,24576,64
1,0.013,1024,64
2,30.048,24576,64
2,30.048,24576,64
2,30.031,24576,64
2,30.031,24576,64
1,0.014,1024,64
2,30.057,24576,64
2,30.041,24576,64
1,0.012,1024,64
2,30.019,24576,64
2,30.019,24576,64
1,0.012,1024,64
2,30.027,24576,64
2,30.027,24576,64
2,30.032,24576,64
2,30.032,24576,64
2,30.051,24576,64
2,30.021,24576,64
2,30.031,24576,64
2,30.031,24576,64
1,0.012,1024,64
1,0.013,1024,64
2,30.033,24576,64
2,30.033,24576,64
1,0.012,1024,64
2,30.035,24576,64
2,30.035,24576,64
1,0.012,1024,64
2,30.046,24576,64
2,30.046,24576,64
2,30.033,24576,64
2,30.033,24576,64
2,30.052,24576,64
2,30.052,24576,64
2,30.031,24576,64
2,30.031,24576,64
2,30.03,24576,64
2,30.03,24576,64
2,30.037,24576,64
2,30.037,24576,64
2,30.101,24576,64
2,30.101,24576,64
2,30.044,24576,64
2,30.044,24576,64
2,30.053,24576,64
2,30.053,24576,64
2,30.03,24576,64
2,30.03,24576,64
2,30.093,24576,64
2,30.093,24576,64
2,30.043,24576,64
2,30.043,24576,64
2,30.03,24576,64
2,30.03,24576,64
2,30.115,24576,64
2,30.115,24576,64
2,30.037,24576,64
2,30.037,24576,64
2,30.031,24576,64
2,30.031,24576,64
2,30.062,24576,64
2,30.062,24576,64
2,30.047,24576,64
2,30.047,24576,64
2,30.031,24576,64
2,30.031,24576,64
2,30.125,24576,64
2,30.045,24576,64
2,30.045,24576,64
2,30.031,24576,64
2,30.04,24576,64
2,30.04,24576,64
2,30.047,24576,64
2,30.066,24576,64
2,30.029,24576,64
2,30.048,24576,64
2,30.026,24576,64
2,30.026,24576,64
2,30.031,24576,64
2,30.031,24576,64
2,30.048,24576,64
2,30.048,24576,64
2,30.026,24576,64
2,30.026,24576,64
2,30.115,24576,64
2,30.1,24576,64
2,30.02,24576,64
2,30.02,24576,64
2,30.04,24576,64
2,30.04,24576,64
2,30.047,24576,64
2,30.047,24576,64
2,30.034,24576,64
2,30.034,24576,64
2,30.06,24576,64
2,30.06,24576,64
2,30.02,24576,64
2,30.02,24576,64
2,30.055,24576,64
2,30.055,24576,64
2,30.063,24576,64
2,30.063,24576,64
2,30.032,24576,64
2,30.032,24576,64
2,30.031,24576,64
2,30.031,24576,64
2,30.041,24576,64
2,30.027,24576,64
2,30.092,24576,64
2,30.092,24576,64
2,30.048,24576,64
2,30.032,24576,64
2,30.026,24576,64
2,30.026,24576,64
2,30.032,24576,64
2,30.032,24576,64
2,30.031,24576,64
2,30.031,24576,64
2,30.045,24576,64
2,30.045,24576,64
2,30.032,24576,64
2,30.032,24576,64
2,30.046,24576,64
2,30.046,24576,64
2,30.024,24576,64
2,30.024,24576,64
2,30.039,24576,64
2,30.023,24576,64
2,30.039,24576,64
2,30.039,24576,64
2,30.119,24576,64
2,30.119,24576,64
2,30.027,24576,64
2,30.027,24576,64
2,30.056,24576,64
2,30.056,24576,64
2,30.041,24576,64
2,30.041,24576,64
2,30.039,24576,64
2,30.039,24576,64
2,30.025,24576,64
2,30.025,24576,64
2,30.16,24576,64
2,30.16,24576,64
2,30.039,24576,64
2,30.024,24576,64
2,30.035,24576,64
2,30.035,24576,64
2,30.096,24576,64
2,30.096,24576,64
2,30.11,24576,64
2,30.11,24576,64
2,30.034,24576,64
2,30.034,24576,64
2,30.049,24576,64
2,30.033,24576,64
2,30.048,24576,64
2,30.048,24576,64
2,30.049,24576,64
2,30.049,24576,64
2,30.083,24576,64
2,30.083,24576,64
2,30.092,24576,64
2,30.077,24576,64
2,30.033,24576,64
2,30.033,24576,64
2,30.034,24576,64
2,30.034,24576,64
2,30.046,24576,64
2,30.046,24576,64
2,30.145,24576,64
2,30.145,24576,64
2,30.034,24576,64
2,30.018,24576,64
2,30.02,24576,64
2,30.02,24576,64
2,30.034,24576,64
2,30.034,24576,64
2,30.051,24576,64
2,30.051,24576,64
2,30.063,24576,64
2,30.063,24576,64
2,30.032,24576,64
2,30.032,24576,64
2,30.028,24576,64
2,30.028,24576,64
2,30.018,24576,64
2,30.018,24576,64
2,30.055,24576,64
2,30.055,24576,64
2,30.018,24576,64
2,30.018,24576,64
2,30.033,24576,64
2,30.033,24576,64
2,30.035,24576,64
2,30.035,24576,64
2,30.07,24576,64
2,30.07,24576,64
2,30.034,24576,64
2,30.034,24576,64
2,30.036,24576,64
2,30.036,24576,64
2,30.018,24576,64
2,30.018,24576,64
2,30.018,24576,64
2,30.018,24576,64
2,30.078,24576,64
2,30.061,24576,64
2,30.046,24576,64
2,30.046,24576,64
2,30.049,24576,64
2,30.033,24576,64
2,30.048,24576,64
2,30.031,24576,64
2,30.032,24576,64
2,30.032,24576,64
2,30.086,24576,64
2,30.086,24576,64
2,30.016,24576,64
2,30.016,24576,64
2,30.034,24576,64
2,30.034,24576,64
2,30.039,24576,64
2,30.039,24576,64
2,30.039,24576,64
2,30.022,24576,64
2,30.048,24576,64
2,30.048,24576,64
2,30.018,24576,64
2,30.018,24576,64
2,30.133,24576,64
2,30.133,24576,64
2,30.043,24576,64
2,30.043,24576,64
2,30.131,24576,64
2,30.131,24576,64
2,30.067,24576,64
2,30.067,24576,64
2,30.059,24576,64
2,30.059,24576,64
2,30.117,24576,64
2,30.069,24576,64
2,30.033,24576,64
2,30.017,24576,64
2,30.022,24576,64
2,30.022,24576,64
2,30.063,24576,64
2,30.063,24576,64
2,30.053,24576,64
2,30.053,24576,64
2,30.121,24576,64
2,30.105,24576,64
2,30.029,24576,64
2,30.029,24576,64
2,30.033,24576,64
2,30.033,24576,64
2,30.1,24576,64
2,30.1,24576,64
2,30.034,24576,64
2,30.034,24576,64
2,30.069,24576,64
2,30.069,24576,64
2,30.022,24576,64
2,30.022,24576,64
2,30.089,24576,64
2,30.058,24576,64
2,30.055,24576,64
2,30.043,24576,64
2,30.022,24576,64
2,30.022,24576,64
2,30.04,24576,64
2,30.053,24576,64
2,30.038,24576,64
2,30.038,24576,64
2,30.038,24576,64
2,30.038,24576,64
2,30.025,24576,64
2,30.025,24576,64
2,30.043,24576,64
2,30.043,24576,64
2,30.032,24576,64
2,30.032,24576,64
2,30.047,24576,64
2,30.031,24576,64
2,30.035,24576,64
2,30.035,24576,64
2,30.042,24576,64
2,30.042,24576,64
2,30.041,24576,64
2,30.041,24576,64
2,30.051,24576,64
2,30.051,24576,64
2,30.09,24576,64
2,30.039,24576,64
2,30.039,24576,64
2,30.033,24576,64
2,30.033,24576,64
2,30.131,24576,64
2,30.131,24576,64
2,30.059,24576,64
2,30.037,24576,64
2,30.037,24576,64
2,30.05,24576,64
2,30.042,24576,64
2,30.042,24576,64
2,30.03,24576,64
2,30.03,24576,64
2,30.035,24576,64
2,30.03,24576,64
2,30.065,24576,64
2,30.08,24576,64
2,30.013,24576,64
2,30.06,24576,64
2,30.06,24576,64
2,30.043,24576,64
2,30.027,24576,64
2,30.024,24576,64
2,30.024,24576,64
2,30.046,24576,64
2,30.026,24576,64
2,30.093,24576,64
2,30.093,24576,64
2,30.057,24576,64
2,30.057,24576,64
2,30.059,24576,64
2,30.043,24576,64
2,30.095,24576,64
2,30.095,24576,64
2,30.048,24576,64
2,30.048,24576,64
2,30.043,24576,64
2,30.043,24576,64
2,30.031,24576,64
2,30.031,24576,64
2,30.019,24576,64
2,30.019,24576,64
2,30.032,24576,64
2,30.032,24576,64
2,30.079,24576,64
2,30.079,24576,64
2,30.079,24576,64
2,30.079,24576,64
2,30.15,24576,64
2,30.15,24576,64
2,30.025,24576,64
2,30.025,24576,64
2,30.025,24576,64
2,30.025,24576,64
2,30.025,24576,64
2,30.025,24576,64
2,30.037,24576,64
2,30.037,24576,64
2,30.047,24576,64
2,30.015,24576,64
2,30.015,24576,64
2,30.031,24576,64
2,30.022,24576,64
2,30.022,24576,64
2,30.03,24576,64
2,30.03,24576,64
2,30.062,24576,64
2,30.046,24576,64
2,30.033,24576,64
2,30.026,24576,64
2,30.026,24576,64
2,30.017,24576,64
2,30.031,24576,64
2,30.031,24576,64
2,30.056,24576,64
2,30.056,24576,64
2,30.043,24576,64
2,30.043,24576,64
2,30.064,24576,64
2,30.064,24576,64
2,30.031,24576,64
2,30.031,24576,64
2,30.061,24576,64
2,30.061,24576,64
2,30.048,24576,64
2,30.061,24576,64
2,30.017,24576,64
2,30.045,24576,64
2,30.046,24576,64
2,30.03,24576,64
2,30.026,24576,64
2,30.026,24576,64
2,30.031,24576,64
2,30.031,24576,64
2,30.043,24576,64
2,30.043,24576,64
2,30.032,24576,64
2,30.032,24576,64
2,30.031,24576,64
2,30.031,24576,64
2,30.036,24576,64
2,30.036,24576,64
2,30.032,24576,64
2,30.032,24576,64
2,30.016,24576,64
2,30.016,24576,64
2,30.037,24576,64
2,30.021,24576,64
2,30.016,24576,64
2,30.016,24576,64
2,30.025,24576,64
2,30.025,24576,64
2,30.151,24576,64
2,30.151,24576,64
2,30.119,24576,64
2,30.119,24576,64
2,30.026,24576,64
2,30.026,24576,64
2,30.116,24576,64
2,30.116,24576,64
2,30.105,24576,64
2,30.105,24576,64
2,30.034,24576,64
2,30.034,24576,64
2,30.029,24576,64
2,30.029,24576,64
2,30.077,24576,64
2,30.077,24576,64
2,30.027,24576,64
2,30.027,24576,64
2,30.04,24576,64
2,30.04,24576,64
2,30.021,24576,64
2,30.021,24576,64
2,30.016,24576,64
2,30.016,24576,64
2,30.047,24576,64
2,30.047,24576,64
2,30.022,24576,64
2,30.022,24576,64
2,30.046,24576,64
2,30.031,24576,64
2,30.047,24576,64
2,30.047,24576,64
2,30.03,24576,64
2,30.03,24576,64
2,30.045,24576,64
2,30.029,24576,64
2,30.05,24576,64
2,30.034,24576,64
2,30.036,24576,64
2,30.036,24576,64
2,30.11,24576,64
2,30.11,24576,64
2,30.026,24576,64
2,30.026,24576,64
2,30.031,24576,64
2,30.031,24576,64
2,30.096,24576,64
2,30.062,24576,64
2,30.062,24576,64
2,30.024,24576,64
2,30.024,24576,64
2,30.049,24576,64
2,30.047,24576,64
2,30.047,24576,64
2,30.027,24576,64
2,30.027,24576,64
2,30.028,24576,64
2,30.028,24576,64
2,30.064,24576,64
2,30.064,24576,64
2,30.028,24576,64
2,30.028,24576,64
2,30.074,24576,64
2,30.074,24576,64
2,30.056,24576,64
2,30.056,24576,64
2,30.039,24576,64
2,30.023,24576,64
2,30.187,24576,64
2,30.187,24576,64
2,30.034,24576,64
2,30.034,24576,64
2,30.132,24576,64
2,30.132,24576,64
2,30.025,24576,64
2,30.025,24576,64
2,30.034,24576,64
2,30.034,24576,64
2,30.032,24576,64
2,30.032,24576,64
2,30.043,24576,64
2,30.043,24576,64
2,30.034,24576,64
2,30.019,24576,64
2,30.102,24576,64
2,30.086,24576,64
2,30.032,24576,64
2,30.032,24576,64
2,30.033,24576,64
2,30.033,24576,64
2,30.026,24576,64
2,30.026,24576,64
2,30.03,24576,64
2,30.03,24576,64
2,30.039,24576,64
2,30.039,24576,64
2,30.046,24576,64
2,30.046,24576,64
2,30.067,24576,64
2,30.067,24576,64
2,30.043,24576,64
2,30.043,24576,64
2,30.09,24576,64
2,30.09,24576,64
2,30.038,24576,64
2,30.038,24576,64
2,30.041,24576,64
2,30.041,24576,64
2,30.017,24576,64
2,30.017,24576,64
2,30.019,24576,64
2,30.019,24576,64
2,30.038,24576,64
2,30.038,24576,64
2,30.031,24576,64
2,30.015,24576,64
2,30.038,24576,64
2,30.038,24576,64
2,30.061,24576,64
2,30.061,24576,64
2,30.018,24576,64
2,30.018,24576,64
2,30.057,24576,64
2,30.057,24576,64
2,30.03,24576,64
2,30.03,24576,64
2,30.04,24576,64
2,30.022,24576,64
2,30.022,24576,64
2,30.024,24576,64
2,30.046,24576,64
2,30.046,24576,64
2,30.033,24576,64
2,30.033,24576,64
2,30.061,24576,64
2,30.061,24576,64
2,30.195,24576,64
2,30.195,24576,64
2,30.045,24576,64
2,30.045,24576,64
2,30.039,24576,64
2,30.039,24576,64
2,30.039,24576,64
2,30.023,24576,64
2,30.03,24576,64
2,30.03,24576,64
2,30.031,24576,64
2,30.031,24576,64
2,30.036,24576,64
2,30.036,24576,64
2,30.028,24576,64
2,30.028,24576,64
2,30.055,24576,64
2,30.055,24576,64
2,30.037,24576,64
2,30.037,24576,64
2,30.028,24576,64
2,30.028,24576,64
2,30.027,24576,64
2,30.027,24576,64
2,30.058,24576,64
2,30.058,24576,64
2,30.042,24576,64
2,30.027,24576,64
2,30.032,24576,64
2,30.032,24576,64
2,30.027,24576,64
2,30.027,24576,64
2,30.027,24576,64
2,30.027,24576,64
2,30.038,24576,64
2,30.038,24576,64
1,0.015,1024,64
1,0.015,1024,64
2,30.035,24576,64
2,30.035,24576,64
2,30.04,24576,64
2,30.04,24576,64
2,30.044,24576,64
2,30.044,24576,64
2,30.027,24576,64
2,30.027,24576,64
2,30.037,24576,64
2,30.037,24576,64
2,30.019,24576,64
2,30.019,24576,64
2,30.046,24576,64
2,30.046,24576,64
2,30.032,24576,64
2,30.032,24576,64
2,30.027,24576,64
2,30.027,24576,64
2,30.024,24576,64
2,30.024,24576,64
2,30.022,24576,64
2,30.022,24576,64
2,30.04,24576,64
2,30.04,24576,64
2,30.037,24576,64
2,30.037,24576,64
2,30.044,24576,64
2,30.044,24576,64
2,30.053,24576,64
2,30.053,24576,64
2,30.012,24576,64
2,30.012,24576,64
2,30.02,24576,64
2,30.02,24576,64
2,30.108,24576,64
2,30.013,24576,64
2,30.036,24576,64
2,30.036,24576,64
2,30.021,24576,64
2,30.021,24576,64
2,30.044,24576,64
2,30.044,24576,64
2,30.019,24576,64
2,30.019,24576,64
2,30.037,24576,64
2,30.056,24576,64
2,30.056,24576,64
2,30.021,24576,64
2,30.017,24576,64
2,30.017,24576,64
2,30.075,24576,64
2,30.075,24576,64
2,30.036,24576,64
2,30.036,24576,64
2,30.032,24576,64
2,30.032,24576,64
2,30.056,24576,64
2,30.056,24576,64
2,30.033,24576,64
2,30.033,24576,64
2,30.036,24576,64
2,30.051,24576,64
2,30.02,24576,64
2,30.02,24576,64
2,30.028,24576,64
2,30.028,24576,64
2,30.035,24576,64
2,30.035,24576,64
2,30.047,24576,64
2,30.047,24576,64
2,30.042,24576,64
2,30.024,24576,64
2,30.026,24576,64
2,30.026,24576,64
2,30.025,24576,64
2,30.025,24576,64
2,30.036,24576,64
2,30.036,24576,64
2,30.076,24576,64
2,30.076,24576,64
2,30.048,24576,64
2,30.048,24576,64
2,30.011,24576,64
2,30.011,24576,64
2,30.074,24576,64
2,30.024,24576,64
2,30.024,24576,64
2,30.039,24576,64
2,30.046,24576,64
2,30.046,24576,64
2,30.037,24576,64
2,30.037,24576,64
2,30.049,24576,64
2,30.049,24576,64
2,30.031,24576,64
2,30.031,24576,64
2,30.04,24576,64
2,30.04,24576,64
2,30.049,24576,64
2,30.049,24576,64
2,30.034,24576,64
2,30.034,24576,64
2,30.02,24576,64
2,30.02,24576,64
2,30.062,24576,64
2,30.062,24576,64
2,30.026,24576,64
2,30.01,24576,64
2,30.032,24576,64
2,30.016,24576,64
2,30.022,24576,64
2,30.022,24576,64
2,30.044,24576,64
2,30.044,24576,64
2,30.084,24576,64
2,30.084,24576,64
2,30.037,24576,64
2,30.037,24576,64
2,30.022,24576,64
2,30.022,24576,64
2,30.037,24576,64
2,30.037,24576,64
2,30.037,24576,64
2,30.037,24576,64
2,30.051,24576,64
2,30.051,24576,64
2,30.025,24576,64
2,30.025,24576,64
2,30.05,24576,64
2,30.05,24576,64
2,30.046,24576,64
2,30.046,24576,64
2,30.072,24576,64
2,30.056,24576,64
2,30.024,24576,64
2,30.024,24576,64
2,30.021,24576,64
2,30.021,24576,64
2,30.048,24576,64
2,30.048,24576,64
2,30.041,24576,64
2,30.012,24576,64
2,30.159,24576,64
2,30.159,24576,64
2,30.024,24576,64
2,30.024,24576,64
2,30.024,24576,64
2,30.024,24576,64
2,30.023,24576,64
2,30.023,24576,64
2,30.039,24576,64
2,30.039,24576,64
2,30.026,24576,64
2,30.026,24576,64
2,30.024,24576,64
2,30.024,24576,64
2,30.028,24576,64
2,30.028,24576,64
2,30.031,24576,64
2,30.031,24576,64
2,30.024,24576,64
2,30.024,24576,64
2,30.017,24576,64
2,30.017,24576,64
2,30.013,24576,64
2,30.013,24576,64
2,30.037,24576,64
2,30.037,24576,64
2,30.117,24576,64
2,30.117,24576,64
2,30.026,24576,64
2,30.026,24576,64
2,30.041,24576,64
2,30.041,24576,64
2,30.019,24576,64
2,30.019,24576,64
2,30.058,24576,64
2,30.058,24576,64
2,30.063,24576,64
2,30.063,24576,64
2,30.036,24576,64
2,30.036,24576,64
2,30.024,24576,64
2,30.024,24576,64
2,30.044,24576,64
2,30.044,24576,64
2,30.013,24576,64
2,30.013,24576,64
2,30.024,24576,64
2,30.024,24576,64
2,30.041,24576,64
2,30.041,24576,64
2,30.031,24576,64
2,30.031,24576,64
2,30.016,24576,64
2,30.016,24576,64
2,30.07,24576,64
2,30.054,24576,64
2,30.061,24576,64
2,30.061,24576,64
2,30.031,24576,64
2,30.031,24576,64
2,30.029,24576,64
2,30.029,24576,64
3,5.328,2048,2048
2,30.047,24576,64
2,30.047,24576,64
2,30.037,24576,64
2,30.037,24576,64
2,30.138,24576,64
2,30.138,24576,64
2,30.054,24576,64
2,30.054,24576,64
2,30.047,24576,64
2,30.028,24576,64
2,30.145,24576,64
2,30.16,24576,64
2,30.029,24576,64
2,30.029,24576,64
2,30.031,24576,64
2,30.031,24576,64
2,30.037,24576,64
2,30.037,24576,64
2,30.024,24576,64
2,30.047,24576,64
2,30.047,24576,64
2,30.008,24576,64
2,30.013,24576,64
2,30.013,24576,64
2,30.028,24576,64
2,30.028,24576,64
2,30.139,24576,64
2,30.05,24576,64
2,30.05,24576,64
2,30.035,24576,64
2,30.035,24576,64
2,30.045,24576,64
2,30.075,24576,64
2,30.09,24576,64
2,30.037,24576,64
2,30.037,24576,64
2,30.05,24576,64
2,30.05,24576,64
2,30.033,24576,64
2,30.033,24576,64
2,30.031,24576,64
2,30.031,24576,64
2,30.031,24576,64
2,30.031,24576,64
2,30.026,24576,64
2,30.026,24576,64
2,30.036,24576,64
2,30.036,24576,64
2,30.043,24576,64
2,30.043,24576,64
2,30.029,24576,64
2,30.029,24576,64
2,30.183,24576,64
2,30.183,24576,64
2,30.018,24576,64
2,30.018,24576,64
2,30.032,24576,64
2,30.032,24576,64
2,30.111,24576,64
2,30.111,24576,64
2,30.042,24576,64
2,30.042,24576,64
2,30.03,24576,64
2,30.03,24576,64
2,30.065,24576,64
2,30.05,24576,64
2,30.042,24576,64
2,30.042,24576,64
2,30.038,24576,64
2,30.038,24576,64
2,30.04,24576,64
2,30.04,24576,64
2,30.032,24576,64
2,30.032,24576,64
2,30.037,24576,64
2,30.037,24576,64
2,30.021,24576,64
2,30.021,24576,64
2,30.043,24576,64
2,30.043,24576,64
2,30.08,24576,64
2,30.08,24576,64
2,30.035,24576,64
2,30.035,24576,64
2,30.056,24576,64
2,30.056,24576,64
2,30.037,24576,64
2,30.037,24576,64
2,30.118,24576,64
2,30.087,24576,64
2,30.031,24576,64
2,30.031,24576,64
2,30.041,24576,64
2,30.025,24576,64
2,30.033,24576,64
2,30.048,24576,64
2,30.034,24576,64
2,30.066,24576,64
2,30.018,24576,64
2,30.05,24576,64
2,30.018,24576,64
2,30.018,24576,64
1,0.015,1024,64
1,0.015,1024,64
3,4.548,2048,2048
2,30.033,24576,64
2,30.033,24576,64
2,30.057,24576,64
2,30.057,24576,64
2,30.083,24576,64
2,30.068,24576,64
2,30.138,24576,64
2,30.138,24576,64
2,30.049,24576,64
2,30.049,24576,64
2,30.021,24576,64
2,30.021,24576,64
2,30.042,24576,64
2,30.042,24576,64
2,30.039,24576,64
2,30.039,24576,64
2,30.032,24576,64
2,30.032,24576,64
2,30.039,24576,64
2,30.039,24576,64
2,30.02,24576,64
2,30.02,24576,64
2,30.067,24576,64
2,30.067,24576,64
2,30.119,24576,64
2,30.071,24576,64
2,30.071,24576,64
2,30.103,24576,64
2,30.021,24576,64
2,30.021,24576,64
2,30.05,24576,64
2,30.034,24576,64
2,30.033,24576,64
2,30.033,24576,64
2,30.034,24576,64
2,30.034,24576,64
2,30.03,24576,64
2,30.03,24576,64
2,30.048,24576,64
2,30.048,24576,64
2,30.039,24576,64
2,30.039,24576,64
2,30.04,24576,64
2,30.04,24576,64
2,30.053,24576,64
2,30.053,24576,64
2,30.046,24576,64
2,30.046,24576,64
2,30.046,24576,64
2,30.046,24576,64
2,30.043,24576,64
2,30.03,24576,64
2,30.063,24576,64
2,30.063,24576,64
2,30.044,24576,64
2,30.028,24576,64
2,30.082,24576,64
2,30.082,24576,64
2,30.032,24576,64
2,30.032,24576,64
2,30.03,24576,64
2,30.03,24576,64
2,30.032,24576,64
2,30.032,24576,64
2,30.026,24576,64
2,30.026,24576,64
2,30.049,24576,64
2,30.033,24576,64
2,30.034,24576,64
2,30.034,24576,64
2,30.025,24576,64
2,30.025,24576,64
2,30.027,24576,64
2,30.027,24576,64
2,30.036,24576,64
2,30.02,24576,64
2,30.034,24576,64
2,30.034,24576,64
2,30.034,24576,64
2,30.034,24576,64
2,30.026,24576,64
2,30.026,24576,64
2,30.028,24576,64
2,30.028,24576,64
2,30.026,24576,64
2,30.026,24576,64
2,30.032,24576,64
2,30.032,24576,64
2,30.038,24576,64
2,30.038,24576,64
2,30.122,24576,64
2,30.122,24576,64
2,30.037,24576,64
2,30.037,24576,64
2,30.052,24576,64
2,30.035,24576,64
2,30.037,24576,64
2,30.021,24576,64
2,30.035,24576,64
2,30.035,24576,64
1,0.015,1024,64
2,30.031,24576,64
2,30.031,24576,64
2,30.06,24576,64
2,30.06,24576,64
2,30.05,24576,64
2,30.05,24576,64
2,30.033,24576,64
2,30.033,24576,64
2,30.047,24576,64
2,30.047,24576,64
2,30.038,24576,64
2,30.038,24576,64
2,30.033,24576,64
2,30.018,24576,64
2,30.018,24576,64
2,30.018,24576,64
2,30.034,24576,64
2,30.034,24576,64
2,30.021,24576,64
2,30.036,24576,64
2,30.078,24576,64
2,30.078,24576,64
2,30.035,24576,64
2,30.02,24576,64
2,30.084,24576,64
2,30.084,24576,64
2,30.046,24576,64
2,30.031,24576,64
2,30.053,24576,64
2,30.037,24576,64
2,30.027,24576,64
2,30.027,24576,64
2,30.03,24576,64
2,30.013,24576,64
2,30.066,24576,64
2,30.066,24576,64
2,30.034,24576,64
2,30.034,24576,64
2,30.029,24576,64
2,30.029,24576,64
2,30.02,24576,64
2,30.02,24576,64
2,30.062,24576,64
2,30.062,24576,64
2,30.034,24576,64
2,30.034,24576,64
2,30.042,24576,64
2,30.042,24576,64
2,30.015,24576,64
2,30.015,24576,64
2,30.028,24576,64
2,30.028,24576,64
2,30.049,24576,64
2,30.049,24576,64
2,30.056,24576,64
2,30.056,24576,64
2,30.054,24576,64
2,30.054,24576,64
2,30.034,24576,64
2,30.034,24576,64
2,30.052,24576,64
2,30.052,24576,64
2,30.024,24576,64
2,30.024,24576,64
2,30.021,24576,64
2,30.021,24576,64
2,30.061,24576,64
2,30.061,24576,64
2,30.043,24576,64
2,30.043,24576,64
2,30.087,24576,64
2,30.087,24576,64
2,30.022,24576,64
2,30.022,24576,64
2,30.027,24576,64
2,30.027,24576,64
2,30.031,24576,64
2,30.031,24576,64
1,0.472,1024,64
2,30.035,24576,64
2,30.035,24576,64
5,26.725,8192,8192
2,30.069,24576,64
2,30.069,24576,64
2,30.02,24576,64
2,30.02,24576,64
2,30.046,24576,64
2,30.046,24576,64
2,30.061,24576,64
2,30.061,24576,64
2,30.035,24576,64
2,30.035,24576,64
2,30.033,24576,64
2,30.033,24576,64
2,30.021,24576,64
2,30.021,24576,64
2,30.033,24576,64
2,30.033,24576,64
2,30.067,24576,64
2,30.052,24576,64
2,30.034,24576,64
2,30.034,24576,64
2,30.026,24576,64
2,30.026,24576,64
2,30.032,24576,64
2,30.032,24576,64
2,30.032,24576,64
2,30.032,24576,64
2,30.029,24576,64
2,30.029,24576,64
2,30.039,24576,64
2,30.039,24576,64
2,30.025,24576,64
2,30.025,24576,64
2,30.031,24576,64
2,30.031,24576,64
2,30.151,24576,64
2,30.151,24576,64
2,30.029,24576,64
2,30.029,24576,64
2,30.073,24576,64
2,30.057,24576,64
2,30.037,24576,64
2,30.032,24576,64
2,30.032,24576,64
2,30.021,24576,64
2,30.037,24576,64
2,30.037,24576,64
2,30.165,24576,64
2,30.165,24576,64
2,30.027,24576,64
2,30.012,24576,64
2,30.019,24576,64
2,30.019,24576,64
2,30.044,24576,64
2,30.044,24576,64
2,30.067,24576,64
2,30.067,24576,64
2,30.024,24576,64
2,30.024,24576,64
2,30.037,24576,64
2,30.037,24576,64
2,30.03,24576,64
2,30.03,24576,64
2,30.02,24576,64
2,30.02,24576,64
2,30.033,24576,64
2,30.033,24576,64
2,30.031,24576,64
2,30.031,24576,64
2,30.033,24576,64
2,30.033,24576,64
2,30.028,24576,64
2,30.016,24576,64
2,30.033,24576,64
2,30.033,24576,64
2,30.042,24576,64
2,30.042,24576,64
2,30.027,24576,64
2,30.027,24576,64
2,30.027,24576,64
2,30.021,24576,64
2,30.045,24576,64
2,30.021,24576,64
2,30.021,24576,64
2,30.031,24576,64
2,30.047,24576,64
2,30.032,24576,64
2,30.032,24576,64
2,30.032,24576,64
2,30.123,24576,64
2,30.123,24576,64
2,73.419,24576,64
2,30.036,24576,64
2,30.051,24576,64
2,30.045,24576,64
2,30.045,24576,64
2,30.024,24576,64
2,30.024,24576,64
2,30.04,24576,64
2,30.024,24576,64
2,30.04,24576,64
2,30.04,24576,64
2,30.038,24576,64
2,30.038,24576,64
2,30.032,24576,64
2,30.032,24576,64
2,30.042,24576,64
2,30.042,24576,64
2,30.056,24576,64
2,30.056,24576,64
2,30.021,24576,64
2,30.021,24576,64
2,30.037,24576,64
2,30.037,24576,64
2,30.041,24576,64
2,30.041,24576,64
2,30.038,24576,64
2,30.038,24576,64
2,30.038,24576,64
2,30.038,24576,64
2,30.022,24576,64
2,30.022,24576,64
2,30.046,24576,64
2,30.046,24576,64
2,30.068,24576,64
2,30.068,24576,64
2,30.038,24576,64
2,30.038,24576,64
2,30.028,24576,64
2,30.028,24576,64
2,30.037,24576,64
2,30.037,24576,64
2,30.125,24576,64
2,30.125,24576,64
2,30.022,24576,64
2,30.022,24576,64
2,30.035,24576,64
2,30.035,24576,64
2,30.053,24576,64
2,30.053,24576,64
2,30.053,24576,64
2,30.053,24576,64
2,30.022,24576,64
2,30.037,24576,64
2,30.027,24576,64
2,30.027,24576,64
2,30.076,24576,64
2,30.076,24576,64
2,30.038,24576,64
2,30.038,24576,64
2,30.038,24576,64
2,30.038,24576,64
2,30.029,24576,64
2,30.029,24576,64
2,30.031,24576,64
2,30.031,24576,64
2,30.045,24576,64
2,30.045,24576,64
2,30.039,24576,64
2,30.039,24576,64
2,30.026,24576,64
2,30.026,24576,64
2,30.035,24576,64
2,30.035,24576,64
2,30.041,24576,64
2,30.041,24576,64
2,30.024,24576,64
2,30.024,24576,64
2,30.032,24576,64
2,30.027,24576,64
2,30.027,24576,64
2,30.019,24576,64
2,30.036,24576,64
2,30.036,24576,64
2,30.053,24576,64
2,30.05,24576,64
2,30.049,24576,64
2,30.049,24576,64
2,30.032,24576,64
2,30.032,24576,64
2,30.028,24576,64
2,30.028,24576,64
2,30.04,24576,64
2,30.04,24576,64
2,30.092,24576,64
2,30.075,24576,64
2,30.034,24576,64
2,30.034,24576,64
2,30.08,24576,64
2,30.08,24576,64
2,30.04,24576,64
2,30.04,24576,64
2,30.021,24576,64
2,30.006,24576,64
2,30.148,24576,64
2,30.148,24576,64
2,30.021,24576,64
2,30.021,24576,64
2,30.086,24576,64
2,30.086,24576,64
2,30.04,24576,64
2,30.04,24576,64
2,30.038,24576,64
2,30.038,24576,64
2,30.055,24576,64
2,30.055,24576,64
2,30.031,24576,64
2,30.031,24576,64
2,30.026,24576,64
2,30.026,24576,64
2,30.025,24576,64
2,30.025,24576,64
2,30.035,24576,64
2,30.035,24576,64
2,30.063,24576,64
2,30.048,24576,64
2,47.097,24576,64
2,30.03,24576,64
2,30.03,24576,64
2,30.032,24576,64
2,30.032,24576,64
2,30.041,24576,64
2,30.022,24576,64
2,30.02,24576,64
2,30.02,24576,64
2,30.044,24576,64
2,30.032,24576,64
2,30.045,24576,64
2,30.045,24576,64
2,30.036,24576,64
2,30.036,24576,64
2,30.046,24576,64
2,30.046,24576,64
2,30.051,24576,64
2,30.051,24576,64
2,30.06,24576,64
2,30.06,24576,64
2,30.046,24576,64
2,30.046,24576,64
2,30.04,24576,64
2,30.04,24576,64
2,30.048,24576,64
2,30.048,24576,64
2,30.035,24576,64
2,30.035,24576,64
2,30.071,24576,64
2,30.071,24576,64
2,30.037,24576,64
2,30.037,24576,64
2,30.035,24576,64
2,30.035,24576,64
2,30.045,24576,64
2,30.045,24576,64
2,30.066,24576,64
2,30.066,24576,64
2,30.019,24576,64
2,30.019,24576,64
2,30.025,24576,64
2,30.025,24576,64
2,30.075,24576,64
2,30.075,24576,64
2,30.096,24576,64
2,30.096,24576,64
2,30.053,24576,64
2,30.053,24576,64
2,30.032,24576,64
2,30.032,24576,64
2,30.115,24576,64
2,30.115,24576,64
2,30.05,24576,64
2,30.05,24576,64
2,30.028,24576,64
2,30.028,24576,64
2,30.519,24576,64
2,30.519,24576,64
2,30.034,24576,64
2,30.034,24576,64
2,30.045,24576,64
2,30.045,24576,64
2,30.058,24576,64
2,30.058,24576,64
2,30.019,24576,64
2,30.019,24576,64
2,30.019,24576,64
2,30.019,24576,64
2,30.025,24576,64
2,30.025,24576,64
2,30.026,24576,64
2,30.026,24576,64
2,30.035,24576,64
2,30.019,24576,64
2,30.031,24576,64
2,30.031,24576,64
2,30.072,24576,64
2,30.072,24576,64
2,30.098,24576,64
2,30.083,24576,64
2,30.024,24576,64
2,30.024,24576,64
2,30.022,24576,64
2,30.022,24576,64
2,30.041,24576,64
2,30.041,24576,64
2,30.04,24576,64
2,30.04,24576,64
2,30.113,24576,64
2,30.041,24576,64
2,30.041,24576,64
2,30.097,24576,64
2,30.034,24576,64
2,30.034,24576,64
2,30.036,24576,64
2,30.02,24576,64
2,30.009,24576,64
2,30.009,24576,64
2,30.055,24576,64
2,30.055,24576,64
3,6.07,2048,2048
2,30.044,24576,64
2,30.044,24576,64
2,38.727,24576,64
2,39.099,24576,64
2,39.099,24576,64
2,38.96,24576,64
2,38.583,24576,64
2,39.021,24576,64
2,38.866,24576,64
2,39.002,24576,64
2,39.052,24576,64
2,39.052,24576,64
2,39.005,24576,64
2,39.005,24576,64
2,30.039,24576,64
2,30.039,24576,64
1,0.018,1024,64
1,0.018,1024,64
2,30.056,24576,64
2,30.04,24576,64
2,30.042,24576,64
2,30.026,24576,64
2,30.028,24576,64
2,30.028,24576,64
2,30.052,24576,64
2,30.039,24576,64
2,37.162,24576,64
2,37.146,24576,64
2,30.041,24576,64
2,30.041,24576,64
2,30.038,24576,64
2,30.038,24576,64
2,30.024,24576,64
2,30.024,24576,64
2,36.598,24576,64
2,36.598,24576,64
2,30.034,24576,64
2,30.034,24576,64
2,30.019,24576,64
2,30.019,24576,64
2,30.042,24576,64
2,30.04,24576,64
2,30.027,24576,64
2,30.024,24576,64
2,30.028,24576,64
2,30.028,24576,64
2,30.039,24576,64
2,30.039,24576,64
2,30.015,24576,64
2,30.015,24576,64
2,30.05,24576,64
2,30.034,24576,64
2,30.03,24576,64
2,30.03,24576,64
2,30.033,24576,64
2,30.033,24576,64
2,30.032,24576,64
2,30.032,24576,64
2,30.04,24576,64
2,30.025,24576,64
2,30.032,24576,64
2,30.032,24576,64
2,30.022,24576,64
2,30.022,24576,64
2,30.032,24576,64
2,30.032,24576,64
2,30.027,24576,64
2,30.027,24576,64
2,30.029,24576,64
2,30.029,24576,64
2,30.08,24576,64
2,30.048,24576,64
2,30.038,24576,64
2,30.038,24576,64
2,30.038,24576,64
2,30.038,24576,64
2,30.064,24576,64
2,30.049,24576,64
2,30.028,24576,64
2,30.028,24576,64
2,30.034,24576,64
2,30.034,24576,64
2,30.024,24576,64
2,30.024,24576,64
2,30.034,24576,64
2,30.034,24576,64
2,30.022,24576,64
2,30.022,24576,64
2,30.025,24576,64
2,30.025,24576,64
2,30.045,24576,64
2,30.045,24576,64
2,30.044,24576,64
2,30.028,24576,64
2,30.115,24576,64
2,30.115,24576,64
2,30.035,24576,64
2,30.02,24576,64
2,30.029,24576,64
2,30.029,24576,64
2,30.032,24576,64
2,30.032,24576,64
2,30.03,24576,64
2,30.03,24576,64
2,30.045,24576,64
2,30.045,24576,64
2,30.065,24576,64
2,30.065,24576,64
2,30.032,24576,64
2,30.032,24576,64
2,30.05,24576,64
2,30.05,24576,64
2,30.042,24576,64
2,30.042,24576,64
2,30.04,24576,64
2,30.024,24576,64
2,30.04,24576,64
2,30.04,24576,64
2,30.032,24576,64
2,30.032,24576,64
2,30.03,24576,64
2,30.03,24576,64
2,30.017,24576,64
2,30.017,24576,64
2,30.032,24576,64
2,30.032,24576,64
2,30.022,24576,64
2,30.022,24576,64
2,31.332,24576,64
2,31.332,24576,64
2,30.058,24576,64
2,30.042,24576,64
2,30.028,24576,64
2,30.028,24576,64
2,30.018,24576,64
2,30.018,24576,64
2,30.145,24576,64
2,30.145,24576,64
2,30.051,24576,64
2,30.051,24576,64
2,30.041,24576,64
2,30.041,24576,64
2,30.035,24576,64
2,30.035,24576,64
2,30.026,24576,64
2,30.026,24576,64
2,30.036,24576,64
2,30.036,24576,64
2,30.627,24576,64
2,30.627,24576,64
2,30.021,24576,64
2,30.021,24576,64
2,30.064,24576,64
2,30.064,24576,64
2,30.063,24576,64
2,30.063,24576,64
2,30.027,24576,64
2,30.027,24576,64
2,30.048,24576,64
2,30.018,24576,64
2,30.018,24576,64
2,30.032,24576,64
2,30.075,24576,64
2,30.075,24576,64
2,30.053,24576,64
2,30.053,24576,64
2,30.033,24576,64
2,30.033,24576,64
2,30.027,24576,64
2,30.027,24576,64
2,30.067,24576,64
2,30.067,24576,64
2,30.022,24576,64
2,30.022,24576,64
2,30.08,24576,64
2,30.08,24576,64
2,30.023,24576,64
2,30.007,24576,64
2,30.045,24576,64
2,30.029,24576,64
2,30.049,24576,64
2,30.049,24576,64
2,30.034,24576,64
2,30.034,24576,64
2,30.048,24576,64
2,30.048,24576,64
2,30.048,24576,64
2,30.048,24576,64
2,30.109,24576,64
2,30.109,24576,64
2,30.034,24576,64
2,30.034,24576,64
2,30.018,24576,64
2,30.018,24576,64
2,30.035,24576,64
2,30.035,24576,64
2,30.041,24576,64
2,30.041,24576,64
2,30.029,24576,64
2,30.029,24576,64
2,30.021,24576,64
2,30.021,24576,64
2,30.035,24576,64
2,30.035,24576,64
2,30.021,24576,64
2,30.021,24576,64
2,30.104,24576,64
2,30.104,24576,64
2,30.027,24576,64
2,30.027,24576,64
2,30.103,24576,64
2,30.103,24576,64
2,30.117,24576,64
2,30.117,24576,64
2,30.114,24576,64
2,30.114,24576,64
2,30.039,24576,64
2,30.039,24576,64
3,8.0,4096,4096
2,30.061,24576,64
2,30.061,24576,64
2,30.037,24576,64
2,30.037,24576,64
2,30.017,24576,64
2,30.017,24576,64
2,30.021,24576,64
2,30.021,24576,64
2,30.127,24576,64
2,30.127,24576,64
2,30.036,24576,64
2,30.036,24576,64
2,30.159,24576,64
2,30.299,24576,64
2,30.071,24576,64
2,30.071,24576,64
2,30.034,24576,64
2,30.034,24576,64
2,30.03,24576,64
2,30.03,24576,64
2,30.016,24576,64
2,30.016,24576,64
2,30.04,24576,64
2,30.04,24576,64
2,30.025,24576,64
2,30.025,24576,64
2,30.036,24576,64
2,30.036,24576,64
2,30.059,24576,64
2,30.059,24576,64
2,30.121,24576,64
2,30.121,24576,64
2,30.036,24576,64
2,30.036,24576,64
2,30.069,24576,64
2,30.069,24576,64
2,30.046,24576,64
2,30.046,24576,64
2,30.027,24576,64
2,30.027,24576,64
2,30.033,24576,64
2,30.033,24576,64
2,30.029,24576,64
2,30.029,24576,64
2,30.039,24576,64
2,30.039,24576,64
2,30.051,24576,64
2,30.051,24576,64
2,30.017,24576,64
2,30.017,24576,64
2,30.021,24576,64
2,30.021,24576,64
2,30.03,24576,64
2,30.03,24576,64
1,0.015,1024,64
1,0.015,1024,64
2,30.053,24576,64
2,30.053,24576,64
2,30.04,24576,64
2,30.04,24576,64
2,30.053,24576,64
2,30.053,24576,64
2,30.034,24576,64
2,30.034,24576,64
2,30.023,24576,64
2,30.023,24576,64
2,30.03,24576,64
2,30.03,24576,64
2,30.09,24576,64
2,30.09,24576,64
2,30.036,24576,64
2,30.036,24576,64
2,30.024,24576,64
2,30.024,24576,64
2,30.021,24576,64
2,30.021,24576,64
2,30.034,24576,64
2,30.034,24576,64
2,30.056,24576,64
2,30.04,24576,64
2,30.051,24576,64
2,30.051,24576,64
2,30.052,24576,64
2,30.052,24576,64
2,30.032,24576,64
2,30.032,24576,64
2,30.017,24576,64
2,30.017,24576,64
2,30.053,24576,64
2,30.037,24576,64
2,30.037,24576,64
2,30.037,24576,64
2,30.038,24576,64
2,30.038,24576,64
2,30.02,24576,64
2,30.02,24576,64
2,30.032,24576,64
2,30.032,24576,64
2,30.043,24576,64
2,30.043,24576,64
2,30.045,24576,64
2,30.028,24576,64
2,30.019,24576,64
2,30.019,24576,64
2,30.049,24576,64
2,30.033,24576,64
2,30.133,24576,64
2,30.133,24576,64
2,30.023,24576,64
2,30.023,24576,64
2,30.034,24576,64
2,30.034,24576,64
2,30.028,24576,64
2,30.028,24576,64
2,30.039,24576,64
2,30.039,24576,64
2,30.031,24576,64
2,30.031,24576,64
2,30.04,24576,64
2,30.04,24576,64
2,30.116,24576,64
2,30.116,24576,64
2,30.026,24576,64
2,30.026,24576,64
2,30.026,24576,64
2,30.01,24576,64
2,30.023,24576,64
2,30.023,24576,64
2,30.085,24576,64
2,30.085,24576,64
2,30.019,24576,64
2,30.019,24576,64
2,30.028,24576,64
2,30.028,24576,64
2,30.034,24576,64
2,30.034,24576,64
2,30.046,24576,64
2,30.037,24576,64
2,30.037,24576,64
2,30.03,24576,64
2,30.041,24576,64
2,30.041,24576,64
2,30.023,24576,64
2,30.023,24576,64
2,30.035,24576,64
2,30.035,24576,64
2,30.025,24576,64
2,30.025,24576,64
2,30.024,24576,64
2,30.024,24576,64
2,30.127,24576,64
2,30.127,24576,64
2,30.047,24576,64
2,30.031,24576,64
2,30.04,24576,64
2,30.04,24576,64
2,30.033,24576,64
2,30.033,24576,64
2,30.042,24576,64
2,30.042,24576,64
2,30.04,24576,64
2,30.024,24576,64
2,30.055,24576,64
2,30.039,24576,64
2,30.038,24576,64
2,30.038,24576,64
2,30.036,24576,64
2,30.036,24576,64
2,30.031,24576,64
2,30.019,24576,64
2,30.019,24576,64
2,30.016,24576,64
2,30.037,24576,64
2,30.037,24576,64
2,30.086,24576,64
2,30.07,24576,64
2,30.04,24576,64
2,30.04,24576,64
2,30.035,24576,64
2,30.035,24576,64
2,30.035,24576,64
2,30.035,24576,64
2,30.11,24576,64
2,30.11,24576,64
2,30.03,24576,64
2,30.03,24576,64
2,30.033,24576,64
2,30.033,24576,64
2,30.032,24576,64
2,30.032,24576,64
3,4.6,2048,2048
2,30.038,24576,64
2,30.038,24576,64
2,30.061,24576,64
2,30.061,24576,64
2,30.088,24576,64
2,30.088,24576,64
2,30.032,24576,64
2,30.032,24576,64
2,30.024,24576,64
2,30.024,24576,64
2,30.018,24576,64
2,30.018,24576,64
2,30.19,24576,64
2,30.19,24576,64
2,30.037,24576,64
2,30.037,24576,64
2,30.048,24576,64
2,30.032,24576,64
2,30.032,24576,64
2,30.032,24576,64
2,30.049,24576,64
2,30.049,24576,64
2,30.035,24576,64
2,30.035,24576,64
2,30.018,24576,64
2,30.018,24576,64
2,30.103,24576,64
2,30.103,24576,64
2,30.053,24576,64
2,30.037,24576,64
2,30.035,24576,64
2,30.027,24576,64
2,30.027,24576,64
2,30.019,24576,64
2,30.035,24576,64
2,30.035,24576,64
2,30.035,24576,64
2,30.035,24576,64
2,30.017,24576,64
2,30.017,24576,64
2,30.03,24576,64
2,30.03,24576,64
2,30.044,24576,64
2,30.029,24576,64
2,30.038,24576,64
2,30.038,24576,64
2,30.029,24576,64
2,30.029,24576,64
2,30.025,24576,64
2,30.025,24576,64
2,30.128,24576,64
2,30.043,24576,64
2,30.028,24576,64
2,30.034,24576,64
2,30.036,24576,64
2,30.036,24576,64
2,30.035,24576,64
2,30.035,24576,64
2,30.027,24576,64
2,30.027,24576,64
2,30.034,24576,64
2,30.034,24576,64
2,30.023,24576,64
2,30.023,24576,64
2,30.041,24576,64
2,30.041,24576,64
2,30.031,24576,64
2,30.031,24576,64
2,30.037,24576,64
2,30.037,24576,64
2,30.02,24576,64
2,30.02,24576,64
2,30.047,24576,64
2,30.047,24576,64
2,30.039,24576,64
2,30.037,24576,64
2,30.037,24576,64
2,30.022,24576,64
2,30.023,24576,64
2,30.023,24576,64
2,30.063,24576,64
2,30.063,24576,64
2,30.032,24576,64
2,30.032,24576,64
2,30.053,24576,64
2,30.053,24576,64
2,30.017,24576,64
2,30.017,24576,64
2,30.029,24576,64
2,30.029,24576,64
1,0.015,1024,64
2,30.053,24576,64
2,30.053,24576,64
2,30.044,24576,64
2,30.044,24576,64
2,30.039,24576,64
2,30.023,24576,64
2,30.034,24576,64
2,30.019,24576,64
2,30.108,24576,64
2,30.093,24576,64
2,30.048,24576,64
2,30.048,24576,64
2,30.055,24576,64
2,30.055,24576,64
2,30.039,24576,64
2,30.056,24576,64
2,30.035,24576,64
2,30.035,24576,64
2,30.046,24576,64
2,30.046,24576,64
2,30.034,24576,64
2,30.034,24576,64
2,30.036,24576,64
2,30.036,24576,64
2,30.049,24576,64
2,30.049,24576,64
2,30.031,24576,64
2,30.031,24576,64
2,30.039,24576,64
2,30.039,24576,64
2,30.033,24576,64
2,30.033,24576,64
1,0.456,1024,64
2,30.034,24576,64
2,30.034,24576,64
2,30.055,24576,64
2,30.055,24576,64
2,30.04,24576,64
2,30.04,24576,64
2,30.043,24576,64
2,30.027,24576,64
2,30.055,24576,64
2,30.055,24576,64
2,30.032,24576,64
2,30.032,24576,64
2,30.027,24576,64
2,30.027,24576,64
2,30.043,24576,64
2,30.043,24576,64
1,0.016,1024,64
2,30.013,24576,64
2,30.013,24576,64
2,30.04,24576,64
2,30.04,24576,64
2,30.031,24576,64
2,30.031,24576,64
2,30.262,24576,64
2,30.246,24576,64
2,30.051,24576,64
2,30.051,24576,64
2,30.03,24576,64
2,30.03,24576,64
2,30.03,24576,64
2,30.03,24576,64
1,0.013,1024,64
2,30.059,24576,64
2,30.059,24576,64
1,0.021,1024,64
2,30.027,24576,64
2,30.027,24576,64
2,30.033,24576,64
2,30.033,24576,64
2,30.043,24576,64
2,30.043,24576,64
1,0.015,1024,64
2,30.059,24576,64
2,30.059,24576,64
1,0.016,1024,64
2,30.027,24576,64
2,30.027,24576,64
2,30.035,24576,64
2,30.035,24576,64
1,0.014,1024,64
2,30.027,24576,64
2,30.027,24576,64
1,0.012,1024,64
2,30.046,24576,64
2,30.046,24576,64
1,0.018,1024,64
2,30.123,24576,64
2,30.123,24576,64
1,0.014,1024,64
1,0.012,1024,64
2,30.068,24576,64
2,30.068,24576,64
2,30.036,24576,64
2,30.036,24576,64
1,0.012,1024,64
1,0.013,1024,64
2,30.052,24576,64
2,30.036,24576,64
2,30.023,24576,64
2,30.023,24576,64
1,0.012,1024,64
2,30.027,24576,64
2,30.027,24576,64
1,0.033,1024,64
2,30.031,24576,64
2,30.031,24576,64
1,0.013,1024,64
2,30.026,24576,64
2,30.026,24576,64
2,30.038,24576,64
2,30.038,24576,64
2,30.033,24576,64
2,30.033,24576,64
2,30.047,24576,64
2,30.047,24576,64
2,30.047,24576,64
2,30.047,24576,64
2,30.014,24576,64
2,30.014,24576,64
2,30.026,24576,64
2,30.026,24576,64
2,30.028,24576,64
2,30.028,24576,64
2,30.037,24576,64
2,30.037,24576,64
2,30.027,24576,64
2,30.027,24576,64
2,30.041,24576,64
2,30.041,24576,64
2,30.114,24576,64
2,30.114,24576,64
2,30.052,24576,64
2,30.052,24576,64
2,30.032,24576,64
2,30.032,24576,64
2,30.039,24576,64
2,30.007,24576,64
2,30.051,24576,64
2,30.051,24576,64
2,30.028,24576,64
2,30.028,24576,64
2,30.017,24576,64
2,30.017,24576,64
2,30.037,24576,64
2,30.037,24576,64
2,30.028,24576,64
2,30.028,24576,64
2,30.02,24576,64
2,30.02,24576,64
2,30.031,24576,64
2,30.031,24576,64
2,30.135,24576,64
2,30.119,24576,64
2,30.111,24576,64
2,30.111,24576,64
2,30.043,24576,64
2,30.043,24576,64
2,30.03,24576,64
2,30.03,24576,64
2,30.043,24576,64
2,30.043,24576,64
2,30.032,24576,64
2,30.032,24576,64
2,30.031,24576,64
2,30.031,24576,64
2,30.121,24576,64
2,30.107,24576,64
2,30.043,24576,64
2,30.043,24576,64
2,30.03,24576,64
2,30.03,24576,64
2,30.042,24576,64
2,30.011,24576,64
2,30.037,24576,64
2,30.037,24576,64
2,30.028,24576,64
2,30.028,24576,64
2,30.14,24576,64
2,30.14,24576,64
2,30.042,24576,64
2,30.042,24576,64
2,30.049,24576,64
2,30.018,24576,64
2,30.024,24576,64
2,30.024,24576,64
2,30.048,24576,64
2,30.048,24576,64
2,30.026,24576,64
2,30.026,24576,64
2,30.024,24576,64
2,30.024,24576,64
2,30.031,24576,64
2,30.031,24576,64
2,30.048,24576,64
2,30.048,24576,64
2,30.027,24576,64
2,30.027,24576,64
2,30.026,24576,64
2,30.026,24576,64
2,30.03,24576,64
2,30.03,24576,64
2,30.046,24576,64
2,30.031,24576,64
2,30.127,24576,64
2,30.127,24576,64
2,30.038,24576,64
2,30.038,24576,64
2,30.025,24576,64
2,30.025,24576,64
2,30.048,24576,64
2,30.032,24576,64
2,30.032,24576,64
2,30.032,24576,64
2,30.034,24576,64
2,30.034,24576,64
2,30.048,24576,64
2,30.032,24576,64
2,30.108,24576,64
2,30.108,24576,64
2,30.029,24576,64
2,30.021,24576,64
2,30.052,24576,64
2,30.036,24576,64
2,30.038,24576,64
2,30.038,24576,64
2,30.036,24576,64
2,30.036,24576,64
2,30.027,24576,64
2,30.027,24576,64
2,30.057,24576,64
2,30.057,24576,64
2,30.014,24576,64
2,30.014,24576,64
2,30.043,24576,64
2,30.027,24576,64
2,30.047,24576,64
2,30.047,24576,64
2,30.025,24576,64
2,30.025,24576,64
2,30.027,24576,64
2,30.02,24576,64
2,30.017,24576,64
2,30.017,24576,64
2,30.022,24576,64
2,30.022,24576,64
2,30.116,24576,64
2,30.116,24576,64
2,30.044,24576,64
2,30.044,24576,64
2,30.038,24576,64
2,30.038,24576,64
2,30.108,24576,64
2,30.108,24576,64
2,30.06,24576,64
2,30.06,24576,64
2,30.06,24576,64
2,30.018,24576,64
2,30.018,24576,64
2,30.045,24576,64
2,30.06,24576,64
2,30.077,24576,64
2,30.037,24576,64
2,30.037,24576,64
2,30.026,24576,64
2,30.026,24576,64
2,30.025,24576,64
2,30.025,24576,64
2,30.033,24576,64
2,30.033,24576,64
2,30.042,24576,64
2,30.026,24576,64
2,30.056,24576,64
2,30.056,24576,64
2,30.035,24576,64
2,30.035,24576,64
2,30.056,24576,64
2,30.056,24576,64
2,30.02,24576,64
2,30.02,24576,64
2,30.104,24576,64
2,30.104,24576,64
2,30.034,24576,64
2,30.034,24576,64
2,30.037,24576,64
2,30.037,24576,64
2,30.028,24576,64
2,30.028,24576,64
2,30.02,24576,64
2,30.02,24576,64
2,30.057,24576,64
2,30.042,24576,64
2,30.032,24576,64
2,30.032,24576,64
2,30.037,24576,64
2,30.037,24576,64
2,30.026,24576,64
2,30.026,24576,64
2,30.031,24576,64
2,30.031,24576,64
2,30.028,24576,64
2,30.028,24576,64
2,30.038,24576,64
2,30.038,24576,64
2,30.038,24576,64
2,30.038,24576,64
2,30.039,24576,64
2,30.039,24576,64
2,30.11,24576,64
2,30.11,24576,64
2,30.1,24576,64
2,30.1,24576,64
2,30.018,24576,64
2,30.018,24576,64
2,30.046,24576,64
2,30.046,24576,64
2,30.019,24576,64
2,30.019,24576,64
2,30.036,24576,64
2,30.036,24576,64
2,30.044,24576,64
2,30.027,24576,64
2,30.023,24576,64
2,30.023,24576,64
2,30.025,24576,64
2,30.025,24576,64
2,30.041,24576,64
2,30.041,24576,64
2,30.033,24576,64
2,30.033,24576,64
2,30.033,24576,64
2,30.033,24576,64
2,30.034,24576,64
2,30.034,24576,64
2,30.132,24576,64
2,30.116,24576,64
2,30.028,24576,64
2,30.028,24576,64
2,30.19,24576,64
2,30.174,24576,64
2,30.043,24576,64
2,30.043,24576,64
2,30.031,24576,64
2,30.031,24576,64
2,30.036,24576,64
2,30.036,24576,64
2,30.034,24576,64
2,30.034,24576,64
2,30.034,24576,64
2,30.019,24576,64
2,30.034,24576,64
2,30.034,24576,64
2,30.025,24576,64
2,30.025,24576,64
2,30.033,24576,64
2,30.033,24576,64
2,30.036,24576,64
2,30.036,24576,64
2,30.042,24576,64
2,30.026,24576,64
2,30.034,24576,64
2,30.034,24576,64
2,30.022,24576,64
2,30.022,24576,64
2,30.022,24576,64
2,30.022,24576,64
2,30.032,24576,64
2,30.032,24576,64
2,30.057,24576,64
2,30.057,24576,64
2,30.016,24576,64
2,30.016,24576,64
2,30.018,24576,64
2,30.018,24576,64
2,30.039,24576,64
2,30.039,24576,64
2,30.063,24576,64
2,30.063,24576,64
2,30.03,24576,64
2,30.015,24576,64
1,0.015,1024,64
1,0.015,1024,64
2,30.057,24576,64
2,30.041,24576,64
2,30.026,24576,64
2,30.041,24576,64
2,30.027,24576,64
2,30.027,24576,64
2,30.037,24576,64
2,30.037,24576,64
2,30.043,24576,64
2,30.043,24576,64
2,30.038,24576,64
2,30.038,24576,64
2,30.035,24576,64
2,30.035,24576,64
2,30.037,24576,64
2,30.037,24576,64
2,30.04,24576,64
2,30.04,24576,64
2,30.037,24576,64
2,30.037,24576,64
2,30.025,24576,64
2,30.025,24576,64
2,30.088,24576,64
2,30.088,24576,64
2,30.055,24576,64
2,30.055,24576,64
2,30.02,24576,64
2,30.02,24576,64
2,30.085,24576,64
2,30.085,24576,64
2,30.043,24576,64
2,30.043,24576,64
2,30.006,24576,64
2,30.006,24576,64
2,30.026,24576,64
2,30.026,24576,64
2,30.05,24576,64
2,30.05,24576,64
2,30.045,24576,64
2,30.029,24576,64
2,30.035,24576,64
2,30.035,24576,64
2,30.032,24576,64
2,30.032,24576,64
2,30.054,24576,64
2,30.054,24576,64
2,30.028,24576,64
2,30.028,24576,64
2,30.064,24576,64
2,30.064,24576,64
2,30.039,24576,64
2,30.039,24576,64
2,30.032,24576,64
2,30.032,24576,64
2,30.026,24576,64
2,30.026,24576,64
2,30.028,24576,64
2,30.012,24576,64
2,30.036,24576,64
2,30.02,24576,64
2,30.032,24576,64
2,30.016,24576,64
2,30.036,24576,64
2,30.036,24576,64
2,30.027,24576,64
2,30.027,24576,64
2,30.038,24576,64
2,30.038,24576,64
2,30.032,24576,64
2,30.032,24576,64
2,30.019,24576,64
2,30.019,24576,64
2,30.037,24576,64
2,30.037,24576,64
2,30.042,24576,64
2,30.055,24576,64
2,30.031,24576,64
2,30.031,24576,64
2,30.037,24576,64
2,30.037,24576,64
2,30.049,24576,64
2,30.049,24576,64
2,30.17,24576,64
2,30.17,24576,64
2,30.147,24576,64
2,30.147,24576,64
2,30.042,24576,64
2,30.042,24576,64
2,30.056,24576,64
2,30.023,24576,64
2,30.09,24576,64
2,30.09,24576,64
2,30.055,24576,64
2,30.055,24576,64
2,30.026,24576,64
2,30.026,24576,64
2,30.017,24576,64
2,30.017,24576,64
2,30.047,24576,64
2,30.047,24576,64
2,30.019,24576,64
2,30.019,24576,64
2,30.017,24576,64
2,30.017,24576,64
2,30.026,24576,64
2,30.026,24576,64
2,30.059,24576,64
2,30.059,24576,64
2,30.023,24576,64
2,30.023,24576,64
2,30.023,24576,64
2,30.023,24576,64
2,30.031,24576,64
2,30.031,24576,64
2,30.037,24576,64
2,30.037,24576,64
2,30.026,24576,64
2,30.026,24576,64
2,30.029,24576,64
2,30.029,24576,64
2,30.032,24576,64
2,30.032,24576,64
2,30.047,24576,64
2,30.047,24576,64
2,30.058,24576,64
2,30.035,24576,64
2,30.04,24576,64
2,30.023,24576,64
2,30.03,24576,64
2,30.03,24576,64
2,30.039,24576,64
2,30.039,24576,64
2,30.089,24576,64
2,30.089,24576,64
2,30.028,24576,64
2,30.028,24576,64
2,30.026,24576,64
2,30.026,24576,64
2,30.022,24576,64
2,30.022,24576,64
2,30.011,24576,64
2,30.011,24576,64
2,30.105,24576,64
2,30.056,24576,64
2,30.056,24576,64
2,30.089,24576,64
2,30.034,24576,64
2,30.034,24576,64
2,30.028,24576,64
2,30.028,24576,64
2,30.059,24576,64
2,30.059,24576,64
3,5.11,2048,2048
2,30.04,24576,64
2,30.04,24576,64
2,30.053,24576,64
2,30.053,24576,64
2,30.041,24576,64
2,30.022,24576,64
2,30.05,24576,64
2,30.05,24576,64
2,30.035,24576,64
2,30.035,24576,64
2,30.035,24576,64
2,30.035,24576,64
2,30.051,24576,64
2,30.051,24576,64
2,30.038,24576,64
2,30.038,24576,64
2,30.035,24576,64
2,30.035,24576,64
2,30.057,24576,64
2,30.057,24576,64
2,30.037,24576,64
2,30.037,24576,64
2,30.03,24576,64
2,30.019,24576,64
2,30.014,24576,64
2,30.014,24576,64
2,30.033,24576,64
2,30.033,24576,64
2,30.037,24576,64
2,30.037,24576,64
2,30.037,24576,64
2,30.037,24576,64
2,30.049,24576,64
2,30.049,24576,64
2,30.034,24576,64
2,30.034,24576,64
2,30.04,24576,64
2,30.024,24576,64
2,30.02,24576,64
2,30.02,24576,64
2,30.035,24576,64
2,30.035,24576,64
2,30.053,24576,64
2,30.037,24576,64
2,30.048,24576,64
2,30.032,24576,64
1,0.015,1024,64
2,30.032,24576,64
2,30.017,24576,64
2,30.027,24576,64
2,30.042,24576,64
2,30.119,24576,64
2,30.119,24576,64
2,30.022,24576,64
2,30.022,24576,64
2,30.022,24576,64
2,30.022,24576,64
2,30.021,24576,64
2,30.021,24576,64
2,30.111,24576,64
2,30.111,24576,64
2,30.021,24576,64
2,30.033,24576,64
2,30.03,24576,64
2,30.03,24576,64
2,30.224,24576,64
2,30.224,24576,64
2,30.024,24576,64
2,30.024,24576,64
2,30.034,24576,64
2,30.034,24576,64
2,30.063,24576,64
2,30.063,24576,64
2,30.048,24576,64
2,30.048,24576,64
2,30.017,24576,64
2,30.032,24576,64
2,30.026,24576,64
2,30.026,24576,64
2,30.024,24576,64
2,30.024,24576,64
2,30.073,24576,64
2,30.073,24576,64
2,30.032,24576,64
2,30.032,24576,64
2,30.036,24576,64
2,30.036,24576,64
2,30.021,24576,64
2,30.005,24576,64
2,30.022,24576,64
2,30.022,24576,64
2,30.044,24576,64
2,30.044,24576,64
2,30.024,24576,64
2,30.024,24576,64
2,30.085,24576,64
2,30.085,24576,64
2,30.044,24576,64
2,30.044,24576,64
2,30.024,24576,64
2,30.024,24576,64
2,30.028,24576,64
2,30.028,24576,64
2,30.034,24576,64
2,30.034,24576,64
2,30.041,24576,64
2,30.041,24576,64
2,30.007,24576,64
2,30.007,24576,64
2,30.038,24576,64
2,30.038,24576,64
2,30.025,24576,64
2,30.025,24576,64
2,30.042,24576,64
2,30.042,24576,64
2,30.048,24576,64
2,30.048,24576,64
2,30.043,24576,64
2,30.043,24576,64
2,30.04,24576,64
2,30.04,24576,64
2,30.023,24576,64
2,30.023,24576,64
2,30.043,24576,64
2,30.043,24576,64
2,30.033,24576,64
2,30.033,24576,64
2,30.014,24576,64
2,30.014,24576,64
2,30.053,24576,64
2,30.053,24576,64
2,30.039,24576,64
2,30.039,24576,64
2,30.024,24576,64
2,30.024,24576,64
2,30.026,24576,64
2,30.026,24576,64
2,30.044,24576,64
2,30.044,24576,64
2,30.058,24576,64
2,30.027,24576,64
2,30.043,24576,64
2,30.043,24576,64
2,30.074,24576,64
2,30.059,24576,64
2,30.042,24576,64
2,30.042,24576,64
2,30.041,24576,64
2,30.041,24576,64
2,30.031,24576,64
2,30.031,24576,64
2,30.039,24576,64
2,30.039,24576,64
2,30.043,24576,64
2,30.043,24576,64
2,30.021,24576,64
2,30.021,24576,64
2,30.028,24576,64
2,30.028,24576,64
2,30.085,24576,64
2,30.054,24576,64
2,30.021,24576,64
2,30.021,24576,64
2,30.038,24576,64
2,30.022,24576,64
2,30.038,24576,64
2,30.038,24576,64
2,30.032,24576,64
2,30.032,24576,64
2,30.043,24576,64
2,30.028,24576,64
2,30.029,24576,64
2,30.029,24576,64
2,30.027,24576,64
2,30.027,24576,64
2,30.052,24576,64
2,30.052,24576,64
2,30.228,24576,64
2,30.228,24576,64
2,30.038,24576,64
2,30.038,24576,64
2,30.164,24576,64
2,30.164,24576,64
2,30.038,24576,64
2,30.038,24576,64
2,30.099,24576,64
2,30.114,24576,64
2,30.022,24576,64
2,30.022,24576,64
2,30.032,24576,64
2,30.032,24576,64
1,0.447,1024,64
2,30.244,24576,64
2,30.244,24576,64
1,0.015,1024,64
1,0.015,1024,64
2,30.026,24576,64
2,30.026,24576,64
2,30.011,24576,64
2,30.011,24576,64
2,30.036,24576,64
2,30.036,24576,64
2,30.071,24576,64
2,30.071,24576,64
2,30.044,24576,64
2,30.044,24576,64
2,30.1,24576,64
2,30.084,24576,64
2,30.083,24576,64
2,30.083,24576,64
2,30.025,24576,64
2,30.025,24576,64
2,30.021,24576,64
2,30.021,24576,64
2,30.021,24576,64
2,30.021,24576,64
2,30.027,24576,64
2,30.027,24576,64
2,30.113,24576,64
2,30.113,24576,64
2,30.048,24576,64
2,30.048,24576,64
2,30.035,24576,64
2,30.035,24576,64
2,30.024,24576,64
2,30.024,24576,64
1,0.015,1024,64
1,0.015,1024,64
2,30.041,24576,64
2,30.041,24576,64
2,30.019,24576,64
2,30.019,24576,64
2,30.043,24576,64
2,30.043,24576,64
2,30.032,24576,64
2,30.032,24576,64
2,30.032,24576,64
2,30.032,24576,64
2,30.041,24576,64
2,30.041,24576,64
2,30.023,24576,64
2,30.007,24576,64
2,30.022,24576,64
2,30.022,24576,64
2,30.048,24576,64
2,30.048,24576,64
2,30.04,24576,64
2,30.04,24576,64
2,30.026,24576,64
2,30.026,24576,64
2,30.052,24576,64
2,30.052,24576,64
2,30.037,24576,64
2,30.037,24576,64
2,30.02,24576,64
2,30.02,24576,64
2,30.039,24576,64
2,30.039,24576,64
2,30.025,24576,64
2,30.025,24576,64
2,30.049,24576,64
2,30.03,24576,64
2,30.055,24576,64
2,30.055,24576,64
1,0.018,1024,64
1,0.018,1024,64
2,30.038,24576,64
2,30.038,24576,64
2,30.047,24576,64
2,30.047,24576,64
2,30.045,24576,64
2,30.045,24576,64
2,30.02,24576,64
2,30.02,24576,64
1,0.017,1024,64
1,0.017,1024,64
2,30.048,24576,64
2,30.048,24576,64
2,30.044,24576,64
2,30.044,24576,64
2,30.027,24576,64
2,30.027,24576,64
2,30.039,24576,64
2,30.039,24576,64
2,30.027,24576,64
2,30.027,24576,64
2,30.016,24576,64
2,30.016,24576,64
2,30.024,24576,64
2,30.024,24576,64
2,30.041,24576,64
2,30.041,24576,64
2,30.024,24576,64
2,30.024,24576,64
2,30.043,24576,64
2,30.027,24576,64
2,30.005,24576,64
2,30.005,24576,64
2,30.028,24576,64
2,30.028,24576,64
2,30.051,24576,64
2,30.051,24576,64
2,30.021,24576,64
2,30.021,24576,64
2,30.076,24576,64
2,30.076,24576,64
2,30.173,24576,64
2,30.032,24576,64
2,30.051,24576,64
2,30.035,24576,64
2,30.043,24576,64
2,30.043,24576,64
2,30.04,24576,64
2,30.04,24576,64
2,30.037,24576,64
2,30.037,24576,64
2,30.036,24576,64
2,30.022,24576,64
2,30.035,24576,64
2,30.035,24576,64
2,30.053,24576,64
2,30.053,24576,64
2,30.02,24576,64
2,30.02,24576,64
2,30.049,24576,64
2,30.049,24576,64
2,30.02,24576,64
2,30.02,24576,64
2,30.086,24576,64
2,30.086,24576,64
2,30.033,24576,64
2,30.01,24576,64
2,30.01,24576,64
2,30.017,24576,64
2,30.02,24576,64
2,30.02,24576,64
2,30.022,24576,64
2,30.022,24576,64
2,30.078,24576,64
2,30.031,24576,64
2,30.031,24576,64
2,30.063,24576,64
2,30.036,24576,64
2,30.036,24576,64
2,30.029,24576,64
2,30.029,24576,64
2,30.046,24576,64
2,30.046,24576,64
2,30.039,24576,64
2,30.039,24576,64
2,30.061,24576,64
2,30.061,24576,64
2,30.024,24576,64
2,30.024,24576,64
2,30.016,24576,64
2,30.016,24576,64
2,30.028,24576,64
2,30.028,24576,64
2,30.084,24576,64
2,30.084,24576,64
2,30.062,24576,64
2,30.046,24576,64
2,30.024,24576,64
2,30.024,24576,64
2,30.039,24576,64
2,30.039,24576,64
2,30.038,24576,64
2,30.038,24576,64
2,30.037,24576,64
2,30.037,24576,64
2,30.025,24576,64
2,30.025,24576,64
2,30.104,24576,64
2,30.104,24576,64
2,30.037,24576,64
2,30.037,24576,64
2,30.022,24576,64
2,30.022,24576,64
2,30.1,24576,64
2,30.1,24576,64
2,30.02,24576,64
2,30.02,24576,64
2,30.037,24576,64
2,30.037,24576,64
2,30.042,24576,64
2,30.026,24576,64
2,30.036,24576,64
2,30.02,24576,64
2,30.026,24576,64
2,30.026,24576,64
2,30.022,24576,64
2,30.022,24576,64
2,30.045,24576,64
2,30.013,24576,64
2,30.034,24576,64
2,30.034,24576,64
2,30.02,24576,64
2,30.02,24576,64
2,30.13,24576,64
2,30.13,24576,64
2,30.031,24576,64
2,30.031,24576,64
2,30.037,24576,64
2,30.037,24576,64
2,30.033,24576,64
2,30.07,24576,64
2,30.017,24576,64
2,30.055,24576,64
2,30.025,24576,64
2,30.025,24576,64
2,30.022,24576,64
2,30.022,24576,64
2,30.022,24576,64
2,30.022,24576,64
2,30.032,24576,64
2,30.032,24576,64
2,30.022,24576,64
2,30.022,24576,64
2,30.029,24576,64
2,30.029,24576,64
2,30.038,24576,64
2,30.032,24576,64
2,30.032,24576,64
2,30.021,24576,64
2,30.023,24576,64
2,30.023,24576,64
2,30.023,24576,64
2,30.023,24576,64
2,30.039,24576,64
2,30.039,24576,64
2,30.048,24576,64
2,30.048,24576,64
2,30.031,24576,64
2,30.031,24576,64
2,30.054,24576,64
2,30.054,24576,64
2,30.025,24576,64
2,30.025,24576,64
2,30.019,24576,64
2,30.019,24576,64
2,30.038,24576,64
2,30.038,24576,64
2,30.03,24576,64
2,30.03,24576,64
2,30.038,24576,64
2,30.038,24576,64
2,30.049,24576,64
2,30.049,24576,64
2,30.04,24576,64
2,30.04,24576,64
2,30.043,24576,64
2,30.043,24576,64
2,30.04,24576,64
2,30.055,24576,64
2,30.035,24576,64
2,30.035,24576,64
2,30.033,24576,64
2,30.033,24576,64
2,30.03,24576,64
2,30.03,24576,64
2,30.033,24576,64
2,30.033,24576,64
2,30.023,24576,64
2,30.023,24576,64
2,30.249,24576,64
2,30.264,24576,64
2,30.249,24576,64
2,30.236,24576,64
2,30.02,24576,64
2,30.02,24576,64
2,30.038,24576,64
2,30.038,24576,64
2,30.029,24576,64
2,30.029,24576,64
2,30.028,24576,64
2,30.028,24576,64
2,30.02,24576,64
2,30.02,24576,64
2,30.03,24576,64
2,30.03,24576,64
2,30.031,24576,64
2,30.031,24576,64
2,30.024,24576,64
2,30.024,24576,64
2,30.019,24576,64
2,30.019,24576,64
2,30.013,24576,64
2,30.013,24576,64
2,30.024,24576,64
2,30.024,24576,64
2,30.073,24576,64
2,30.056,24576,64
2,30.028,24576,64
2,30.028,24576,64
2,30.037,24576,64
2,30.021,24576,64
2,30.023,24576,64
2,30.023,24576,64
2,30.029,24576,64
2,30.029,24576,64
2,30.02,24576,64
2,30.02,24576,64
2,30.109,24576,64
2,30.109,24576,64
2,30.019,24576,64
2,30.019,24576,64
2,30.033,24576,64
2,30.033,24576,64
2,30.023,24576,64
2,30.023,24576,64
2,30.029,24576,64
2,30.029,24576,64
2,30.01,24576,64
2,30.01,24576,64
2,30.028,24576,64
2,30.028,24576,64
2,30.023,24576,64
2,30.023,24576,64
2,30.033,24576,64
2,30.017,24576,64
2,30.052,24576,64
2,30.037,24576,64
2,30.058,24576,64
2,30.058,24576,64
2,30.038,24576,64
2,30.038,24576,64
2,30.054,24576,64
2,30.054,24576,64
2,30.024,24576,64
2,30.024,24576,64
2,30.119,24576,64
2,30.119,24576,64
2,30.103,24576,64
2,30.103,24576,64
2,30.056,24576,64
2,30.041,24576,64
2,30.024,24576,64
2,30.024,24576,64
2,30.026,24576,64
2,30.026,24576,64
2,30.037,24576,64
2,30.037,24576,64
2,30.011,24576,64
2,30.011,24576,64
2,30.014,24576,64
2,30.014,24576,64
2,30.072,24576,64
2,30.087,24576,64
2,30.032,24576,64
2,30.032,24576,64
2,30.039,24576,64
2,30.042,24576,64
2,30.026,24576,64
2,30.024,24576,64
2,30.065,24576,64
2,30.065,24576,64
2,30.228,24576,64
2,30.228,24576,64
2,30.08,24576,64
2,30.08,24576,64
2,30.042,24576,64
2,30.042,24576,64
2,30.023,24576,64
2,30.023,24576,64
2,30.022,24576,64
2,30.022,24576,64
2,30.033,24576,64
2,30.033,24576,64
2,30.049,24576,64
2,30.049,24576,64
2,30.047,24576,64
2,30.047,24576,64
2,30.034,24576,64
2,30.034,24576,64
2,30.04,24576,64
2,30.022,24576,64
2,30.024,24576,64
2,30.024,24576,64
2,30.042,24576,64
2,30.026,24576,64
2,30.025,24576,64
2,30.025,24576,64
2,30.025,24576,64
2,30.025,24576,64
2,30.02,24576,64
2,30.02,24576,64
2,30.031,24576,64
2,30.031,24576,64
2,30.033,24576,64
2,30.033,24576,64
2,30.043,24576,64
2,30.043,24576,64
2,30.021,24576,64
2,30.021,24576,64
2,30.026,24576,64
2,30.009,24576,64
2,30.04,24576,64
2,30.04,24576,64
2,30.033,24576,64
2,30.033,24576,64
2,30.14,24576,64
2,30.036,24576,64
2,30.036,24576,64
2,30.124,24576,64
2,30.117,24576,64
2,30.117,24576,64
2,30.024,24576,64
2,30.024,24576,64
2,30.044,24576,64
2,30.044,24576,64
2,30.033,24576,64
2,30.033,24576,64
2,30.018,24576,64
2,30.018,24576,64
2,30.021,24576,64
2,30.021,24576,64
2,30.024,24576,64
2,30.024,24576,64
2,30.026,24576,64
2,30.026,24576,64
2,30.025,24576,64
2,30.025,24576,64
2,30.026,24576,64
2,30.026,24576,64
2,30.026,24576,64
2,30.026,24576,64
2,30.017,24576,64
2,30.017,24576,64
2,30.135,24576,64
2,30.135,24576,64
2,30.01,24576,64
2,30.01,24576,64
2,30.04,24576,64
2,30.04,24576,64
2,30.038,24576,64
2,30.038,24576,64
2,30.036,24576,64
2,30.036,24576,64
2,30.042,24576,64
2,30.027,24576,64
3,5.97,2048,2048
2,30.041,24576,64
2,30.041,24576,64
2,30.039,24576,64
2,30.023,24576,64
2,30.039,24576,64
2,30.039,24576,64
2,30.045,24576,64
2,30.045,24576,64
2,30.032,24576,64
2,30.016,24576,64
2,30.02,24576,64
2,30.02,24576,64
2,30.113,24576,64
2,30.113,24576,64
2,30.038,24576,64
2,30.038,24576,64
2,30.019,24576,64
2,30.019,24576,64
2,30.099,24576,64
2,30.084,24576,64
2,30.039,24576,64
2,30.024,24576,64
2,30.04,24576,64
2,30.025,24576,64
2,30.036,24576,64
2,30.036,24576,64
2,30.289,24576,64
2,30.289,24576,64
2,30.033,24576,64
2,30.017,24576,64
2,30.033,24576,64
2,30.018,24576,64
2,30.021,24576,64
2,30.021,24576,64
2,30.035,24576,64
2,30.035,24576,64
2,30.525,24576,64
2,30.525,24576,64
1,0.015,1024,64
1,0.015,1024,64
2,30.04,24576,64
2,30.04,24576,64
2,30.03,24576,64
2,30.03,24576,64
2,30.027,24576,64
2,30.011,24576,64
2,30.046,24576,64
2,30.046,24576,64
2,30.015,24576,64
2,30.015,24576,64
2,30.018,24576,64
2,30.018,24576,64
2,30.015,24576,64
2,30.034,24576,64
2,30.022,24576,64
2,30.022,24576,64
2,30.033,24576,64
2,30.033,24576,64
2,30.028,24576,64
2,30.028,24576,64
2,30.044,24576,64
2,30.044,24576,64
2,30.054,24576,64
2,30.054,24576,64
2,30.037,24576,64
2,30.037,24576,64
2,30.021,24576,64
2,30.021,24576,64
2,30.058,24576,64
2,30.058,24576,64
2,30.04,24576,64
2,30.025,24576,64
2,30.025,24576,64
2,30.025,24576,64
2,30.026,24576,64
2,30.026,24576,64
2,30.019,24576,64
2,30.019,24576,64
2,30.018,24576,64
2,30.018,24576,64
2,30.097,24576,64
2,30.097,24576,64
2,30.103,24576,64
2,30.103,24576,64
2,30.021,24576,64
2,30.021,24576,64
2,30.03,24576,64
2,30.03,24576,64
2,30.022,24576,64
2,30.022,24576,64
2,30.037,24576,64
2,30.037,24576,64
2,30.044,24576,64
2,30.029,24576,64
2,30.028,24576,64
2,30.028,24576,64
2,30.241,24576,64
2,30.228,24576,64
2,30.02,24576,64
2,30.02,24576,64
2,30.035,24576,64
2,30.035,24576,64
3,5.534,2048,2048
2,30.031,24576,64
2,30.031,24576,64
2,30.022,24576,64
2,30.022,24576,64
2,30.036,24576,64
2,30.021,24576,64
2,30.044,24576,64
2,30.044,24576,64
2,30.015,24576,64
2,30.015,24576,64
2,30.023,24576,64
2,30.007,24576,64
2,30.046,24576,64
2,30.054,24576,64
2,30.054,24576,64
2,30.031,24576,64
2,30.357,24576,64
2,30.357,24576,64
2,30.016,24576,64
2,30.016,24576,64
2,30.053,24576,64
2,30.053,24576,64
2,30.025,24576,64
2,30.025,24576,64
2,30.046,24576,64
2,30.046,24576,64
2,30.036,24576,64
2,30.036,24576,64
2,30.036,24576,64
2,30.036,24576,64
2,30.036,24576,64
2,30.005,24576,64
2,30.032,24576,64
2,30.032,24576,64
2,30.052,24576,64
2,30.052,24576,64
2,30.048,24576,64
2,30.048,24576,64
2,30.025,24576,64
2,30.025,24576,64
2,30.014,24576,64
2,30.014,24576,64
2,30.035,24576,64
2,30.035,24576,64
2,30.028,24576,64
2,30.028,24576,64
2,30.034,24576,64
2,30.034,24576,64
2,30.063,24576,64
2,30.063,24576,64
2,30.114,24576,64
2,30.114,24576,64
2,30.037,24576,64
2,30.037,24576,64
2,30.04,24576,64
2,30.04,24576,64
2,30.267,24576,64
2,30.267,24576,64
2,30.114,24576,64
2,30.114,24576,64
2,30.033,24576,64
2,30.033,24576,64
2,30.034,24576,64
2,30.034,24576,64
2,30.029,24576,64
2,30.029,24576,64
2,30.473,24576,64
2,30.473,24576,64
2,30.054,24576,64
2,30.054,24576,64
2,30.111,24576,64
2,30.095,24576,64
2,30.115,24576,64
2,30.115,24576,64
2,30.021,24576,64
2,30.021,24576,64
2,30.052,24576,64
2,30.02,24576,64
2,30.126,24576,64
2,30.126,24576,64
2,30.04,24576,64
2,30.04,24576,64
2,30.024,24576,64
2,30.024,24576,64
2,30.032,24576,64
2,30.017,24576,64
2,30.048,24576,64
2,30.048,24576,64
2,30.044,24576,64
2,30.044,24576,64
2,30.037,24576,64
2,30.037,24576,64
2,30.029,24576,64
2,30.029,24576,64
2,30.016,24576,64
2,30.016,24576,64
2,30.043,24576,64
2,30.092,24576,64
2,30.032,24576,64
2,30.032,24576,64
2,30.032,24576,64
2,30.032,24576,64
2,30.032,24576,64
2,30.032,24576,64
2,30.012,24576,64
2,30.012,24576,64
2,30.042,24576,64
2,30.042,24576,64
2,30.016,24576,64
2,30.016,24576,64
2,30.032,24576,64
2,30.032,24576,64
1,0.446,1024,64
2,30.078,24576,64
2,30.078,24576,64
2,30.049,24576,64
2,30.033,24576,64
2,30.045,24576,64
2,30.029,24576,64
2,30.033,24576,64
2,30.033,24576,64
2,30.035,24576,64
2,30.035,24576,64
1,0.016,1024,64
2,30.066,24576,64
2,30.051,24576,64
2,30.189,24576,64
2,30.189,24576,64
2,30.08,24576,64
2,30.08,24576,64
1,0.015,1024,64
2,30.031,24576,64
2,30.031,24576,64
1,0.012,1024,64
1,0.016,1024,64
1,0.013,1024,64
1,0.014,1024,64
1,0.014,1024,64
2,30.034,24576,64
2,30.034,24576,64
1,0.014,1024,64
2,30.041,24576,64
2,30.041,24576,64
2,30.036,24576,64
2,30.036,24576,64
2,30.026,24576,64
2,30.026,24576,64
1,0.012,1024,64
2,30.019,24576,64
2,30.019,24576,64
1,0.016,1024,64
1,0.011,1024,64
2,30.035,24576,64
2,30.035,24576,64
2,30.105,24576,64
2,30.105,24576,64
1,0.012,1024,64
2,30.031,24576,64
2,30.031,24576,64
2,30.015,24576,64
2,30.015,24576,64
1,0.013,1024,64
2,30.045,24576,64
2,30.045,24576,64
1,0.012,1024,64
1,0.012,1024,64
2,30.049,24576,64
2,30.049,24576,64
2,30.03,24576,64
2,30.03,24576,64
2,30.034,24576,64
2,30.034,24576,64
2,30.017,24576,64
2,30.032,24576,64
2,30.044,24576,64
2,30.044,24576,64
2,30.037,24576,64
2,30.037,24576,64
2,30.049,24576,64
2,30.049,24576,64
2,30.09,24576,64
2,30.074,24576,64
2,30.087,24576,64
2,30.087,24576,64
2,30.039,24576,64
2,30.024,24576,64
2,30.032,24576,64
2,30.032,24576,64
2,30.047,24576,64
2,30.047,24576,64
2,30.032,24576,64
2,30.032,24576,64
2,30.033,24576,64
2,30.033,24576,64
2,30.082,24576,64
2,30.082,24576,64
2,30.025,24576,64
2,30.025,24576,64
2,30.05,24576,64
2,30.05,24576,64
2,30.032,24576,64
2,30.032,24576,64
2,30.057,24576,64
2,30.042,24576,64
2,30.042,24576,64
2,30.042,24576,64
2,30.024,24576,64
2,30.024,24576,64
2,30.021,24576,64
2,30.021,24576,64
2,30.042,24576,64
2,30.042,24576,64
2,30.025,24576,64
2,30.025,24576,64
2,30.019,24576,64
2,30.019,24576,64
2,30.103,24576,64
2,30.087,24576,64
2,30.037,24576,64
2,30.037,24576,64
2,30.028,24576,64
2,30.028,24576,64
2,30.043,24576,64
2,30.043,24576,64
2,30.026,24576,64
2,30.026,24576,64
2,30.028,24576,64
2,30.028,24576,64
2,30.054,24576,64
2,30.054,24576,64
2,30.024,24576,64
2,30.009,24576,64
2,30.032,24576,64
2,30.032,24576,64
2,30.037,24576,64
2,30.037,24576,64
2,30.025,24576,64
2,30.025,24576,64
2,30.023,24576,64
2,30.023,24576,64
2,30.036,24576,64
2,30.036,24576,64
2,30.036,24576,64
2,30.036,24576,64
2,30.028,24576,64
2,30.028,24576,64
2,30.045,24576,64
2,30.029,24576,64
2,30.039,24576,64
2,30.039,24576,64
2,30.036,24576,64
2,30.036,24576,64
2,30.041,24576,64
2,30.041,24576,64
2,30.032,24576,64
2,30.032,24576,64
2,30.038,24576,64
2,30.038,24576,64
2,30.038,24576,64
2,30.038,24576,64
2,30.032,24576,64
2,30.032,24576,64
2,30.063,24576,64
2,30.063,24576,64
2,30.036,24576,64
2,30.036,24576,64
2,30.025,24576,64
2,30.025,24576,64
2,30.029,24576,64
2,30.029,24576,64
2,30.027,24576,64
2,30.027,24576,64
2,30.036,24576,64
2,30.036,24576,64
2,30.025,24576,64
2,30.025,24576,64
2,30.026,24576,64
2,30.026,24576,64
2,30.03,24576,64
2,30.03,24576,64
2,30.354,24576,64
2,30.342,24576,64
2,30.02,24576,64
2,30.02,24576,64
2,30.026,24576,64
2,30.026,24576,64
2,30.053,24576,64
2,30.053,24576,64
2,30.036,24576,64
2,30.036,24576,64
2,30.029,24576,64
2,30.029,24576,64
2,30.021,24576,64
2,30.021,24576,64
2,30.037,24576,64
2,30.037,24576,64
2,30.032,24576,64
2,30.032,24576,64
2,30.018,24576,64
2,30.018,24576,64
2,30.027,24576,64
2,30.027,24576,64
2,30.052,24576,64
2,30.037,24576,64
2,30.032,24576,64
2,30.032,24576,64
2,30.026,24576,64
2,30.026,24576,64
2,30.027,24576,64
2,30.027,24576,64
2,30.034,24576,64
2,30.034,24576,64
2,30.04,24576,64
2,30.04,24576,64
2,30.131,24576,64
2,30.131,24576,64
2,30.027,24576,64
2,30.027,24576,64
2,30.032,24576,64
2,30.032,24576,64
2,30.036,24576,64
2,30.036,24576,64
2,30.027,24576,64
2,30.027,24576,64
2,30.045,24576,64
2,30.029,24576,64
2,30.038,24576,64
2,30.038,24576,64
2,41.017,24576,64
2,41.186,24576,64
2,41.186,24576,64
2,41.186,24576,64
2,41.186,24576,64
2,40.83,24576,64
2,41.158,24576,64
2,41.158,24576,64
2,41.158,24576,64
2,41.158,24576,64
2,40.924,24576,64
2,40.941,24576,64
2,40.941,24576,64
2,40.941,24576,64
2,30.019,24576,64
2,30.019,24576,64
2,30.264,24576,64
2,30.264,24576,64
2,30.039,24576,64
2,30.039,24576,64
2,30.045,24576,64
2,30.045,24576,64
2,30.012,24576,64
2,30.012,24576,64
2,45.958,24576,64
2,46.114,24576,64
2,30.034,24576,64
2,30.034,24576,64
2,46.349,24576,64
2,46.349,24576,64
2,46.333,24576,64
2,46.083,24576,64
2,46.114,24576,64
2,46.02,24576,64
2,30.042,24576,64
2,30.026,24576,64
2,30.033,24576,64
2,30.033,24576,64
2,45.974,24576,64
2,46.052,24576,64
2,46.302,24576,64
2,46.286,24576,64
2,46.286,24576,64
2,46.036,24576,64
2,45.739,24576,64
2,30.017,24576,64
2,30.017,24576,64
2,30.036,24576,64
2,30.036,24576,64
2,30.057,24576,64
2,30.057,24576,64
2,30.035,24576,64
2,30.035,24576,64
2,30.035,24576,64
2,30.035,24576,64
2,30.049,24576,64
2,30.049,24576,64
2,41.901,24576,64
2,30.169,24576,64
2,30.387,24576,64
2,30.046,24576,64
2,30.046,24576,64
2,30.033,24576,64
2,30.033,24576,64
2,30.101,24576,64
2,30.085,24576,64
2,30.055,24576,64
2,30.055,24576,64
2,30.027,24576,64
2,30.027,24576,64
2,30.027,24576,64
2,30.027,24576,64
2,30.027,24576,64
2,30.027,24576,64
2,30.035,24576,64
2,30.035,24576,64
2,30.048,24576,64
2,30.048,24576,64
2,30.028,24576,64
2,30.028,24576,64
2,30.022,24576,64
2,30.022,24576,64
2,31.976,24576,64
2,31.976,24576,64
2,30.042,24576,64
2,30.042,24576,64
2,30.022,24576,64
2,30.022,24576,64
2,30.045,24576,64
2,30.045,24576,64
2,30.025,24576,64
2,30.025,24576,64
2,30.823,24576,64
2,30.823,24576,64
2,30.027,24576,64
2,30.027,24576,64
2,30.053,24576,64
2,30.053,24576,64
2,30.016,24576,64
2,30.016,24576,64
2,40.371,24576,64
2,40.371,24576,64
2,40.324,24576,64
2,40.089,24576,64
2,40.23,24576,64
2,40.23,24576,64
2,30.037,24576,64
2,30.037,24576,64
2,40.011,24576,64
2,40.011,24576,64
2,38.529,24576,64
2,38.406,24576,64
2,38.406,24576,64
2,38.437,24576,64
2,38.515,24576,64
2,38.468,24576,64
2,38.375,24576,64
2,38.281,24576,64
2,38.39,24576,64
2,38.421,24576,64
2,38.481,24576,64
2,38.434,24576,64
2,30.034,24576,64
2,30.034,24576,64
1,0.015,1024,64
2,46.162,24576,64
2,46.185,24576,64
2,46.185,24576,64
2,46.315,24576,64
2,46.221,24576,64
2,46.346,24576,64
2,46.299,24576,64
2,46.549,24576,64
2,46.252,24576,64
2,46.035,24576,64
2,46.191,24576,64
2,46.144,24576,64
2,46.144,24576,64
2,46.269,24576,64
2,46.222,24576,64
2,46.301,24576,64
2,46.504,24576,64
2,46.269,24576,64
2,41.441,24576,64
2,41.519,24576,64
2,41.519,24576,64
2,41.333,24576,64
2,41.489,24576,64
2,41.489,24576,64
2,30.032,24576,64
2,30.016,24576,64
2,30.049,24576,64
2,30.07,24576,64
2,30.07,24576,64
2,30.033,24576,64
2,30.02,24576,64
2,30.02,24576,64
2,30.063,24576,64
2,30.063,24576,64
2,30.034,24576,64
2,30.034,24576,64
3,9.111,4096,4096
2,30.048,24576,64
2,30.048,24576,64
2,30.029,24576,64
2,30.029,24576,64
2,38.002,24576,64
2,37.936,24576,64
2,37.951,24576,64
2,37.971,24576,64
2,37.844,24576,64
2,37.922,24576,64
2,30.033,24576,64
2,30.033,24576,64
2,30.021,24576,64
2,30.021,24576,64
2,38.367,24576,64
2,38.256,24576,64
2,38.18,24576,64
2,38.336,24576,64
2,38.289,24576,64
2,38.208,24576,64
2,30.041,24576,64
2,30.027,24576,64
2,30.027,24576,64
2,30.025,24576,64
2,30.046,24576,64
2,30.046,24576,64
2,30.068,24576,64
2,30.068,24576,64
2,37.315,24576,64
2,37.349,24576,64
2,37.365,24576,64
2,37.38,24576,64
2,37.333,24576,64
2,37.333,24576,64
2,37.24,24576,64
2,37.318,24576,64
2,37.334,24576,64
2,37.302,24576,64
2,37.302,24576,64
2,37.332,24576,64
2,30.04,24576,64
2,30.04,24576,64
3,12.857,4096,4096
3,12.729,4096,4096
2,30.021,24576,64
2,30.021,24576,64
3,12.794,4096,4096
3,12.653,4096,4096
2,30.047,24576,64
2,30.032,24576,64
2,30.08,24576,64
2,30.08,24576,64
2,30.035,24576,64
2,30.035,24576,64
2,30.032,24576,64
2,30.017,24576,64
2,30.048,24576,64
2,30.048,24576,64
2,30.022,24576,64
2,30.022,24576,64
2,30.037,24576,64
2,30.037,24576,64
2,30.085,24576,64
2,30.085,24576,64
2,30.05,24576,64
2,30.05,24576,64
2,30.032,24576,64
2,30.032,24576,64
2,30.025,24576,64
2,30.025,24576,64
2,30.035,24576,64
2,30.035,24576,64
2,30.034,24576,64
2,30.018,24576,64
2,30.038,24576,64
2,30.038,24576,64
2,30.03,24576,64
2,30.03,24576,64
2,30.016,24576,64
2,30.016,24576,64
2,30.026,24576,64
2,30.026,24576,64
2,30.031,24576,64
2,30.031,24576,64
2,30.037,24576,64
2,30.037,24576,64
2,30.032,24576,64
2,30.016,24576,64
2,30.036,24576,64
2,30.036,24576,64
2,30.065,24576,64
2,30.049,24576,64
2,30.033,24576,64
2,30.033,24576,64
2,30.025,24576,64
2,30.025,24576,64
2,30.046,24576,64
2,30.061,24576,64
2,30.03,24576,64
2,30.03,24576,64
2,30.103,24576,64
2,30.103,24576,64
2,30.056,24576,64
2,30.041,24576,64
2,30.036,24576,64
2,30.025,24576,64
2,30.025,24576,64
2,30.021,24576,64
2,30.052,24576,64
2,30.052,24576,64
2,30.053,24576,64
2,30.055,24576,64
2,30.034,24576,64
2,30.039,24576,64
2,30.023,24576,64
2,30.023,24576,64
2,44.341,24576,64
2,44.276,24576,64
2,30.034,24576,64
2,30.034,24576,64
2,44.294,24576,64
2,44.187,24576,64
2,30.043,24576,64
2,30.043,24576,64
2,30.011,24576,64
2,30.011,24576,64
2,30.043,24576,64
2,30.027,24576,64
2,30.028,24576,64
2,30.028,24576,64
2,30.051,24576,64
2,30.051,24576,64
2,30.04,24576,64
2,30.04,24576,64
2,30.026,24576,64
2,30.026,24576,64
2,30.033,24576,64
2,30.033,24576,64
2,30.033,24576,64
2,30.033,24576,64
2,30.053,24576,64
2,30.053,24576,64
2,30.055,24576,64
2,30.055,24576,64
2,30.021,24576,64
2,30.021,24576,64
2,30.032,24576,64
2,30.032,24576,64
2,30.029,24576,64
2,30.014,24576,64
2,30.028,24576,64
2,30.028,24576,64
2,30.046,24576,64
2,30.046,24576,64
1,0.031,1024,64
1,0.048,1024,64
2,30.024,24576,64
2,30.024,24576,64
2,30.078,24576,64
2,30.078,24576,64
2,30.018,24576,64
2,30.018,24576,64
2,30.129,24576,64
2,30.129,24576,64
2,30.044,24576,64
2,30.044,24576,64
2,30.026,24576,64
2,30.026,24576,64
2,30.025,24576,64
2,30.025,24576,64
2,30.021,24576,64
2,30.021,24576,64
2,30.348,24576,64
2,30.031,24576,64
2,30.296,24576,64
2,30.015,24576,64
2,30.03,24576,64
2,30.03,24576,64
2,30.022,24576,64
2,30.022,24576,64
2,30.096,24576,64
2,30.096,24576,64
2,30.012,24576,64
2,30.012,24576,64
2,30.022,24576,64
2,30.022,24576,64
2,30.094,24576,64
2,30.094,24576,64
2,30.026,24576,64
2,30.026,24576,64
2,30.03,24576,64
2,30.03,24576,64
2,30.042,24576,64
2,30.026,24576,64
2,30.042,24576,64
2,30.026,24576,64
2,30.044,24576,64
2,30.044,24576,64
2,30.039,24576,64
2,30.039,24576,64
2,30.048,24576,64
2,30.048,24576,64
1,0.336,1024,64
2,30.052,24576,64
2,30.052,24576,64
2,30.016,24576,64
2,30.016,24576,64
2,30.03,24576,64
2,30.03,24576,64
2,30.027,24576,64
2,30.027,24576,64
2,30.025,24576,64
2,30.025,24576,64
2,30.035,24576,64
2,30.035,24576,64
2,30.042,24576,64
2,30.026,24576,64
2,30.027,24576,64
2,30.027,24576,64
2,30.035,24576,64
2,30.035,24576,64
2,30.07,24576,64
2,30.07,24576,64
2,30.03,24576,64
2,30.03,24576,64
2,30.028,24576,64
2,30.028,24576,64
2,30.026,24576,64
2,30.026,24576,64
2,30.058,24576,64
2,30.058,24576,64
2,30.032,24576,64
2,30.032,24576,64
2,30.024,24576,64
2,30.024,24576,64
2,30.029,24576,64
2,30.029,24576,64
2,30.05,24576,64
2,30.035,24576,64
2,30.037,24576,64
2,30.037,24576,64
2,30.023,24576,64
2,30.023,24576,64
2,30.037,24576,64
2,30.037,24576,64
2,30.051,24576,64
2,30.035,24576,64
2,30.099,24576,64
2,30.099,24576,64
2,30.059,24576,64
2,30.059,24576,64
2,30.028,24576,64
2,30.028,24576,64
2,30.032,24576,64
2,30.032,24576,64
2,30.07,24576,64
2,30.055,24576,64
2,30.031,24576,64
2,30.031,24576,64
2,30.05,24576,64
2,30.05,24576,64
2,30.059,24576,64
2,30.074,24576,64
2,30.047,24576,64
2,30.047,24576,64
2,30.027,24576,64
2,30.027,24576,64
2,30.044,24576,64
2,30.044,24576,64
2,30.034,24576,64
2,30.034,24576,64
2,30.028,24576,64
2,30.028,24576,64
2,30.021,24576,64
2,30.021,24576,64
2,30.039,24576,64
2,30.024,24576,64
2,30.036,24576,64
2,30.036,24576,64
2,30.035,24576,64
2,30.035,24576,64
2,30.04,24576,64
2,30.04,24576,64
2,30.04,24576,64
2,30.04,24576,64
2,30.031,24576,64
2,30.031,24576,64
2,30.031,24576,64
2,30.031,24576,64
2,30.057,24576,64
2,30.057,24576,64
2,30.03,24576,64
2,30.03,24576,64
2,30.024,24576,64
2,30.024,24576,64
2,30.041,24576,64
2,30.041,24576,64
2,30.023,24576,64
2,30.023,24576,64
2,30.037,24576,64
2,30.037,24576,64
2,30.032,24576,64
2,30.032,24576,64
2,30.026,24576,64
2,30.011,24576,64
2,30.032,24576,64
2,30.032,24576,64
2,30.032,24576,64
2,30.032,24576,64
2,30.06,24576,64
2,30.044,24576,64
2,30.027,24576,64
2,30.027,24576,64
2,30.055,24576,64
2,30.055,24576,64
2,30.044,24576,64
2,30.044,24576,64
2,30.195,24576,64
2,30.102,24576,64
2,30.032,24576,64
2,30.032,24576,64
2,30.053,24576,64
2,30.053,24576,64
2,30.04,24576,64
2,30.024,24576,64
2,30.02,24576,64
2,30.02,24576,64
2,30.032,24576,64
2,30.032,24576,64
2,30.061,24576,64
2,30.061,24576,64
2,30.045,24576,64
2,30.045,24576,64
2,30.052,24576,64
2,30.052,24576,64
2,30.056,24576,64
2,30.056,24576,64
2,30.025,24576,64
2,30.025,24576,64
2,30.034,24576,64
2,30.034,24576,64
2,30.069,24576,64
2,30.069,24576,64
2,30.029,24576,64
2,30.029,24576,64
2,30.033,24576,64
2,30.033,24576,64
2,30.038,24576,64
2,30.038,24576,64
2,30.029,24576,64
2,30.013,24576,64
2,30.024,24576,64
2,30.024,24576,64
2,30.096,24576,64
2,30.078,24576,64
2,30.035,24576,64
2,30.035,24576,64
2,30.029,24576,64
2,30.044,24576,64
2,30.034,24576,64
2,30.034,24576,64
2,30.04,24576,64
2,30.04,24576,64
2,30.04,24576,64
2,30.04,24576,64
2,30.056,24576,64
2,30.056,24576,64
2,30.028,24576,64
2,30.028,24576,64
2,30.038,24576,64
2,30.038,24576,64
2,30.058,24576,64
2,30.058,24576,64
2,30.027,24576,64
2,30.012,24576,64
2,30.033,24576,64
2,30.033,24576,64
2,30.046,24576,64
2,30.046,24576,64
2,30.039,24576,64
2,30.039,24576,64
2,30.085,24576,64
2,30.1,24576,64
2,30.067,24576,64
2,30.067,24576,64
2,30.045,24576,64
2,30.045,24576,64
2,30.042,24576,64
2,30.042,24576,64
2,30.033,24576,64
2,30.033,24576,64
2,30.027,24576,64
2,30.027,24576,64
2,30.044,24576,64
2,30.044,24576,64
2,30.045,24576,64
2,30.045,24576,64
2,30.063,24576,64
2,30.063,24576,64
2,30.033,24576,64
2,30.033,24576,64
2,30.022,24576,64
2,30.022,24576,64
2,30.053,24576,64
2,30.053,24576,64
2,30.044,24576,64
2,30.044,24576,64
2,30.039,24576,64
2,30.039,24576,64
2,30.079,24576,64
2,30.079,24576,64
2,30.043,24576,64
2,30.043,24576,64
2,30.021,24576,64
2,30.021,24576,64
2,30.251,24576,64
2,30.235,24576,64
1,0.093,1024,64
1,0.046,1024,64
2,30.027,24576,64
2,30.027,24576,64
2,30.027,24576,64
2,30.027,24576,64
2,30.028,24576,64
2,30.028,24576,64
2,30.068,24576,64
2,30.068,24576,64
2,30.037,24576,64
2,30.037,24576,64
2,30.047,24576,64
2,30.047,24576,64
2,30.024,24576,64
2,30.024,24576,64
2,30.048,24576,64
2,30.032,24576,64
2,30.05,24576,64
2,30.025,24576,64
2,30.025,24576,64
2,30.035,24576,64
2,30.025,24576,64
2,30.025,24576,64
2,30.028,24576,64
2,30.028,24576,64
2,30.018,24576,64
2,30.018,24576,64
2,30.019,24576,64
2,30.019,24576,64
2,30.08,24576,64
2,30.08,24576,64
2,30.069,24576,64
2,30.069,24576,64
2,30.096,24576,64
2,30.096,24576,64
2,30.043,24576,64
2,30.043,24576,64
2,30.028,24576,64
2,30.028,24576,64
2,30.026,24576,64
2,30.026,24576,64
2,30.025,24576,64
2,30.025,24576,64
2,30.06,24576,64
2,30.06,24576,64
2,30.042,24576,64
2,30.042,24576,64
2,30.036,24576,64
2,30.036,24576,64
2,30.029,24576,64
2,30.029,24576,64
2,30.045,24576,64
2,30.045,24576,64
2,30.028,24576,64
2,30.028,24576,64
2,30.021,24576,64
2,30.021,24576,64
2,30.035,24576,64
2,30.035,24576,64
2,30.026,24576,64
2,30.026,24576,64
2,30.041,24576,64
2,30.024,24576,64
2,30.029,24576,64
2,30.029,24576,64
2,30.034,24576,64
2,30.034,24576,64
2,30.03,24576,64
2,30.018,24576,64
2,30.056,24576,64
2,30.056,24576,64
2,30.037,24576,64
2,30.037,24576,64
2,30.052,24576,64
2,30.052,24576,64
2,30.03,24576,64
2,30.03,24576,64
2,30.039,24576,64
2,30.039,24576,64
2,30.045,24576,64
2,30.045,24576,64
2,30.055,24576,64
2,30.055,24576,64
2,30.041,24576,64
2,30.056,24576,64
2,30.018,24576,64
2,30.018,24576,64
2,30.064,24576,64
2,30.064,24576,64
2,30.024,24576,64
2,30.024,24576,64
2,30.074,24576,64
2,30.074,24576,64
2,30.133,24576,64
2,30.133,24576,64
2,30.035,24576,64
2,30.035,24576,64
2,30.055,24576,64
2,30.055,24576,64
2,30.023,24576,64
2,30.023,24576,64
2,30.016,24576,64
2,30.016,24576,64
2,30.021,24576,64
2,30.021,24576,64
2,30.035,24576,64
2,30.035,24576,64
2,30.038,24576,64
2,30.038,24576,64
2,30.029,24576,64
2,30.029,24576,64
2,30.044,24576,64
2,30.026,24576,64
2,30.048,24576,64
2,30.048,24576,64
2,30.036,24576,64
2,30.036,24576,64
2,30.042,24576,64
2,30.042,24576,64
2,30.044,24576,64
2,30.044,24576,64
2,30.052,24576,64
2,30.052,24576,64
2,30.033,24576,64
2,30.033,24576,64
2,30.032,24576,64
2,30.032,24576,64
2,30.033,24576,64
2,30.033,24576,64
2,30.03,24576,64
2,30.03,24576,64
2,30.033,24576,64
2,30.033,24576,64
2,30.12,24576,64
2,30.026,24576,64
2,30.095,24576,64
2,30.11,24576,64
2,30.034,24576,64
2,30.034,24576,64
2,30.037,24576,64
2,30.037,24576,64
2,30.019,24576,64
2,30.019,24576,64
2,30.031,24576,64
2,30.031,24576,64
2,30.031,24576,64
2,30.031,24576,64
2,30.047,24576,64
2,30.047,24576,64
2,30.03,24576,64
2,30.125,24576,64
2,30.125,24576,64
2,30.015,24576,64
2,30.024,24576,64
2,30.024,24576,64
2,30.018,24576,64
2,30.018,24576,64
2,30.037,24576,64
2,30.037,24576,64
2,30.021,24576,64
2,30.021,24576,64
2,35.372,24576,64
2,35.387,24576,64
2,35.247,24576,64
2,35.309,24576,64
2,30.027,24576,64
2,30.027,24576,64
2,30.036,24576,64
2,30.036,24576,64
2,30.057,24576,64
2,30.057,24576,64
2,30.047,24576,64
2,30.047,24576,64
2,30.037,24576,64
2,30.037,24576,64
2,30.046,24576,64
2,30.046,24576,64
2,30.048,24576,64
2,30.048,24576,64
2,30.031,24576,64
2,30.031,24576,64
2,30.027,24576,64
2,30.027,24576,64
2,30.063,24576,64
2,30.021,24576,64
2,30.021,24576,64
2,30.045,24576,64
2,30.032,24576,64
2,30.016,24576,64
2,30.053,24576,64
2,30.053,24576,64
2,30.03,24576,64
2,30.03,24576,64
2,30.037,24576,64
2,30.037,24576,64
2,30.041,24576,64
2,30.041,24576,64
2,30.019,24576,64
2,30.019,24576,64
2,30.039,24576,64
2,30.039,24576,64
2,30.05,24576,64
2,30.034,24576,64
2,30.05,24576,64
2,30.032,24576,64
2,30.023,24576,64
2,30.008,24576,64
2,30.033,24576,64
2,30.033,24576,64
2,30.017,24576,64
2,30.017,24576,64
2,30.039,24576,64
2,30.039,24576,64
2,30.021,24576,64
2,30.021,24576,64
2,30.053,24576,64
2,30.037,24576,64
2,30.022,24576,64
2,30.022,24576,64
2,30.037,24576,64
2,30.037,24576,64
2,30.041,24576,64
2,30.041,24576,64
2,30.109,24576,64
2,30.089,24576,64
2,30.033,24576,64
2,30.033,24576,64
2,30.02,24576,64
2,30.02,24576,64
2,30.037,24576,64
2,30.037,24576,64
2,30.032,24576,64
2,30.032,24576,64
2,30.02,24576,64
2,30.02,24576,64
2,30.05,24576,64
2,30.05,24576,64
2,30.024,24576,64
2,30.024,24576,64
2,30.032,24576,64
2,30.017,24576,64
2,30.058,24576,64
2,30.042,24576,64
2,30.053,24576,64
2,30.039,24576,64
2,30.621,24576,64
2,30.024,24576,64
2,30.606,24576,64
2,30.018,24576,64
2,30.637,24576,64
2,30.637,24576,64
2,30.746,24576,64
2,30.715,24576,64
2,30.053,24576,64
2,30.053,24576,64
2,30.055,24576,64
2,30.055,24576,64
2,30.055,24576,64
2,30.055,24576,64
2,30.356,24576,64
2,30.34,24576,64
2,30.512,24576,64
2,30.512,24576,64
2,30.047,24576,64
2,30.047,24576,64
2,30.034,24576,64
2,30.034,24576,64
2,30.032,24576,64
2,30.032,24576,64
2,30.036,24576,64
2,30.036,24576,64
2,30.049,24576,64
2,30.049,24576,64
2,30.023,24576,64
2,30.023,24576,64
2,30.076,24576,64
2,30.076,24576,64
2,30.085,24576,64
2,30.085,24576,64
2,30.025,24576,64
2,30.025,24576,64
2,30.029,24576,64
2,30.029,24576,64
2,30.054,24576,64
2,30.054,24576,64
2,30.024,24576,64
2,30.041,24576,64
2,30.028,24576,64
2,30.028,24576,64
2,30.031,24576,64
2,30.031,24576,64
2,30.038,24576,64
2,30.038,24576,64
2,30.042,24576,64
2,30.042,24576,64
2,30.023,24576,64
2,30.023,24576,64
2,30.056,24576,64
2,30.056,24576,64
2,30.022,24576,64
2,30.022,24576,64
2,30.028,24576,64
2,30.028,24576,64
2,30.031,24576,64
2,30.031,24576,64
2,30.04,24576,64
2,30.04,24576,64
2,30.028,24576,64
2,30.028,24576,64
2,30.057,24576,64
2,30.057,24576,64
2,30.034,24576,64
2,30.034,24576,64
2,30.016,24576,64
2,30.016,24576,64
2,30.034,24576,64
2,30.033,24576,64
2,30.033,24576,64
2,30.018,24576,64
2,30.057,24576,64
2,30.033,24576,64
2,30.033,24576,64
2,30.026,24576,64
2,30.017,24576,64
2,30.017,24576,64
2,30.17,24576,64
2,30.17,24576,64
2,30.027,24576,64
2,30.027,24576,64
2,30.05,24576,64
2,30.034,24576,64
2,30.036,24576,64
2,30.036,24576,64
2,30.017,24576,64
2,30.017,24576,64
2,30.097,24576,64
2,30.097,24576,64
2,30.033,24576,64
2,30.033,24576,64
2,30.049,24576,64
2,30.033,24576,64
2,30.036,24576,64
2,30.036,24576,64
2,30.054,24576,64
2,30.054,24576,64
2,30.048,24576,64
2,30.048,24576,64
2,30.037,24576,64
2,30.022,24576,64
2,30.034,24576,64
2,30.034,24576,64
2,30.043,24576,64
2,30.043,24576,64
2,30.075,24576,64
2,30.09,24576,64
2,30.073,24576,64
2,30.073,24576,64
2,30.052,24576,64
2,30.052,24576,64
2,30.026,24576,64
2,30.026,24576,64
2,30.037,24576,64
2,30.037,24576,64
2,30.026,24576,64
2,30.026,24576,64
2,30.089,24576,64
2,30.073,24576,64
2,30.022,24576,64
2,30.022,24576,64
2,30.037,24576,64
2,30.037,24576,64
2,30.022,24576,64
2,30.022,24576,64
2,30.021,24576,64
2,30.021,24576,64
2,30.07,24576,64
2,30.055,24576,64
2,30.042,24576,64
2,30.042,24576,64
2,30.062,24576,64
2,30.062,24576,64
2,30.03,24576,64
2,30.03,24576,64
2,30.036,24576,64
2,30.036,24576,64
3,4.521,2048,2048
2,30.016,24576,64
2,30.016,24576,64
2,30.037,24576,64
2,30.037,24576,64
2,30.031,24576,64
2,30.031,24576,64
2,30.135,24576,64
2,30.105,24576,64
2,30.037,24576,64
2,30.021,24576,64
2,30.041,24576,64
2,30.041,24576,64
2,30.037,24576,64
2,30.037,24576,64
2,30.027,24576,64
2,30.027,24576,64
2,30.029,24576,64
2,30.029,24576,64
2,30.099,24576,64
2,30.099,24576,64
2,30.032,24576,64
2,30.032,24576,64
2,30.024,24576,64
2,30.024,24576,64
2,30.026,24576,64
2,30.026,24576,64
2,30.026,24576,64
2,30.026,24576,64
2,30.046,24576,64
2,30.046,24576,64
2,30.026,24576,64
2,30.026,24576,64
2,30.029,24576,64
2,30.029,24576,64
2,30.02,24576,64
2,30.02,24576,64
2,30.019,24576,64
2,30.019,24576,64
2,30.037,24576,64
2,30.037,24576,64
2,30.037,24576,64
2,30.037,24576,64
2,30.046,24576,64
2,30.046,24576,64
2,30.02,24576,64
2,30.02,24576,64
2,30.032,24576,64
2,30.032,24576,64
2,30.034,24576,64
2,30.049,24576,64
2,30.037,24576,64
2,30.037,24576,64
2,30.04,24576,64
2,30.04,24576,64
2,30.06,24576,64
2,30.06,24576,64
2,30.041,24576,64
2,30.025,24576,64
2,30.036,24576,64
2,30.036,24576,64
2,30.034,24576,64
2,30.034,24576,64
2,30.017,24576,64
2,30.017,24576,64
2,30.015,24576,64
2,30.015,24576,64
2,30.048,24576,64
2,30.048,24576,64
2,30.036,24576,64
2,30.036,24576,64
2,30.032,24576,64
2,30.032,24576,64
2,30.052,24576,64
2,30.052,24576,64
2,30.065,24576,64
2,30.065,24576,64
2,30.037,24576,64
2,30.037,24576,64
2,30.027,24576,64
2,30.027,24576,64
2,30.047,24576,64
2,30.047,24576,64
2,30.032,24576,64
2,30.032,24576,64
2,30.053,24576,64
2,30.053,24576,64
2,30.038,24576,64
2,30.038,24576,64
2,30.037,24576,64
2,30.037,24576,64
2,30.037,24576,64
2,30.052,24576,64
2,30.037,24576,64
2,30.037,24576,64
2,30.025,24576,64
2,30.025,24576,64
2,30.031,24576,64
2,30.031,24576,64
2,30.037,24576,64
2,30.037,24576,64
2,30.034,24576,64
2,30.046,24576,64
2,30.027,24576,64
2,30.027,24576,64
2,30.027,24576,64
2,30.011,24576,64
2,30.034,24576,64
2,30.034,24576,64
2,30.04,24576,64
2,30.04,24576,64
2,30.024,24576,64
2,30.024,24576,64
2,30.044,24576,64
2,30.029,24576,64
2,30.024,24576,64
2,30.024,24576,64
2,30.032,24576,64
2,30.032,24576,64
2,30.019,24576,64
2,30.019,24576,64
2,30.032,24576,64
2,30.032,24576,64
2,30.032,24576,64
2,30.032,24576,64
2,30.056,24576,64
2,30.022,24576,64
2,30.035,24576,64
2,30.027,24576,64
2,30.027,24576,64
2,30.02,24576,64
2,30.053,24576,64
2,30.053,24576,64
2,30.037,24576,64
2,30.037,24576,64
2,30.036,24576,64
2,30.036,24576,64
2,30.037,24576,64
2,30.037,24576,64
2,30.025,24576,64
2,30.025,24576,64
2,30.024,24576,64
2,30.024,24576,64
2,30.058,24576,64
2,30.058,24576,64
2,30.031,24576,64
2,30.031,24576,64
2,30.031,24576,64
2,30.031,24576,64
2,30.054,24576,64
2,30.069,24576,64
2,30.028,24576,64
2,30.028,24576,64
2,30.04,24576,64
2,30.04,24576,64
3,4.477,2048,2048
2,30.022,24576,64
2,30.022,24576,64
2,30.021,24576,64
2,30.021,24576,64
1,0.015,1024,64
1,0.015,1024,64
2,30.058,24576,64
2,30.058,24576,64
2,30.044,24576,64
2,30.044,24576,64
2,30.043,24576,64
2,30.043,24576,64
2,30.046,24576,64
2,30.046,24576,64
2,30.046,24576,64
2,30.031,24576,64
2,30.029,24576,64
2,30.029,24576,64
2,30.039,24576,64
2,30.021,24576,64
2,30.046,24576,64
2,30.046,24576,64
2,30.033,24576,64
2,30.033,24576,64
2,30.033,24576,64
2,30.033,24576,64
2,30.03,24576,64
2,30.03,24576,64
2,30.026,24576,64
2,30.026,24576,64
2,30.056,24576,64
2,30.04,24576,64
2,30.047,24576,64
2,30.047,24576,64
2,30.048,24576,64
2,30.048,24576,64
2,30.018,24576,64
2,30.018,24576,64
2,30.037,24576,64
2,30.021,24576,64
2,30.048,24576,64
2,30.048,24576,64
2,30.048,24576,64
2,30.048,24576,64
2,30.039,24576,64
2,30.039,24576,64
2,30.058,24576,64
2,30.039,24576,64
2,30.027,24576,64
2,30.027,24576,64
2,30.018,24576,64
2,30.018,24576,64
2,30.053,24576,64
2,30.053,24576,64
2,30.046,24576,64
2,30.046,24576,64
2,30.039,24576,64
2,30.039,24576,64
2,30.037,24576,64
2,30.022,24576,64
2,30.025,24576,64
2,30.025,24576,64
2,30.031,24576,64
2,30.031,24576,64
2,30.023,24576,64
2,30.023,24576,64
2,30.018,24576,64
2,30.018,24576,64
2,30.037,24576,64
2,30.037,24576,64
2,30.031,24576,64
2,30.031,24576,64
2,30.032,24576,64
2,30.032,24576,64
2,30.031,24576,64
2,30.031,24576,64
2,30.032,24576,64
2,30.032,24576,64
2,30.041,24576,64
2,30.041,24576,64
2,30.052,24576,64
2,30.052,24576,64
2,30.041,24576,64
2,30.041,24576,64
2,30.05,24576,64
2,30.05,24576,64
2,30.027,24576,64
2,30.027,24576,64
2,30.032,24576,64
2,30.016,24576,64
2,30.044,24576,64
2,30.028,24576,64
2,30.022,24576,64
2,30.022,24576,64
2,30.029,24576,64
2,30.029,24576,64
2,30.052,24576,64
2,30.052,24576,64
2,30.024,24576,64
2,30.024,24576,64
2,30.037,24576,64
2,30.037,24576,64
2,30.042,24576,64
2,30.042,24576,64
2,30.032,24576,64
2,30.032,24576,64
2,30.037,24576,64
2,30.037,24576,64
2,30.041,24576,64
2,30.025,24576,64
2,30.021,24576,64
2,30.021,24576,64
2,30.037,24576,64
2,30.037,24576,64
2,30.025,24576,64
2,30.025,24576,64
2,30.072,24576,64
2,30.057,24576,64
2,30.037,24576,64
2,30.037,24576,64
2,30.06,24576,64
2,30.06,24576,64
2,30.029,24576,64
2,30.029,24576,64
2,30.049,24576,64
2,30.049,24576,64
2,30.059,24576,64
2,30.059,24576,64
2,30.021,24576,64
2,30.021,24576,64
2,30.024,24576,64
2,30.024,24576,64
2,30.049,24576,64
2,30.049,24576,64
2,30.034,24576,64
2,30.034,24576,64
2,30.007,24576,64
2,30.007,24576,64
2,30.026,24576,64
2,30.026,24576,64
2,30.053,24576,64
2,30.053,24576,64
2,30.099,24576,64
2,30.099,24576,64
2,30.05,24576,64
2,30.05,24576,64
2,30.036,24576,64
2,30.036,24576,64
2,30.035,24576,64
2,30.035,24576,64
2,30.053,24576,64
2,30.053,24576,64
2,30.035,24576,64
2,30.035,24576,64
2,30.025,24576,64
2,30.025,24576,64
2,30.018,24576,64
2,30.018,24576,64
2,30.041,24576,64
2,30.041,24576,64
2,30.021,24576,64
2,30.021,24576,64
2,30.047,24576,64
2,30.047,24576,64
2,30.024,24576,64
2,30.024,24576,64
2,30.042,24576,64
2,30.042,24576,64
2,30.018,24576,64
2,30.018,24576,64
2,30.034,24576,64
2,30.034,24576,64
2,30.025,24576,64
2,30.025,24576,64
2,30.027,24576,64
2,30.027,24576,64
2,30.026,24576,64
2,30.026,24576,64
2,30.044,24576,64
2,30.028,24576,64
2,30.041,24576,64
2,30.041,24576,64
2,30.058,24576,64
2,30.058,24576,64
2,30.042,24576,64
2,30.026,24576,64
2,30.026,24576,64
2,30.026,24576,64
2,30.041,24576,64
2,30.041,24576,64
2,30.038,24576,64
2,30.038,24576,64
2,30.025,24576,64
2,30.025,24576,64
2,30.033,24576,64
2,30.033,24576,64
2,30.032,24576,64
2,30.032,24576,64
2,30.039,24576,64
2,30.023,24576,64
2,30.044,24576,64
2,30.044,24576,64
2,30.01,24576,64
2,30.01,24576,64
2,30.028,24576,64
2,30.028,24576,64
2,30.049,24576,64
2,30.049,24576,64
2,30.017,24576,64
2,30.017,24576,64
2,30.041,24576,64
2,30.041,24576,64
2,30.047,24576,64
2,30.047,24576,64
2,30.022,24576,64
2,30.022,24576,64
2,30.032,24576,64
2,30.032,24576,64
2,30.032,24576,64
2,30.032,24576,64
2,30.055,24576,64
2,30.055,24576,64
2,30.039,24576,64
2,30.039,24576,64
2,30.063,24576,64
2,30.063,24576,64
2,30.026,24576,64
2,30.026,24576,64
2,30.05,24576,64
2,30.05,24576,64
2,30.042,24576,64
2,30.026,24576,64
2,30.031,24576,64
2,30.031,24576,64
2,30.039,24576,64
2,30.039,24576,64
2,30.062,24576,64
2,30.062,24576,64
2,30.042,24576,64
2,30.042,24576,64
2,30.036,24576,64
2,30.036,24576,64
2,30.047,24576,64
2,30.031,24576,64
2,30.052,24576,64
2,30.052,24576,64
2,30.029,24576,64
2,30.029,24576,64
2,30.067,24576,64
2,30.067,24576,64
2,30.213,24576,64
2,30.022,24576,64
2,30.022,24576,64
2,30.047,24576,64
2,30.047,24576,64
2,30.087,24576,64
2,30.031,24576,64
2,30.031,24576,64
2,30.032,24576,64
2,30.032,24576,64
2,30.045,24576,64
2,30.029,24576,64
2,30.055,24576,64
2,30.055,24576,64
2,30.023,24576,64
2,30.023,24576,64
2,30.018,24576,64
2,30.018,24576,64
2,30.031,24576,64
2,30.031,24576,64
2,30.049,24576,64
2,30.049,24576,64
2,30.154,24576,64
2,30.154,24576,64
2,30.032,24576,64
2,30.032,24576,64
2,30.029,24576,64
2,30.029,24576,64
2,30.06,24576,64
2,30.06,24576,64
2,30.022,24576,64
2,30.022,24576,64
1,0.015,1024,64
1,0.015,1024,64
2,30.034,24576,64
2,30.034,24576,64
2,30.026,24576,64
2,30.026,24576,64
2,30.031,24576,64
2,30.031,24576,64
2,30.046,24576,64
2,30.031,24576,64
2,30.032,24576,64
2,30.032,24576,64
2,30.054,24576,64
2,30.054,24576,64
2,30.032,24576,64
2,30.032,24576,64
2,30.062,24576,64
2,30.062,24576,64
2,30.022,24576,64
2,30.022,24576,64
2,30.038,24576,64
2,30.038,24576,64
2,30.033,24576,64
2,30.033,24576,64
2,30.042,24576,64
2,30.042,24576,64
2,30.022,24576,64
2,30.022,24576,64
2,30.149,24576,64
2,30.149,24576,64
2,30.041,24576,64
2,30.041,24576,64
2,30.042,24576,64
2,30.042,24576,64
2,30.026,24576,64
2,30.026,24576,64
2,30.032,24576,64
2,30.032,24576,64
2,30.035,24576,64
2,30.035,24576,64
2,30.039,24576,64
2,30.039,24576,64
2,30.041,24576,64
2,30.041,24576,64
2,30.041,24576,64
2,30.026,24576,64
2,30.021,24576,64
2,30.021,24576,64
2,30.043,24576,64
2,30.043,24576,64
2,30.095,24576,64
2,30.042,24576,64
2,30.042,24576,64
2,30.048,24576,64
2,30.028,24576,64
2,30.028,24576,64
2,30.021,24576,64
2,30.021,24576,64
2,30.023,24576,64
2,30.023,24576,64
2,30.022,24576,64
2,30.022,24576,64
2,30.03,24576,64
2,30.03,24576,64
2,30.021,24576,64
2,30.021,24576,64
2,30.043,24576,64
2,30.043,24576,64
2,30.062,24576,64
2,30.062,24576,64
2,30.038,24576,64
2,30.038,24576,64
2,30.016,24576,64
2,30.016,24576,64
2,30.054,24576,64
2,30.054,24576,64
2,30.039,24576,64
2,30.023,24576,64
2,30.267,24576,64
2,30.267,24576,64
2,30.027,24576,64
2,30.027,24576,64
2,30.038,24576,64
2,30.038,24576,64
2,30.038,24576,64
2,30.023,24576,64
2,30.038,24576,64
2,30.023,24576,64
2,30.018,24576,64
2,30.018,24576,64
2,30.038,24576,64
2,30.022,24576,64
2,30.022,24576,64
2,30.022,24576,64
2,30.043,24576,64
2,30.043,24576,64
2,30.041,24576,64
2,30.041,24576,64
2,30.096,24576,64
2,30.096,24576,64
2,30.054,24576,64
2,30.054,24576,64
2,30.02,24576,64
2,30.035,24576,64
2,30.048,24576,64
2,30.063,24576,64
2,30.282,24576,64
2,30.282,24576,64
2,30.023,24576,64
2,30.023,24576,64
2,30.035,24576,64
2,30.035,24576,64
2,30.049,24576,64
2,30.033,24576,64
2,30.016,24576,64
2,30.016,24576,64
2,30.036,24576,64
2,30.02,24576,64
2,30.046,24576,64
2,30.046,24576,64
2,30.033,24576,64
2,30.033,24576,64
2,30.051,24576,64
2,30.051,24576,64
2,30.025,24576,64
2,30.025,24576,64
2,30.021,24576,64
2,30.021,24576,64
2,30.031,24576,64
2,30.031,24576,64
2,30.022,24576,64
2,30.022,24576,64
2,30.022,24576,64
2,30.022,24576,64
2,30.035,24576,64
2,30.035,24576,64
2,30.057,24576,64
2,30.057,24576,64
2,30.029,24576,64
2,30.029,24576,64
2,30.048,24576,64
2,30.048,24576,64
2,30.036,24576,64
2,30.036,24576,64
2,30.034,24576,64
2,30.034,24576,64
2,30.032,24576,64
2,30.016,24576,64
2,30.044,24576,64
2,30.028,24576,64
2,30.04,24576,64
2,30.04,24576,64
2,30.071,24576,64
2,30.071,24576,64
2,30.057,24576,64
2,30.057,24576,64
2,30.172,24576,64
2,30.172,24576,64
2,30.213,24576,64
2,30.213,24576,64
2,30.135,24576,64
2,30.135,24576,64
2,30.037,24576,64
2,30.037,24576,64
2,30.059,24576,64
2,30.059,24576,64
1,0.175,1024,64
1,0.531,1024,64
2,30.925,24576,64
1,0.515,1024,64
2,51.229,24576,64
1,1.775,2048,64
1,0.678,1024,64
2,30.043,24576,64
2,30.043,24576,64
1,1.542,2048,64
1,1.526,2048,64
2,30.031,24576,64
2,30.031,24576,64
2,30.038,24576,64
2,30.038,24576,64
2,30.086,24576,64
2,30.055,24576,64
2,30.049,24576,64
2,30.049,24576,64
2,30.052,24576,64
2,30.052,24576,64
2,30.033,24576,64
2,30.033,24576,64
2,30.054,24576,64
2,30.054,24576,64
2,30.019,24576,64
2,30.019,24576,64
2,30.038,24576,64
2,30.038,24576,64
2,30.032,24576,64
2,30.032,24576,64
2,30.028,24576,64
2,30.028,24576,64
2,30.044,24576,64
2,30.044,24576,64
2,30.028,24576,64
2,30.028,24576,64
2,30.031,24576,64
2,30.016,24576,64
2,30.084,24576,64
2,30.084,24576,64
2,30.044,24576,64
2,30.044,24576,64
1,0.015,1024,64
2,30.045,24576,64
2,30.045,24576,64
2,30.027,24576,64
2,30.027,24576,64
2,30.018,24576,64
2,30.018,24576,64
2,30.127,24576,64
2,30.127,24576,64
2,30.026,24576,64
2,30.026,24576,64
2,30.031,24576,64
2,30.015,24576,64
2,30.057,24576,64
2,30.041,24576,64
2,30.038,24576,64
2,30.038,24576,64
2,30.032,24576,64
2,30.032,24576,64
2,30.074,24576,64
2,30.074,24576,64
2,30.06,24576,64
2,30.06,24576,64
2,30.022,24576,64
2,30.022,24576,64
2,30.026,24576,64
2,30.026,24576,64
2,30.049,24576,64
2,30.049,24576,64
2,30.025,24576,64
2,30.025,24576,64
1,0.012,1024,64
1,0.012,1024,64
2,30.032,24576,64
2,30.032,24576,64
2,30.016,24576,64
2,30.016,24576,64
2,30.017,24576,64
2,30.017,24576,64
1,0.014,1024,64
2,30.046,24576,64
2,30.03,24576,64
2,30.026,24576,64
2,30.026,24576,64
2,30.045,24576,64
2,30.045,24576,64
1,0.012,1024,64
2,30.04,24576,64
2,30.04,24576,64
2,30.042,24576,64
2,30.026,24576,64
2,30.037,24576,64
2,30.037,24576,64
2,30.017,24576,64
2,30.017,24576,64
1,0.047,1024,64
2,30.037,24576,64
2,30.037,24576,64
1,0.015,1024,64
2,30.023,24576,64
2,30.023,24576,64
2,30.028,24576,64
2,30.028,24576,64
2,30.037,24576,64
2,30.052,24576,64
1,0.017,1024,64
2,30.057,24576,64
2,30.057,24576,64
2,30.029,24576,64
2,30.029,24576,64
2,30.187,24576,64
2,30.187,24576,64
1,0.015,1024,64
2,30.036,24576,64
2,30.036,24576,64
1,0.013,1024,64
2,30.019,24576,64
2,30.019,24576,64
2,30.03,24576,64
2,30.03,24576,64
2,30.021,24576,64
2,30.021,24576,64
1,0.012,1024,64
2,30.023,24576,64
2,30.023,24576,64
2,30.022,24576,64
2,30.022,24576,64
2,30.017,24576,64
2,30.017,24576,64
2,30.021,24576,64
2,30.021,24576,64
1,0.088,1024,64
2,30.034,24576,64
2,30.034,24576,64
2,30.028,24576,64
2,30.028,24576,64
2,30.045,24576,64
2,30.045,24576,64
2,30.037,24576,64
2,30.037,24576,64
2,30.062,24576,64
2,30.046,24576,64
1,0.017,1024,64
2,30.029,24576,64
2,30.029,24576,64
1,0.012,1024,64
2,30.044,24576,64
2,30.044,24576,64
1,0.014,1024,64
2,30.064,24576,64
2,30.064,24576,64
2,30.042,24576,64
2,30.042,24576,64
2,30.059,24576,64
2,30.059,24576,64
2,30.064,24576,64
2,30.064,24576,64
2,30.017,24576,64
2,30.017,24576,64
2,30.025,24576,64
2,30.025,24576,64
2,30.024,24576,64
2,30.024,24576,64
2,30.019,24576,64
2,30.019,24576,64
2,30.048,24576,64
2,30.048,24576,64
2,30.023,24576,64
2,30.023,24576,64
2,30.026,24576,64
2,30.026,24576,64
2,30.029,24576,64
2,30.029,24576,64
2,30.037,24576,64
2,30.021,24576,64
2,30.05,24576,64
2,30.016,24576,64
2,30.016,24576,64
2,30.034,24576,64
2,30.051,24576,64
2,30.051,24576,64
2,30.05,24576,64
2,30.05,24576,64
2,30.027,24576,64
2,30.027,24576,64
2,30.024,24576,64
2,30.024,24576,64
2,30.046,24576,64
2,30.046,24576,64
2,30.029,24576,64
2,30.029,24576,64
2,30.032,24576,64
2,30.032,24576,64
2,30.037,24576,64
2,30.037,24576,64
2,30.021,24576,64
2,30.021,24576,64
2,30.036,24576,64
2,30.036,24576,64
2,30.043,24576,64
2,30.028,24576,64
2,30.043,24576,64
2,30.043,24576,64
2,30.101,24576,64
2,30.101,24576,64
2,30.041,24576,64
2,30.041,24576,64
2,30.025,24576,64
2,30.025,24576,64
2,30.03,24576,64
2,30.03,24576,64
2,30.027,24576,64
2,30.027,24576,64
2,30.027,24576,64
2,30.027,24576,64
2,30.048,24576,64
2,30.048,24576,64
2,30.032,24576,64
2,30.032,24576,64
2,30.02,24576,64
2,30.02,24576,64
2,30.027,24576,64
2,30.027,24576,64
2,30.057,24576,64
2,30.057,24576,64
2,30.02,24576,64
2,30.02,24576,64
2,30.042,24576,64
2,30.042,24576,64
2,30.02,24576,64
2,30.02,24576,64
2,30.031,24576,64
2,30.031,24576,64
2,30.035,24576,64
2,30.035,24576,64
2,30.043,24576,64
2,30.043,24576,64
2,30.039,24576,64
2,30.024,24576,64
2,30.05,24576,64
2,30.05,24576,64
2,30.042,24576,64
2,30.042,24576,64
2,30.032,24576,64
2,30.032,24576,64
2,30.026,24576,64
2,30.026,24576,64
2,30.05,24576,64
2,30.05,24576,64
2,30.04,24576,64
2,30.04,24576,64
2,30.052,24576,64
2,30.052,24576,64
2,30.032,24576,64
2,30.032,24576,64
2,30.033,24576,64
2,30.033,24576,64
2,30.03,24576,64
2,30.03,24576,64
2,30.049,24576,64
2,30.049,24576,64
2,30.03,24576,64
2,30.03,24576,64
2,30.025,24576,64
2,30.025,24576,64
2,30.031,24576,64
2,30.031,24576,64
2,30.055,24576,64
2,30.055,24576,64
2,30.021,24576,64
2,30.021,24576,64
2,30.068,24576,64
2,30.083,24576,64
2,30.035,24576,64
2,30.035,24576,64
2,30.023,24576,64
2,30.023,24576,64
2,30.031,24576,64
2,30.031,24576,64
2,30.027,24576,64
2,30.027,24576,64
2,30.036,24576,64
2,30.036,24576,64
2,30.046,24576,64
2,30.061,24576,64
2,30.043,24576,64
2,30.043,24576,64
1,0.809,1024,64
1,0.79,1024,64
2,30.05,24576,64
2,30.05,24576,64
2,30.086,24576,64
2,30.086,24576,64
2,30.037,24576,64
2,30.037,24576,64
2,30.045,24576,64
2,30.029,24576,64
2,30.026,24576,64
2,30.026,24576,64
2,30.053,24576,64
2,30.053,24576,64
2,30.018,24576,64
2,30.018,24576,64
2,30.021,24576,64
2,30.021,24576,64
2,30.036,24576,64
2,30.036,24576,64
2,30.018,24576,64
2,30.018,24576,64
2,30.035,24576,64
2,30.035,24576,64
2,30.028,24576,64
2,30.028,24576,64
2,30.037,24576,64
2,30.037,24576,64
2,30.037,24576,64
2,30.037,24576,64
2,30.03,24576,64
2,30.021,24576,64
2,30.04,24576,64
2,30.04,24576,64
2,30.041,24576,64
2,30.041,24576,64
2,30.027,24576,64
2,30.027,24576,64
2,30.033,24576,64
2,30.033,24576,64
2,30.03,24576,64
2,30.03,24576,64
2,30.033,24576,64
2,30.033,24576,64
2,30.032,24576,64
2,30.032,24576,64
2,30.027,24576,64
2,30.027,24576,64
2,30.029,24576,64
2,30.029,24576,64
2,30.036,24576,64
2,30.036,24576,64
2,30.077,24576,64
2,30.077,24576,64
2,30.019,24576,64
2,30.019,24576,64
2,30.031,24576,64
2,30.031,24576,64
2,30.022,24576,64
2,30.022,24576,64
2,30.038,24576,64
2,30.038,24576,64
2,30.024,24576,64
2,30.024,24576,64
2,30.038,24576,64
2,30.038,24576,64
2,30.018,24576,64
2,30.018,24576,64
2,30.032,24576,64
2,30.032,24576,64
2,30.038,24576,64
2,30.038,24576,64
2,30.016,24576,64
2,30.016,24576,64
2,30.108,24576,64
2,30.108,24576,64
2,30.022,24576,64
2,30.022,24576,64
2,30.051,24576,64
2,30.035,24576,64
2,30.032,24576,64
2,30.016,24576,64
2,30.059,24576,64
2,30.059,24576,64
2,30.025,24576,64
2,30.025,24576,64
2,30.042,24576,64
2,30.042,24576,64
2,30.032,24576,64
2,30.032,24576,64
2,30.043,24576,64
2,30.043,24576,64
2,30.021,24576,64
2,30.021,24576,64
2,30.039,24576,64
2,30.039,24576,64
2,30.049,24576,64
2,30.049,24576,64
2,30.04,24576,64
2,30.04,24576,64
2,30.04,24576,64
2,30.025,24576,64
2,30.032,24576,64
2,30.032,24576,64
2,30.068,24576,64
2,30.068,24576,64
2,30.028,24576,64
2,30.025,24576,64
2,30.036,24576,64
2,30.036,24576,64
2,30.024,24576,64
2,30.024,24576,64
2,30.026,24576,64
2,30.026,24576,64
2,30.018,24576,64
2,30.018,24576,64
2,30.052,24576,64
2,30.052,24576,64
2,30.061,24576,64
2,30.061,24576,64
2,30.031,24576,64
2,30.031,24576,64
2,30.041,24576,64
2,30.041,24576,64
2,30.074,24576,64
2,30.074,24576,64
2,30.037,24576,64
2,30.037,24576,64
2,30.047,24576,64
2,30.032,24576,64
1,0.018,1024,64
2,30.037,24576,64
2,30.037,24576,64
2,30.037,24576,64
2,30.037,24576,64
2,30.014,24576,64
2,30.014,24576,64
2,30.023,24576,64
2,30.023,24576,64
2,30.034,24576,64
2,30.034,24576,64
2,30.037,24576,64
2,30.037,24576,64
2,30.024,24576,64
2,30.024,24576,64
2,30.044,24576,64
2,30.044,24576,64
2,30.024,24576,64
2,30.039,24576,64
2,30.043,24576,64
2,30.043,24576,64
2,30.043,24576,64
2,30.043,24576,64
2,30.077,24576,64
2,30.027,24576,64
2,30.027,24576,64
2,30.036,24576,64
2,30.036,24576,64
2,30.046,24576,64
2,30.034,24576,64
2,30.034,24576,64
2,30.027,24576,64
2,30.027,24576,64
2,30.025,24576,64
2,30.025,24576,64
2,30.095,24576,64
2,30.079,24576,64
2,30.023,24576,64
2,30.023,24576,64
2,30.042,24576,64
2,30.042,24576,64
2,30.028,24576,64
2,30.028,24576,64
2,30.022,24576,64
2,30.022,24576,64
2,30.035,24576,64
2,30.035,24576,64
2,30.031,24576,64
2,30.031,24576,64
2,30.025,24576,64
2,30.025,24576,64
2,30.032,24576,64
2,30.032,24576,64
2,30.035,24576,64
2,30.035,24576,64
2,30.037,24576,64
2,30.037,24576,64
2,30.032,24576,64
2,30.032,24576,64
2,30.012,24576,64
2,30.012,24576,64
1,0.032,1024,64
1,0.225,1024,64
1,0.082,1024,64
1,0.651,1024,64
1,0.09,1024,64
1,0.832,1024,64
1,0.647,1024,64
1,0.641,1024,64
1,0.639,1024,64
1,0.647,1024,64
1,0.105,1024,64
1,0.644,1024,64
1,0.118,1024,64
1,0.124,1024,64
1,0.657,1024,64
1,0.202,1024,64
2,30.046,24576,64
2,30.046,24576,64
2,30.022,24576,64
2,30.022,24576,64
2,30.042,24576,64
2,30.042,24576,64
1,0.04,1024,64
1,0.04,1024,64
1,0.211,1024,64
1,0.184,1024,64
1,0.211,1024,64
2,30.047,24576,64
2,30.047,24576,64
2,30.032,24576,64
2,30.032,24576,64
2,30.03,24576,64
2,30.03,24576,64
2,30.03,24576,64
2,30.03,24576,64
2,30.052,24576,64
2,30.034,24576,64
2,30.051,24576,64
2,30.051,24576,64
2,30.016,24576,64
2,30.016,24576,64
2,30.055,24576,64
2,30.036,24576,64
2,30.037,24576,64
2,30.037,24576,64
2,30.049,24576,64
2,30.049,24576,64
2,30.074,24576,64
2,30.074,24576,64
2,30.039,24576,64
2,30.039,24576,64
2,30.029,24576,64
2,30.029,24576,64
2,30.039,24576,64
2,30.039,24576,64
2,30.02,24576,64
2,30.02,24576,64
2,30.031,24576,64
2,30.031,24576,64
2,30.008,24576,64
2,30.008,24576,64
2,30.036,24576,64
2,30.036,24576,64
2,30.042,24576,64
2,30.042,24576,64
2,30.043,24576,64
2,30.043,24576,64
2,30.016,24576,64
2,30.016,24576,64
2,30.039,24576,64
2,30.023,24576,64
2,30.036,24576,64
2,30.036,24576,64
2,30.043,24576,64
2,30.027,24576,64
2,30.122,24576,64
2,30.122,24576,64
2,30.026,24576,64
2,30.026,24576,64
2,30.033,24576,64
2,30.033,24576,64
2,30.045,24576,64
2,30.045,24576,64
2,30.036,24576,64
2,30.036,24576,64
2,30.029,24576,64
2,30.029,24576,64
2,30.02,24576,64
2,30.02,24576,64
2,30.04,24576,64
2,30.025,24576,64
2,30.089,24576,64
2,30.104,24576,64
2,30.033,24576,64
2,30.033,24576,64
2,30.036,24576,64
2,30.036,24576,64
2,30.048,24576,64
2,30.048,24576,64
2,30.037,24576,64
2,30.037,24576,64
2,30.068,24576,64
2,30.068,24576,64
2,39.251,24576,64
2,39.158,24576,64
2,30.018,24576,64
2,30.018,24576,64
2,30.101,24576,64
2,30.101,24576,64
2,30.027,24576,64
2,30.027,24576,64
2,30.039,24576,64
2,30.039,24576,64
2,30.036,24576,64
2,30.036,24576,64
2,30.025,24576,64
2,30.025,24576,64
2,30.114,24576,64
2,30.114,24576,64
2,38.439,24576,64
2,38.439,24576,64
1,0.015,1024,64
2,30.037,24576,64
2,30.037,24576,64
2,30.043,24576,64
2,30.027,24576,64
2,30.04,24576,64
2,30.04,24576,64
2,30.025,24576,64
2,30.025,24576,64
2,30.048,24576,64
2,30.032,24576,64
2,30.038,24576,64
2,30.038,24576,64
2,30.044,24576,64
2,30.044,24576,64
2,30.027,24576,64
2,30.027,24576,64
2,30.052,24576,64
2,30.052,24576,64
2,30.037,24576,64
2,30.037,24576,64
2,30.056,24576,64
2,30.056,24576,64
2,30.026,24576,64
2,30.026,24576,64
2,30.037,24576,64
2,30.037,24576,64
2,30.062,24576,64
2,30.062,24576,64
2,30.021,24576,64
2,30.021,24576,64
2,30.055,24576,64
2,30.055,24576,64
2,30.109,24576,64
2,30.062,24576,64
2,30.039,24576,64
2,30.039,24576,64
2,30.025,24576,64
2,30.025,24576,64
2,30.033,24576,64
2,30.033,24576,64
2,35.548,24576,64
2,35.532,24576,64
2,30.032,24576,64
2,30.032,24576,64
2,30.03,24576,64
2,30.03,24576,64
2,35.345,24576,64
2,35.329,24576,64
2,30.05,24576,64
2,30.035,24576,64
2,30.06,24576,64
2,30.06,24576,64
2,30.071,24576,64
2,30.055,24576,64
2,34.704,24576,64
2,34.689,24576,64
2,30.035,24576,64
2,30.035,24576,64
2,30.023,24576,64
2,30.023,24576,64
2,30.06,24576,64
2,30.06,24576,64
2,30.051,24576,64
2,30.051,24576,64
2,30.032,24576,64
2,30.032,24576,64
2,30.045,24576,64
2,30.045,24576,64
2,30.044,24576,64
2,30.044,24576,64
2,30.026,24576,64
2,30.026,24576,64
1,0.018,1024,64
2,30.033,24576,64
2,30.033,24576,64
2,30.033,24576,64
2,30.033,24576,64
2,30.025,24576,64
2,30.025,24576,64
2,30.039,24576,64
2,30.039,24576,64
2,30.042,24576,64
2,30.042,24576,64
2,30.027,24576,64
2,30.027,24576,64
2,30.046,24576,64
2,30.046,24576,64
2,30.033,24576,64
2,30.033,24576,64
2,30.02,24576,64
2,30.02,24576,64
2,30.036,24576,64
2,30.036,24576,64
2,30.027,24576,64
2,30.027,24576,64
2,30.029,24576,64
2,30.029,24576,64
2,30.011,24576,64
2,30.011,24576,64
2,30.062,24576,64
2,30.062,24576,64
2,30.064,24576,64
2,30.064,24576,64
2,30.026,24576,64
2,30.026,24576,64
2,30.029,24576,64
2,30.029,24576,64
2,30.035,24576,64
2,30.035,24576,64
2,30.059,24576,64
2,30.044,24576,64
3,6.231,2048,2048
2,30.049,24576,64
2,30.033,24576,64
1,0.027,1024,64
1,0.027,1024,64
2,30.035,24576,64
2,30.018,24576,64
2,30.058,24576,64
2,30.058,24576,64
2,30.052,24576,64
2,30.052,24576,64
2,30.021,24576,64
2,30.021,24576,64
1,0.015,1024,64
1,0.015,1024,64
2,30.044,24576,64
2,30.075,24576,64
2,30.075,24576,64
2,30.028,24576,64
2,30.532,24576,64
2,30.517,24576,64
2,30.345,24576,64
2,30.47,24576,64
2,30.47,24576,64
2,30.329,24576,64
2,30.048,24576,64
2,30.032,24576,64
2,30.048,24576,64
2,30.032,24576,64
2,30.095,24576,64
2,30.079,24576,64
2,30.07,24576,64
2,30.07,24576,64
2,30.028,24576,64
2,30.028,24576,64
2,30.048,24576,64
2,30.048,24576,64
2,30.034,24576,64
2,30.034,24576,64
2,30.063,24576,64
2,30.063,24576,64
2,30.018,24576,64
2,30.018,24576,64
2,30.019,24576,64
2,30.019,24576,64
2,30.073,24576,64
2,30.057,24576,64
2,30.033,24576,64
2,30.033,24576,64
2,30.022,24576,64
2,30.022,24576,64
2,30.042,24576,64
2,30.042,24576,64
2,30.055,24576,64
2,30.055,24576,64
2,30.013,24576,64
2,30.013,24576,64
2,30.024,24576,64
2,30.024,24576,64
2,30.025,24576,64
2,30.025,24576,64
2,30.035,24576,64
2,30.035,24576,64
2,30.035,24576,64
2,30.019,24576,64
2,30.023,24576,64
2,30.023,24576,64
2,30.019,24576,64
2,30.019,24576,64
2,30.045,24576,64
2,30.045,24576,64
2,30.044,24576,64
2,30.03,24576,64
2,30.04,24576,64
2,30.04,24576,64
2,30.041,24576,64
2,30.041,24576,64
2,30.035,24576,64
2,30.035,24576,64
2,30.024,24576,64
2,30.024,24576,64
2,30.032,24576,64
2,30.032,24576,64
2,30.051,24576,64
2,30.051,24576,64
2,30.035,24576,64
2,30.035,24576,64
2,30.035,24576,64
2,30.035,24576,64
2,30.037,24576,64
2,30.037,24576,64
2,30.088,24576,64
2,30.088,24576,64
2,30.053,24576,64
2,30.053,24576,64
2,30.028,24576,64
2,30.028,24576,64
2,30.021,24576,64
2,30.021,24576,64
2,30.023,24576,64
2,30.023,24576,64
2,30.036,24576,64
2,30.036,24576,64
2,30.053,24576,64
2,30.053,24576,64
2,30.039,24576,64
2,30.039,24576,64
2,30.051,24576,64
2,30.051,24576,64
2,30.02,24576,64
2,30.02,24576,64
2,30.036,24576,64
2,30.036,24576,64
2,30.03,24576,64
2,30.03,24576,64
2,30.046,24576,64
2,30.046,24576,64
2,30.061,24576,64
2,30.045,24576,64
2,30.052,24576,64
2,30.024,24576,64
2,30.024,24576,64
2,30.036,24576,64
2,30.017,24576,64
2,30.017,24576,64
2,30.028,24576,64
2,30.028,24576,64
2,30.036,24576,64
2,30.036,24576,64
2,30.052,24576,64
2,30.052,24576,64
2,30.028,24576,64
2,30.028,24576,64
2,30.033,24576,64
2,30.033,24576,64
2,30.037,24576,64
2,30.021,24576,64
2,30.029,24576,64
2,30.042,24576,64
2,30.042,24576,64
2,30.013,24576,64
2,30.03,24576,64
2,30.03,24576,64
2,30.046,24576,64
2,30.046,24576,64
2,30.016,24576,64
2,30.016,24576,64
2,30.03,24576,64
2,30.03,24576,64
2,30.091,24576,64
2,30.106,24576,64
2,30.032,24576,64
2,30.032,24576,64
2,30.029,24576,64
2,30.029,24576,64
2,30.023,24576,64
2,30.023,24576,64
2,30.014,24576,64
2,30.014,24576,64
2,30.034,24576,64
2,30.034,24576,64
2,30.042,24576,64
2,30.042,24576,64
2,30.073,24576,64
2,30.073,24576,64
2,30.032,24576,64
2,30.032,24576,64
2,30.032,24576,64
2,30.032,24576,64
2,30.033,24576,64
2,30.033,24576,64
2,30.072,24576,64
2,30.072,24576,64
2,30.017,24576,64
2,30.032,24576,64
2,30.041,24576,64
2,30.041,24576,64
2,30.044,24576,64
2,30.044,24576,64
2,30.038,24576,64
2,30.038,24576,64
2,30.046,24576,64
2,30.046,24576,64
2,30.022,24576,64
2,30.022,24576,64
2,30.063,24576,64
2,30.063,24576,64
2,30.028,24576,64
2,30.028,24576,64
2,30.042,24576,64
2,30.027,24576,64
2,30.031,24576,64
2,30.031,24576,64
2,30.043,24576,64
2,30.043,24576,64
2,30.046,24576,64
2,30.046,24576,64
2,30.055,24576,64
2,30.055,24576,64
2,30.034,24576,64
2,30.034,24576,64
2,30.063,24576,64
2,30.063,24576,64
2,30.058,24576,64
2,30.058,24576,64
2,30.043,24576,64
2,30.043,24576,64
2,30.027,24576,64
2,30.027,24576,64
2,30.022,24576,64
2,30.038,24576,64
2,30.033,24576,64
2,30.033,24576,64
2,30.021,24576,64
2,30.021,24576,64
2,30.059,24576,64
2,30.059,24576,64
2,30.033,24576,64
2,30.033,24576,64
2,30.037,24576,64
2,30.023,24576,64
2,30.039,24576,64
2,30.039,24576,64
2,30.032,24576,64
2,30.032,24576,64
2,30.033,24576,64
2,30.033,24576,64
2,30.028,24576,64
2,30.028,24576,64
2,30.039,24576,64
2,30.039,24576,64
2,30.031,24576,64
2,30.031,24576,64
2,30.035,24576,64
2,30.035,24576,64
2,30.039,24576,64
2,30.039,24576,64
2,30.18,24576,64
2,30.18,24576,64
2,30.058,24576,64
2,30.058,24576,64
2,32.731,24576,64
2,32.716,24576,64
2,36.672,24576,64
2,36.672,24576,64
2,30.038,24576,64
2,30.038,24576,64
2,30.028,24576,64
2,30.028,24576,64
2,30.047,24576,64
2,30.047,24576,64
2,30.028,24576,64
2,30.028,24576,64
2,30.046,24576,64
2,30.046,24576,64
2,30.064,24576,64
2,30.064,24576,64
2,30.037,24576,64
2,30.037,24576,64
2,30.027,24576,64
2,30.027,24576,64
2,30.045,24576,64
2,30.045,24576,64
2,30.044,24576,64
2,30.044,24576,64
2,30.037,24576,64
2,30.037,24576,64
2,30.065,24576,64
2,30.034,24576,64
2,30.048,24576,64
2,30.048,24576,64
2,30.033,24576,64
2,30.033,24576,64
2,34.857,24576,64
2,34.842,24576,64
2,30.044,24576,64
2,30.044,24576,64
1,0.015,1024,64
1,0.015,1024,64
2,30.054,24576,64
2,30.054,24576,64
2,30.038,24576,64
2,30.038,24576,64
2,30.037,24576,64
2,30.037,24576,64
2,30.03,24576,64
2,30.03,24576,64
2,30.032,24576,64
2,30.032,24576,64
2,30.052,24576,64
2,30.052,24576,64
2,30.024,24576,64
2,30.024,24576,64
2,30.033,24576,64
2,30.017,24576,64
2,30.037,24576,64
2,30.037,24576,64
2,30.084,24576,64
2,30.084,24576,64
2,30.028,24576,64
2,30.028,24576,64
2,30.032,24576,64
2,30.017,24576,64
2,30.02,24576,64
2,30.02,24576,64
2,30.036,24576,64
2,30.036,24576,64
2,30.043,24576,64
2,30.043,24576,64
2,32.807,24576,64
2,32.807,24576,64
2,30.039,24576,64
2,30.039,24576,64
2,30.028,24576,64
2,30.028,24576,64
2,30.016,24576,64
2,30.016,24576,64
2,30.025,24576,64
2,30.025,24576,64
2,30.063,24576,64
2,30.063,24576,64
2,30.026,24576,64
2,30.026,24576,64
2,30.045,24576,64
2,30.045,24576,64
2,30.031,24576,64
2,30.031,24576,64
2,30.031,24576,64
2,30.016,24576,64
2,30.044,24576,64
2,30.044,24576,64
2,30.028,24576,64
2,30.028,24576,64
2,30.034,24576,64
2,30.031,24576,64
2,30.032,24576,64
2,30.032,24576,64
2,30.016,24576,64
2,30.016,24576,64
2,30.027,24576,64
2,30.027,24576,64
2,30.051,24576,64
2,30.035,24576,64
2,30.03,24576,64
2,30.03,24576,64
2,30.034,24576,64
2,30.018,24576,64
2,30.041,24576,64
2,30.041,24576,64
2,30.059,24576,64
2,30.059,24576,64
2,30.026,24576,64
2,30.026,24576,64
1,0.015,1024,64
2,30.024,24576,64
2,30.024,24576,64
2,32.438,24576,64
2,32.438,24576,64
2,30.029,24576,64
2,30.029,24576,64
2,30.047,24576,64
2,30.032,24576,64
2,30.035,24576,64
2,30.035,24576,64
2,30.042,24576,64
2,30.042,24576,64
2,30.07,24576,64
2,30.07,24576,64
2,30.023,24576,64
2,30.023,24576,64
2,31.947,24576,64
2,31.947,24576,64
2,30.056,24576,64
2,30.056,24576,64
2,30.026,24576,64
2,30.026,24576,64
2,30.028,24576,64
2,30.028,24576,64
2,30.065,24576,64
2,30.049,24576,64
2,30.038,24576,64
2,30.038,24576,64
2,30.048,24576,64
2,30.032,24576,64
2,30.953,24576,64
2,30.953,24576,64
2,30.02,24576,64
2,30.02,24576,64
2,30.036,24576,64
2,30.021,24576,64
2,30.04,24576,64
2,30.04,24576,64
2,30.039,24576,64
2,30.039,24576,64
2,30.024,24576,64
2,30.024,24576,64
2,30.068,24576,64
2,30.068,24576,64
2,30.037,24576,64
2,30.037,24576,64
2,30.032,24576,64
2,30.032,24576,64
2,30.042,24576,64
2,30.042,24576,64
2,30.042,24576,64
2,30.042,24576,64
2,30.031,24576,64
2,30.031,24576,64
2,30.047,24576,64
2,30.047,24576,64
1,0.015,1024,64
1,0.015,1024,64
2,30.028,24576,64
2,30.028,24576,64
2,30.055,24576,64
2,30.039,24576,64
2,30.046,24576,64
2,30.03,24576,64
2,30.036,24576,64
2,30.036,24576,64
2,30.037,24576,64
2,30.037,24576,64
2,30.049,24576,64
2,30.049,24576,64
2,30.042,24576,64
2,30.042,24576,64
2,30.019,24576,64
2,30.019,24576,64
2,30.027,24576,64
2,30.042,24576,64
2,30.038,24576,64
2,30.022,24576,64
2,30.043,24576,64
2,30.043,24576,64
2,30.05,24576,64
2,30.05,24576,64
2,30.032,24576,64
2,30.032,24576,64
2,30.041,24576,64
2,30.041,24576,64
2,30.02,24576,64
2,30.02,24576,64
1,0.169,1024,64
2,30.022,24576,64
2,30.022,24576,64
2,30.039,24576,64
2,30.039,24576,64
2,30.029,24576,64
2,30.029,24576,64
2,30.028,24576,64
2,30.028,24576,64
2,30.026,24576,64
2,30.026,24576,64
2,30.055,24576,64
2,30.04,24576,64
2,30.039,24576,64
2,30.039,24576,64
2,30.045,24576,64
2,30.045,24576,64
2,30.075,24576,64
2,30.058,24576,64
2,30.054,24576,64
2,30.054,24576,64
2,30.033,24576,64
2,30.033,24576,64
2,30.025,24576,64
2,30.025,24576,64
2,30.039,24576,64
2,30.039,24576,64
2,30.027,24576,64
2,30.027,24576,64
2,30.024,24576,64
2,30.024,24576,64
2,30.02,24576,64
2,30.02,24576,64
2,30.042,24576,64
2,30.042,24576,64
2,30.037,24576,64
2,30.037,24576,64
2,30.029,24576,64
2,30.029,24576,64
2,30.029,24576,64
2,30.029,24576,64
2,30.079,24576,64
2,30.079,24576,64
2,30.025,24576,64
2,30.025,24576,64
2,30.159,24576,64
2,30.159,24576,64
2,30.022,24576,64
2,30.022,24576,64
2,30.017,24576,64
2,30.017,24576,64
2,30.055,24576,64
2,30.055,24576,64
2,30.032,24576,64
2,30.032,24576,64
2,30.02,24576,64
2,30.02,24576,64
2,30.037,24576,64
2,30.037,24576,64
2,30.039,24576,64
2,30.039,24576,64
2,30.037,24576,64
2,30.037,24576,64
2,30.036,24576,64
2,30.036,24576,64
2,30.03,24576,64
2,30.03,24576,64
2,30.047,24576,64
2,30.047,24576,64
2,30.029,24576,64
2,30.029,24576,64
2,30.042,24576,64
2,30.025,24576,64
2,30.027,24576,64
2,30.027,24576,64
2,30.028,24576,64
2,30.028,24576,64
2,30.059,24576,64
2,30.059,24576,64
2,30.04,24576,64
2,30.022,24576,64
2,30.023,24576,64
2,30.023,24576,64
2,30.036,24576,64
2,30.031,24576,64
2,30.063,24576,64
2,30.031,24576,64
2,30.042,24576,64
2,30.042,24576,64
2,30.027,24576,64
2,30.027,24576,64
2,30.043,24576,64
2,30.043,24576,64
2,30.036,24576,64
2,30.036,24576,64
2,30.016,24576,64
2,30.016,24576,64
2,30.037,24576,64
2,30.037,24576,64
2,30.031,24576,64
2,30.031,24576,64
2,30.027,24576,64
2,30.027,24576,64
2,30.027,24576,64
2,30.027,24576,64
2,30.055,24576,64
2,30.055,24576,64
2,30.047,24576,64
2,30.047,24576,64
2,30.031,24576,64
2,30.031,24576,64
2,30.018,24576,64
2,30.018,24576,64
2,30.041,24576,64
2,30.041,24576,64
2,30.037,24576,64
2,30.037,24576,64
2,30.039,24576,64
2,30.039,24576,64
2,30.041,24576,64
2,30.041,24576,64
2,30.038,24576,64
2,30.038,24576,64
2,30.033,24576,64
2,30.033,24576,64
2,30.026,24576,64
2,30.026,24576,64
2,30.054,24576,64
2,30.054,24576,64
2,30.039,24576,64
2,30.039,24576,64
2,30.025,24576,64
2,30.025,24576,64
2,30.041,24576,64
2,30.025,24576,64
2,30.041,24576,64
2,30.041,24576,64
2,30.048,24576,64
2,30.048,24576,64
2,30.041,24576,64
2,30.041,24576,64
2,30.025,24576,64
2,30.025,24576,64
2,30.041,24576,64
2,30.025,24576,64
2,30.022,24576,64
2,30.022,24576,64
2,30.027,24576,64
2,30.027,24576,64
2,30.061,24576,64
2,30.061,24576,64
2,30.044,24576,64
2,30.044,24576,64
2,30.033,24576,64
2,30.033,24576,64
2,30.046,24576,64
2,30.046,24576,64
2,30.038,24576,64
2,30.038,24576,64
2,30.026,24576,64
2,30.026,24576,64
2,30.053,24576,64
2,30.053,24576,64
2,30.037,24576,64
2,30.037,24576,64
2,30.032,24576,64
2,30.016,24576,64
2,30.066,24576,64
2,30.066,24576,64
2,30.026,24576,64
2,30.026,24576,64
2,30.055,24576,64
2,30.055,24576,64
1,0.017,1024,64
1,0.017,1024,64
2,30.008,24576,64
2,30.008,24576,64
2,30.048,24576,64
2,30.048,24576,64
2,30.029,24576,64
2,30.029,24576,64
2,30.036,24576,64
2,30.036,24576,64
2,30.062,24576,64
2,30.062,24576,64
2,30.032,24576,64
2,30.032,24576,64
2,30.022,24576,64
2,30.022,24576,64
2,30.031,24576,64
2,30.031,24576,64
2,30.017,24576,64
2,30.017,24576,64
2,30.034,24576,64
2,30.034,24576,64
2,30.05,24576,64
2,30.034,24576,64
2,30.085,24576,64
2,30.085,24576,64
2,30.031,24576,64
2,30.031,24576,64
2,30.039,24576,64
2,30.039,24576,64
2,30.013,24576,64
2,30.013,24576,64
2,30.038,24576,64
2,30.032,24576,64
2,30.034,24576,64
2,30.034,24576,64
2,30.076,24576,64
2,30.076,24576,64
2,30.041,24576,64
2,30.041,24576,64
2,30.037,24576,64
2,30.037,24576,64
2,30.041,24576,64
2,30.041,24576,64
2,30.034,24576,64
2,30.034,24576,64
2,30.038,24576,64
2,30.038,24576,64
2,30.023,24576,64
2,30.023,24576,64
2,30.045,24576,64
2,30.045,24576,64
2,30.038,24576,64
2,30.023,24576,64
2,30.03,24576,64
2,30.03,24576,64
2,30.038,24576,64
2,30.038,24576,64
2,30.034,24576,64
2,30.034,24576,64
2,30.036,24576,64
2,30.036,24576,64
2,30.037,24576,64
2,30.037,24576,64
2,30.033,24576,64
2,30.033,24576,64
2,30.053,24576,64
2,30.038,24576,64
2,30.028,24576,64
2,30.028,24576,64
2,30.026,24576,64
2,30.026,24576,64
2,30.043,24576,64
2,30.043,24576,64
2,30.032,24576,64
2,30.032,24576,64
2,30.037,24576,64
2,30.037,24576,64
2,30.044,24576,64
2,30.044,24576,64
2,30.026,24576,64
2,30.026,24576,64
2,30.11,24576,64
2,30.11,24576,64
2,30.028,24576,64
2,30.028,24576,64
2,30.043,24576,64
2,30.043,24576,64
2,30.037,24576,64
2,30.037,24576,64
2,30.021,24576,64
2,30.021,24576,64
2,30.024,24576,64
2,30.024,24576,64
2,30.017,24576,64
2,30.017,24576,64
2,30.034,24576,64
2,30.034,24576,64
2,30.026,24576,64
2,30.026,24576,64
2,30.022,24576,64
2,30.017,24576,64
2,30.036,24576,64
2,30.036,24576,64
2,30.037,24576,64
2,30.037,24576,64
2,30.038,24576,64
2,30.038,24576,64
2,30.031,24576,64
2,30.031,24576,64
2,30.037,24576,64
2,30.037,24576,64
2,30.042,24576,64
2,30.027,24576,64
2,30.048,24576,64
2,30.031,24576,64
2,30.031,24576,64
2,30.032,24576,64
2,30.03,24576,64
2,30.03,24576,64
2,30.038,24576,64
2,30.038,24576,64
2,30.036,24576,64
2,30.036,24576,64
2,30.037,24576,64
2,30.037,24576,64
2,30.031,24576,64
2,30.031,24576,64
2,30.054,24576,64
2,30.054,24576,64
2,30.172,24576,64
2,30.172,24576,64
2,30.042,24576,64
2,30.042,24576,64
2,30.018,24576,64
2,30.018,24576,64
2,30.043,24576,64
2,30.043,24576,64
2,30.031,24576,64
2,30.031,24576,64
2,30.026,24576,64
2,30.026,24576,64
2,30.031,24576,64
2,30.031,24576,64
2,30.058,24576,64
2,30.042,24576,64
2,30.037,24576,64
2,30.037,24576,64
2,30.026,24576,64
2,30.026,24576,64
2,30.037,24576,64
2,30.037,24576,64
2,30.016,24576,64
2,30.016,24576,64
2,30.032,24576,64
2,30.032,24576,64
2,30.048,24576,64
2,30.048,24576,64
2,30.041,24576,64
2,30.024,24576,64
2,30.031,24576,64
2,30.031,24576,64
2,30.047,24576,64
2,30.031,24576,64
2,30.031,24576,64
2,30.031,24576,64
2,30.038,24576,64
2,30.038,24576,64
2,30.032,24576,64
2,30.032,24576,64
2,30.017,24576,64
2,30.017,24576,64
2,30.062,24576,64
2,30.062,24576,64
2,30.073,24576,64
2,30.073,24576,64
2,30.03,24576,64
2,30.03,24576,64
2,30.045,24576,64
2,30.045,24576,64
2,30.054,24576,64
2,30.054,24576,64
2,30.034,24576,64
2,30.034,24576,64
2,30.039,24576,64
2,30.039,24576,64
2,30.032,24576,64
2,30.032,24576,64
2,30.047,24576,64
2,30.047,24576,64
2,30.033,24576,64
2,30.033,24576,64
2,30.135,24576,64
2,30.135,24576,64
2,30.051,24576,64
2,30.051,24576,64
2,30.028,24576,64
2,30.028,24576,64
2,30.031,24576,64
2,30.031,24576,64
2,30.031,24576,64
2,30.031,24576,64
2,30.055,24576,64
2,30.055,24576,64
2,30.012,24576,64
2,30.012,24576,64
2,30.04,24576,64
2,30.04,24576,64
2,30.026,24576,64
2,30.026,24576,64
2,30.037,24576,64
2,30.037,24576,64
2,30.028,24576,64
2,30.028,24576,64
2,30.022,24576,64
2,30.022,24576,64
2,30.033,24576,64
2,30.033,24576,64
2,30.015,24576,64
2,30.015,24576,64
2,30.02,24576,64
2,30.02,24576,64
2,30.045,24576,64
2,30.045,24576,64
2,30.034,24576,64
2,30.034,24576,64
2,30.03,24576,64
2,30.03,24576,64
2,30.035,24576,64
2,30.035,24576,64
2,30.043,24576,64
2,30.027,24576,64
2,30.02,24576,64
2,30.02,24576,64
2,30.035,24576,64
2,30.035,24576,64
2,30.03,24576,64
2,30.03,24576,64
2,30.036,24576,64
2,30.036,24576,64
2,30.042,24576,64
2,30.042,24576,64
2,30.013,24576,64
2,30.013,24576,64
1,0.921,2048,64
2,30.033,24576,64
2,30.033,24576,64
2,30.043,24576,64
2,30.043,24576,64
2,30.028,24576,64
2,30.028,24576,64
2,30.046,24576,64
2,30.046,24576,64
2,30.029,24576,64
2,30.044,24576,64
2,30.027,24576,64
2,30.027,24576,64
2,30.026,24576,64
2,30.026,24576,64
2,30.032,24576,64
2,30.032,24576,64
2,30.037,24576,64
2,30.037,24576,64
2,30.028,24576,64
2,30.028,24576,64
2,30.037,24576,64
2,30.037,24576,64
2,30.026,24576,64
2,30.026,24576,64
2,30.021,24576,64
2,30.021,24576,64
2,30.035,24576,64
2,30.035,24576,64
2,30.049,24576,64
2,30.049,24576,64
2,30.02,24576,64
2,30.02,24576,64
2,30.036,24576,64
2,30.036,24576,64
2,30.039,24576,64
2,30.039,24576,64
2,30.027,24576,64
2,30.027,24576,64
2,30.024,24576,64
2,30.024,24576,64
2,30.028,24576,64
2,30.028,24576,64
2,30.016,24576,64
2,30.016,24576,64
2,30.041,24576,64
2,30.041,24576,64
2,30.046,24576,64
2,30.046,24576,64
2,30.01,24576,64
2,30.01,24576,64
2,30.015,24576,64
2,30.015,24576,64
2,30.018,24576,64
2,30.018,24576,64
2,30.031,24576,64
2,30.031,24576,64
2,30.027,24576,64
2,30.027,24576,64
2,30.023,24576,64
2,30.023,24576,64
2,30.029,24576,64
2,30.029,24576,64
2,30.038,24576,64
2,30.038,24576,64
2,30.031,24576,64
2,30.031,24576,64
2,30.042,24576,64
2,30.042,24576,64
2,30.036,24576,64
2,30.036,24576,64
2,30.032,24576,64
2,30.016,24576,64
2,30.038,24576,64
2,30.038,24576,64
2,30.039,24576,64
2,30.039,24576,64
2,30.034,24576,64
2,30.034,24576,64
2,30.023,24576,64
2,30.023,24576,64
2,30.039,24576,64
2,30.039,24576,64
2,30.016,24576,64
2,30.016,24576,64
2,30.028,24576,64
2,30.028,24576,64
2,30.037,24576,64
2,30.037,24576,64
2,30.02,24576,64
2,30.02,24576,64
2,30.022,24576,64
2,30.022,24576,64
2,30.048,24576,64
2,30.048,24576,64
2,30.343,24576,64
2,30.343,24576,64
2,30.159,24576,64
2,30.049,24576,64
2,30.032,24576,64
2,30.032,24576,64
2,30.04,24576,64
2,30.024,24576,64
2,30.031,24576,64
2,30.031,24576,64
2,30.035,24576,64
2,30.035,24576,64
2,30.025,24576,64
2,30.025,24576,64
2,30.034,24576,64
2,30.034,24576,64
2,30.025,24576,64
2,30.025,24576,64
2,30.034,24576,64
2,30.034,24576,64
2,30.037,24576,64
2,30.051,24576,64
2,30.048,24576,64
2,30.048,24576,64
2,30.034,24576,64
2,30.034,24576,64
2,30.025,24576,64
2,30.025,24576,64
2,30.024,24576,64
2,30.024,24576,64
2,30.055,24576,64
2,30.039,24576,64
2,30.038,24576,64
2,30.038,24576,64
2,30.029,24576,64
2,30.029,24576,64
3,10.564,4096,4096
2,30.052,24576,64
2,30.052,24576,64
2,30.032,24576,64
2,30.032,24576,64
2,30.046,24576,64
2,30.03,24576,64
2,30.03,24576,64
2,30.03,24576,64
2,30.051,24576,64
2,30.051,24576,64
2,30.032,24576,64
2,30.032,24576,64
2,30.024,24576,64
2,30.024,24576,64
2,30.021,24576,64
2,30.021,24576,64
2,30.026,24576,64
2,30.026,24576,64
2,30.028,24576,64
2,30.028,24576,64
2,30.025,24576,64
2,30.025,24576,64
2,30.026,24576,64
2,30.026,24576,64
2,30.027,24576,64
2,30.027,24576,64
2,30.025,24576,64
2,30.025,24576,64
2,30.031,24576,64
2,30.031,24576,64
2,30.051,24576,64
2,30.051,24576,64
2,30.033,24576,64
1,0.016,1024,64
1,0.031,1024,64
2,30.015,24576,64
2,30.037,24576,64
2,30.037,24576,64
2,30.039,24576,64
2,30.039,24576,64
2,30.036,24576,64
2,30.036,24576,64
2,30.046,24576,64
2,30.046,24576,64
2,30.038,24576,64
2,30.038,24576,64
2,30.036,24576,64
2,30.036,24576,64
2,30.037,24576,64
2,30.021,24576,64
2,30.036,24576,64
2,30.036,24576,64
2,30.028,24576,64
2,30.028,24576,64
2,30.039,24576,64
2,30.039,24576,64
2,30.053,24576,64
2,30.038,24576,64
2,30.026,24576,64
2,30.026,24576,64
2,30.068,24576,64
2,30.068,24576,64
2,30.04,24576,64
2,30.04,24576,64
2,30.04,24576,64
2,30.04,24576,64
2,30.046,24576,64
2,30.046,24576,64
2,30.059,24576,64
2,30.059,24576,64
2,30.03,24576,64
2,30.03,24576,64
2,30.031,24576,64
2,30.031,24576,64
2,30.033,24576,64
2,30.033,24576,64
2,30.064,24576,64
2,30.064,24576,64
2,30.052,24576,64
2,30.052,24576,64
2,30.08,24576,64
2,30.08,24576,64
2,30.033,24576,64
2,30.033,24576,64
2,30.03,24576,64
2,30.03,24576,64
2,30.068,24576,64
2,30.053,24576,64
2,30.031,24576,64
2,30.031,24576,64
2,30.043,24576,64
2,30.027,24576,64
2,30.027,24576,64
2,30.027,24576,64
2,30.017,24576,64
2,30.017,24576,64
2,30.043,24576,64
2,30.043,24576,64
2,30.021,24576,64
2,30.021,24576,64
2,30.019,24576,64
2,30.019,24576,64
2,30.016,24576,64
2,30.016,24576,64
2,30.031,24576,64
2,30.031,24576,64
2,30.037,24576,64
2,30.037,24576,64
2,30.03,24576,64
2,30.03,24576,64
2,30.037,24576,64
2,30.037,24576,64
2,30.032,24576,64
2,30.032,24576,64
2,30.032,24576,64
2,30.032,24576,64
2,30.022,24576,64
2,30.022,24576,64
2,30.042,24576,64
2,30.042,24576,64
2,30.036,24576,64
2,30.036,24576,64
2,30.047,24576,64
2,30.047,24576,64
2,30.006,24576,64
2,30.006,24576,64
2,30.026,24576,64
2,30.026,24576,64
2,30.026,24576,64
2,30.026,24576,64
2,30.027,24576,64
2,30.027,24576,64
2,30.057,24576,64
2,30.043,24576,64
2,30.043,24576,64
2,30.038,24576,64
2,30.092,24576,64
2,30.092,24576,64
2,30.021,24576,64
2,30.021,24576,64
2,30.046,24576,64
2,30.031,24576,64
2,30.035,24576,64
2,30.035,24576,64
2,30.027,24576,64
2,30.027,24576,64
2,30.016,24576,64
2,30.016,24576,64
2,30.042,24576,64
2,30.042,24576,64
2,30.027,24576,64
2,30.027,24576,64
2,30.026,24576,64
2,30.026,24576,64
2,30.023,24576,64
2,30.023,24576,64
2,30.042,24576,64
2,30.042,24576,64
2,30.032,24576,64
2,30.032,24576,64
2,30.016,24576,64
2,30.016,24576,64
2,30.017,24576,64
2,30.017,24576,64
2,30.039,24576,64
2,30.023,24576,64
2,30.053,24576,64
2,30.053,24576,64
2,30.027,24576,64
2,30.027,24576,64
2,30.026,24576,64
2,30.026,24576,64
2,30.022,24576,64
2,30.022,24576,64
2,30.063,24576,64
2,30.063,24576,64
2,30.049,24576,64
2,30.049,24576,64
2,30.043,24576,64
2,30.043,24576,64
2,30.023,24576,64
2,30.023,24576,64
2,30.037,24576,64
2,30.037,24576,64
2,30.039,24576,64
2,30.039,24576,64
2,30.021,24576,64
2,30.021,24576,64
2,30.034,24576,64
2,30.034,24576,64
2,30.055,24576,64
2,30.055,24576,64
2,30.034,24576,64
2,30.019,24576,64
2,30.025,24576,64
2,30.025,24576,64
2,30.043,24576,64
2,30.043,24576,64
2,30.026,24576,64
2,30.01,24576,64
2,30.043,24576,64
2,30.043,24576,64
2,30.032,24576,64
2,30.032,24576,64
2,30.048,24576,64
2,30.048,24576,64
2,30.028,24576,64
2,30.028,24576,64
2,30.044,24576,64
2,30.044,24576,64
2,30.033,24576,64
2,30.033,24576,64
2,30.041,24576,64
2,30.025,24576,64
2,30.034,24576,64
2,30.019,24576,64
2,30.054,24576,64
2,30.054,24576,64
2,30.02,24576,64
2,30.02,24576,64
2,30.034,24576,64
2,30.034,24576,64
2,30.027,24576,64
2,30.027,24576,64
2,30.026,24576,64
2,30.026,24576,64
2,30.014,24576,64
2,30.014,24576,64
2,30.031,24576,64
2,30.031,24576,64
2,30.025,24576,64
2,30.025,24576,64
2,30.049,24576,64
2,30.034,24576,64
2,30.039,24576,64
2,30.039,24576,64
2,30.011,24576,64
2,30.011,24576,64
2,30.03,24576,64
2,30.03,24576,64
2,30.036,24576,64
2,30.036,24576,64
2,30.022,24576,64
2,30.022,24576,64
2,30.029,24576,64
2,30.029,24576,64
2,30.029,24576,64
2,30.036,24576,64
2,30.036,24576,64
2,30.014,24576,64
2,30.061,24576,64
2,30.061,24576,64
2,30.028,24576,64
2,30.028,24576,64
2,30.025,24576,64
2,30.025,24576,64
2,30.021,24576,64
2,30.021,24576,64
2,30.03,24576,64
2,30.061,24576,64
2,30.026,24576,64
2,30.026,24576,64
2,30.042,24576,64
2,30.042,24576,64
2,30.027,24576,64
2,30.027,24576,64
2,30.043,24576,64
2,30.043,24576,64
2,30.027,24576,64
2,30.027,24576,64
2,30.024,24576,64
2,30.024,24576,64
2,30.036,24576,64
2,30.036,24576,64
2,30.036,24576,64
2,30.036,24576,64
2,30.02,24576,64
2,30.02,24576,64
2,30.042,24576,64
2,30.042,24576,64
2,30.035,24576,64
2,30.035,24576,64
2,30.038,24576,64
2,30.038,24576,64
2,30.009,24576,64
2,30.009,24576,64
2,30.027,24576,64
2,30.027,24576,64
2,30.033,24576,64
2,30.033,24576,64
2,30.033,24576,64
2,30.033,24576,64
2,30.032,24576,64
2,30.032,24576,64
2,30.072,24576,64
2,30.057,24576,64
2,30.034,24576,64
2,30.034,24576,64
2,30.016,24576,64
2,30.016,24576,64
2,30.058,24576,64
2,30.058,24576,64
2,30.024,24576,64
2,30.024,24576,64
2,30.039,24576,64
2,30.023,24576,64
2,30.028,24576,64
2,30.028,24576,64
2,30.041,24576,64
2,30.041,24576,64
2,30.032,24576,64
2,30.032,24576,64
2,30.047,24576,64
2,30.031,24576,64
2,30.019,24576,64
2,30.019,24576,64
2,30.032,24576,64
2,30.047,24576,64
2,30.031,24576,64
2,30.015,24576,64
2,30.021,24576,64
2,30.021,24576,64
2,30.038,24576,64
2,30.038,24576,64
2,30.023,24576,64
2,30.023,24576,64
2,30.028,24576,64
2,30.028,24576,64
2,30.05,24576,64
2,30.05,24576,64
2,30.029,24576,64
2,30.029,24576,64
2,30.038,24576,64
2,30.022,24576,64
2,30.041,24576,64
2,30.025,24576,64
2,30.029,24576,64
2,30.029,24576,64
2,30.051,24576,64
2,30.051,24576,64
2,30.048,24576,64
2,30.048,24576,64
2,30.043,24576,64
2,30.043,24576,64
2,30.022,24576,64
2,30.022,24576,64
2,30.026,24576,64
2,30.026,24576,64
2,30.036,24576,64
2,30.036,24576,64
2,30.04,24576,64
2,30.04,24576,64
2,30.043,24576,64
2,30.043,24576,64
2,30.04,24576,64
2,30.04,24576,64
1,0.568,1024,64
2,30.046,24576,64
2,30.076,24576,64
2,30.076,24576,64
2,30.03,24576,64
2,30.112,24576,64
2,30.084,24576,64
2,30.035,24576,64
2,30.035,24576,64
2,30.033,24576,64
2,30.033,24576,64
2,30.036,24576,64
2,30.036,24576,64
2,30.022,24576,64
2,30.022,24576,64
2,30.03,24576,64
2,30.03,24576,64
2,30.022,24576,64
2,30.022,24576,64
1,0.014,1024,64
2,30.033,24576,64
2,30.033,24576,64
2,30.077,24576,64
2,30.077,24576,64
2,30.022,24576,64
2,30.022,24576,64
2,30.035,24576,64
2,30.035,24576,64
2,30.032,24576,64
2,30.032,24576,64
2,30.035,24576,64
2,30.035,24576,64
2,30.047,24576,64
2,30.047,24576,64
2,30.041,24576,64
2,30.041,24576,64
1,0.019,1024,64
2,30.043,24576,64
2,30.043,24576,64
2,30.025,24576,64
2,30.025,24576,64
2,30.032,24576,64
2,30.032,24576,64
1,0.012,1024,64
1,0.015,1024,64
1,0.013,1024,64
2,30.042,24576,64
2,30.027,24576,64
1,0.016,1024,64
2,30.023,24576,64
2,30.023,24576,64
2,30.033,24576,64
2,30.033,24576,64
1,0.014,1024,64
2,30.032,24576,64
2,30.032,24576,64
1,0.012,1024,64
2,30.036,24576,64
2,30.036,24576,64
2,30.034,24576,64
2,30.034,24576,64
2,30.049,24576,64
2,30.049,24576,64
2,30.034,24576,64
2,30.034,24576,64
1,0.013,1024,64
2,30.035,24576,64
2,30.02,24576,64
2,30.024,24576,64
2,30.024,24576,64
2,30.062,24576,64
2,30.062,24576,64
1,0.017,1024,64
2,30.034,24576,64
2,30.034,24576,64
2,30.021,24576,64
2,30.021,24576,64
2,30.033,24576,64
2,30.033,24576,64
2,30.036,24576,64
2,30.036,24576,64
1,0.012,1024,64
1,0.013,1024,64
1,0.012,1024,64
2,30.031,24576,64
2,30.015,24576,64
2,30.043,24576,64
2,30.043,24576,64
1,0.011,1024,64
2,30.282,24576,64
2,30.282,24576,64
1,0.013,1024,64
2,30.032,24576,64
2,30.032,24576,64
2,30.038,24576,64
2,30.038,24576,64
2,30.05,24576,64
2,30.05,24576,64
2,30.028,24576,64
2,30.028,24576,64
2,30.028,24576,64
2,30.028,24576,64
2,30.233,24576,64
2,30.233,24576,64
2,30.031,24576,64
2,30.031,24576,64
2,30.023,24576,64
2,30.023,24576,64
2,30.044,24576,64
2,30.029,24576,64
2,30.034,24576,64
2,30.034,24576,64
2,30.034,24576,64
2,30.018,24576,64
2,30.029,24576,64
2,30.029,24576,64
2,30.03,24576,64
2,30.03,24576,64
2,30.042,24576,64
2,30.027,24576,64
2,30.019,24576,64
2,30.019,24576,64
2,30.079,24576,64
2,30.079,24576,64
2,30.078,24576,64
2,30.078,24576,64
2,30.049,24576,64
2,30.034,24576,64
2,30.037,24576,64
2,30.037,24576,64
2,30.047,24576,64
2,30.032,24576,64
2,30.063,24576,64
2,30.063,24576,64
2,30.038,24576,64
2,30.038,24576,64
2,30.036,24576,64
2,30.036,24576,64
2,30.034,24576,64
2,30.034,24576,64
2,30.032,24576,64
2,30.032,24576,64
2,30.027,24576,64
2,30.027,24576,64
2,30.037,24576,64
2,30.037,24576,64
2,30.037,24576,64
2,30.037,24576,64
2,30.037,24576,64
2,30.037,24576,64
2,30.05,24576,64
2,30.05,24576,64
2,30.049,24576,64
2,30.049,24576,64
2,30.046,24576,64
2,30.046,24576,64
2,30.034,24576,64
2,30.034,24576,64
2,30.033,24576,64
2,30.033,24576,64
2,30.012,24576,64
2,30.012,24576,64
2,30.043,24576,64
2,30.043,24576,64
2,30.021,24576,64
2,30.021,24576,64
2,30.043,24576,64
2,30.043,24576,64
2,30.048,24576,64
2,30.033,24576,64
2,30.048,24576,64
2,30.048,24576,64
2,30.036,24576,64
2,30.023,24576,64
2,30.023,24576,64
2,30.021,24576,64
2,30.035,24576,64
2,30.023,24576,64
2,30.035,24576,64
2,30.035,24576,64
2,30.015,24576,64
2,30.015,24576,64
2,30.033,24576,64
2,30.033,24576,64
2,30.041,24576,64
2,30.041,24576,64
2,30.024,24576,64
2,30.024,24576,64
2,30.02,24576,64
2,30.02,24576,64
2,30.041,24576,64
2,30.056,24576,64
2,30.054,24576,64
2,30.054,24576,64
2,30.063,24576,64
2,30.063,24576,64
2,30.036,24576,64
2,30.036,24576,64
2,30.034,24576,64
2,30.034,24576,64
2,30.031,24576,64
2,30.031,24576,64
2,30.034,24576,64
2,30.034,24576,64
2,30.022,24576,64
2,30.022,24576,64
2,30.045,24576,64
2,30.045,24576,64
2,30.018,24576,64
2,30.018,24576,64
2,30.048,24576,64
2,30.048,24576,64
2,30.034,24576,64
2,30.034,24576,64
2,30.036,24576,64
2,30.036,24576,64
2,30.039,24576,64
2,30.039,24576,64
2,30.027,24576,64
2,30.027,24576,64
2,30.045,24576,64
2,30.048,24576,64
2,30.048,24576,64
2,30.03,24576,64
2,30.03,24576,64
2,30.03,24576,64
2,30.035,24576,64
2,30.035,24576,64
2,30.031,24576,64
2,30.031,24576,64
2,30.042,24576,64
2,30.042,24576,64
2,30.039,24576,64
2,30.039,24576,64
2,30.026,24576,64
2,30.026,24576,64
2,30.022,24576,64
2,30.022,24576,64
2,30.039,24576,64
2,30.039,24576,64
2,30.031,24576,64
2,30.018,24576,64
2,30.018,24576,64
2,30.018,24576,64
2,30.021,24576,64
2,30.021,24576,64
2,30.068,24576,64
2,30.068,24576,64
2,30.015,24576,64
2,30.015,24576,64
2,30.039,24576,64
2,30.039,24576,64
2,30.053,24576,64
2,30.053,24576,64
2,30.032,24576,64
2,30.032,24576,64
2,30.048,24576,64
2,30.03,24576,64
2,30.031,24576,64
2,30.031,24576,64
2,30.024,24576,64
2,30.024,24576,64
2,30.037,24576,64
2,30.037,24576,64
2,30.042,24576,64
2,30.042,24576,64
2,30.033,24576,64
2,30.033,24576,64
2,30.022,24576,64
2,30.022,24576,64
2,30.033,24576,64
2,30.033,24576,64
2,30.021,24576,64
2,30.021,24576,64
2,30.097,24576,64
2,30.097,24576,64
2,30.052,24576,64
2,30.052,24576,64
2,30.033,24576,64
2,30.033,24576,64
2,30.021,24576,64
2,30.021,24576,64
2,30.03,24576,64
2,30.03,24576,64
2,30.021,24576,64
2,30.021,24576,64
2,30.038,24576,64
2,30.038,24576,64
2,30.053,24576,64
2,30.047,24576,64
2,30.047,24576,64
2,30.037,24576,64
2,30.045,24576,64
2,30.045,24576,64
2,30.083,24576,64
2,30.068,24576,64
2,30.036,24576,64
2,30.036,24576,64
2,30.021,24576,64
2,30.021,24576,64
2,30.041,24576,64
2,30.041,24576,64
2,30.038,24576,64
2,30.038,24576,64
2,30.02,24576,64
2,30.02,24576,64
2,30.036,24576,64
2,30.036,24576,64
2,30.027,24576,64
2,30.027,24576,64
2,30.028,24576,64
2,30.06,24576,64
2,30.038,24576,64
2,30.038,24576,64
2,30.029,24576,64
2,30.029,24576,64
2,30.024,24576,64
2,30.024,24576,64
2,30.019,24576,64
2,30.019,24576,64
2,30.024,24576,64
2,30.024,24576,64
2,30.056,24576,64
2,30.056,24576,64
2,30.034,24576,64
2,30.034,24576,64
2,30.033,24576,64
2,30.033,24576,64
2,30.021,24576,64
2,30.021,24576,64
2,30.042,24576,64
2,30.042,24576,64
2,30.031,24576,64
2,30.041,24576,64
2,30.041,24576,64
2,30.015,24576,64
2,30.018,24576,64
2,30.018,24576,64
2,30.047,24576,64
2,30.047,24576,64
2,30.034,24576,64
2,30.034,24576,64
2,30.038,24576,64
2,30.022,24576,64
2,30.026,24576,64
2,30.026,24576,64
2,30.04,24576,64
2,30.04,24576,64
2,30.027,24576,64
2,30.027,24576,64
2,30.028,24576,64
2,30.028,24576,64
2,30.035,24576,64
2,30.035,24576,64
2,30.05,24576,64
2,30.034,24576,64
2,30.013,24576,64
2,30.013,24576,64
2,30.04,24576,64
2,30.04,24576,64
2,30.023,24576,64
2,30.023,24576,64
2,30.041,24576,64
2,30.01,24576,64
2,30.032,24576,64
2,30.032,24576,64
2,30.044,24576,64
2,30.028,24576,64
2,30.05,24576,64
2,30.05,24576,64
2,30.031,24576,64
2,30.031,24576,64
2,30.036,24576,64
2,30.036,24576,64
2,30.037,24576,64
2,30.037,24576,64
2,30.026,24576,64
2,30.026,24576,64
2,30.051,24576,64
2,30.051,24576,64
2,30.021,24576,64
2,30.021,24576,64
2,30.051,24576,64
2,30.036,24576,64
2,30.03,24576,64
2,30.03,24576,64
2,30.068,24576,64
2,30.068,24576,64
2,30.041,24576,64
2,30.041,24576,64
2,30.033,24576,64
2,30.033,24576,64
2,30.022,24576,64
2,30.022,24576,64
2,30.03,24576,64
2,30.03,24576,64
2,30.041,24576,64
2,30.041,24576,64
2,30.047,24576,64
2,30.031,24576,64
2,30.05,24576,64
2,30.05,24576,64
2,30.04,24576,64
2,30.04,24576,64
2,30.063,24576,64
2,30.037,24576,64
2,30.047,24576,64
2,30.022,24576,64
2,30.035,24576,64
2,30.035,24576,64
2,30.044,24576,64
2,30.028,24576,64
2,30.028,24576,64
2,30.028,24576,64
2,30.042,24576,64
2,30.042,24576,64
2,30.043,24576,64
2,30.043,24576,64
2,30.05,24576,64
2,30.034,24576,64
2,30.043,24576,64
2,30.043,24576,64
2,30.026,24576,64
2,30.026,24576,64
2,30.041,24576,64
2,30.041,24576,64
2,30.038,24576,64
2,30.038,24576,64
2,30.032,24576,64
2,30.032,24576,64
2,30.034,24576,64
2,30.034,24576,64
2,30.021,24576,64
2,30.021,24576,64
2,30.079,24576,64
2,30.079,24576,64
2,30.034,24576,64
2,30.034,24576,64
2,30.026,24576,64
2,30.026,24576,64
2,30.026,24576,64
2,30.026,24576,64
2,30.036,24576,64
2,30.036,24576,64
2,30.026,24576,64
2,30.026,24576,64
2,30.026,24576,64
2,30.026,24576,64
2,30.036,24576,64
2,30.036,24576,64
2,30.016,24576,64
2,30.016,24576,64
2,30.036,24576,64
2,30.036,24576,64
2,30.048,24576,64
2,30.048,24576,64
2,30.043,24576,64
2,30.043,24576,64
2,30.034,24576,64
2,30.034,24576,64
2,30.027,24576,64
2,30.027,24576,64
2,30.026,24576,64
2,30.026,24576,64
2,30.038,24576,64
2,30.038,24576,64
2,30.028,24576,64
2,30.028,24576,64
2,30.029,24576,64
2,30.029,24576,64
2,30.019,24576,64
2,30.019,24576,64
2,30.057,24576,64
2,30.057,24576,64
2,30.037,24576,64
2,30.037,24576,64
2,30.052,24576,64
2,30.036,24576,64
2,30.075,24576,64
2,30.075,24576,64
2,30.083,24576,64
2,30.035,24576,64
2,30.036,24576,64
2,30.036,24576,64
2,30.04,24576,64
2,30.04,24576,64
2,30.027,24576,64
2,30.027,24576,64
2,30.034,24576,64
2,30.034,24576,64
2,30.027,24576,64
2,30.027,24576,64
2,30.047,24576,64
2,30.047,24576,64
2,30.028,24576,64
2,30.028,24576,64
2,30.059,24576,64
2,30.059,24576,64
2,30.029,24576,64
2,30.029,24576,64
2,30.027,24576,64
2,30.027,24576,64
2,30.033,24576,64
2,30.033,24576,64
2,30.041,24576,64
2,30.041,24576,64
2,30.035,24576,64
2,30.035,24576,64
2,30.058,24576,64
2,30.042,24576,64
2,30.032,24576,64
2,30.032,24576,64
2,30.045,24576,64
2,30.045,24576,64
2,30.025,24576,64
2,30.025,24576,64
2,30.017,24576,64
2,30.017,24576,64
2,30.05,24576,64
2,30.05,24576,64
2,30.037,24576,64
2,30.037,24576,64
2,30.035,24576,64
2,30.035,24576,64
2,30.092,24576,64
2,30.092,24576,64
2,30.035,24576,64
2,30.035,24576,64
2,30.028,24576,64
2,30.028,24576,64
2,30.026,24576,64
2,30.026,24576,64
2,30.024,24576,64
2,30.024,24576,64
2,30.041,24576,64
2,30.041,24576,64
2,30.073,24576,64
2,30.073,24576,64
2,30.039,24576,64
2,30.023,24576,64
2,30.068,24576,64
2,30.068,24576,64
2,30.024,24576,64
2,30.024,24576,64
2,30.032,24576,64
2,30.017,24576,64
2,30.032,24576,64
2,30.032,24576,64
2,30.047,24576,64
2,30.047,24576,64
1,0.018,1024,64
2,30.052,24576,64
2,30.036,24576,64
2,30.129,24576,64
2,30.129,24576,64
2,30.023,24576,64
2,30.023,24576,64
1,0.015,1024,64
1,0.015,1024,64
2,30.025,24576,64
2,30.025,24576,64
2,30.025,24576,64
2,30.025,24576,64
2,30.052,24576,64
2,30.036,24576,64
1,0.015,1024,64
1,0.015,1024,64
2,30.024,24576,64
2,30.024,24576,64
2,30.036,24576,64
2,30.036,24576,64
2,30.037,24576,64
2,30.037,24576,64
2,30.036,24576,64
2,30.036,24576,64
2,30.047,24576,64
2,30.047,24576,64
2,30.04,24576,64
2,30.04,24576,64
2,30.036,24576,64
2,30.036,24576,64
2,30.022,24576,64
2,30.022,24576,64
2,30.033,24576,64
2,30.033,24576,64
2,30.074,24576,64
2,30.074,24576,64
2,30.036,24576,64
2,30.036,24576,64
2,30.024,24576,64
2,30.024,24576,64
2,30.039,24576,64
2,30.039,24576,64
2,30.046,24576,64
2,30.046,24576,64
2,30.033,24576,64
2,30.033,24576,64
2,30.024,24576,64
2,30.024,24576,64
2,30.032,24576,64
2,30.032,24576,64
2,30.032,24576,64
2,30.032,24576,64
2,30.042,24576,64
2,30.042,24576,64
3,5.055,2048,2048
2,30.042,24576,64
2,30.042,24576,64
2,30.028,24576,64
2,30.028,24576,64
2,30.043,24576,64
2,30.043,24576,64
2,30.029,24576,64
2,30.029,24576,64
2,30.038,24576,64
2,30.038,24576,64
2,30.032,24576,64
2,30.032,24576,64
2,30.187,24576,64
2,30.187,24576,64
2,30.021,24576,64
2,30.021,24576,64
2,30.039,24576,64
2,30.023,24576,64
2,30.042,24576,64
2,30.042,24576,64
2,30.016,24576,64
2,30.016,24576,64
2,30.046,24576,64
2,30.046,24576,64
2,30.016,24576,64
2,30.016,24576,64
2,30.043,24576,64
2,30.043,24576,64
2,30.033,24576,64
2,30.033,24576,64
2,30.043,24576,64
2,30.043,24576,64
2,30.032,24576,64
2,30.022,24576,64
2,30.022,24576,64
2,30.033,24576,64
2,30.033,24576,64
2,30.046,24576,64
2,30.046,24576,64
2,30.016,24576,64
2,30.046,24576,64
2,30.046,24576,64
2,30.033,24576,64
2,30.033,24576,64
2,30.027,24576,64
2,30.027,24576,64
2,30.013,24576,64
2,30.013,24576,64
2,30.032,24576,64
2,30.032,24576,64
2,30.107,24576,64
2,30.107,24576,64
2,30.056,24576,64
2,30.056,24576,64
2,30.047,24576,64
2,30.047,24576,64
2,30.032,24576,64
2,30.032,24576,64
2,30.027,24576,64
2,30.027,24576,64
2,30.048,24576,64
2,30.048,24576,64
2,30.048,24576,64
2,30.048,24576,64
2,30.031,24576,64
2,30.031,24576,64
2,30.047,24576,64
2,30.047,24576,64
2,30.181,24576,64
2,30.181,24576,64
2,30.022,24576,64
2,30.022,24576,64
2,30.037,24576,64
2,30.037,24576,64
2,30.043,24576,64
2,30.043,24576,64
2,30.045,24576,64
2,30.029,24576,64
2,30.035,24576,64
2,30.035,24576,64
2,30.034,24576,64
2,30.019,24576,64
2,30.015,24576,64
2,30.015,24576,64
1,0.015,1024,64
1,0.015,1024,64
2,30.025,24576,64
2,30.025,24576,64
2,30.062,24576,64
2,30.059,24576,64
2,30.059,24576,64
2,30.044,24576,64
2,30.028,24576,64
2,30.028,24576,64
2,30.033,24576,64
2,30.033,24576,64
2,30.042,24576,64
2,30.042,24576,64
2,30.031,24576,64
2,30.023,24576,64
2,30.023,24576,64
2,30.016,24576,64
2,30.048,24576,64
2,30.048,24576,64
2,30.027,24576,64
2,30.027,24576,64
2,30.027,24576,64
2,30.027,24576,64
2,30.022,24576,64
2,30.022,24576,64
2,30.032,24576,64
2,30.032,24576,64
2,30.033,24576,64
2,30.033,24576,64
2,30.031,24576,64
2,30.031,24576,64
2,30.007,24576,64
2,30.007,24576,64
2,30.031,24576,64
2,30.031,24576,64
2,30.034,24576,64
2,30.03,24576,64
2,30.05,24576,64
2,30.05,24576,64
2,30.029,24576,64
2,30.029,24576,64
2,30.033,24576,64
2,30.033,24576,64
2,30.03,24576,64
2,30.03,24576,64
2,30.033,24576,64
2,30.033,24576,64
2,30.016,24576,64
2,30.016,24576,64
2,30.033,24576,64
2,30.033,24576,64
2,30.034,24576,64
2,30.034,24576,64
2,30.025,24576,64
2,30.025,24576,64
2,30.024,24576,64
2,30.024,24576,64
2,30.038,24576,64
2,30.038,24576,64
2,30.039,24576,64
2,30.039,24576,64
2,30.053,24576,64
2,30.053,24576,64
2,30.033,24576,64
2,30.033,24576,64
2,30.024,24576,64
2,30.024,24576,64
2,30.036,24576,64
2,30.036,24576,64
2,30.04,24576,64
2,30.04,24576,64
2,30.019,24576,64
2,30.019,24576,64
2,30.037,24576,64
2,30.037,24576,64
2,30.033,24576,64
2,30.033,24576,64
2,30.034,24576,64
2,30.034,24576,64
2,30.05,24576,64
2,30.05,24576,64
2,30.041,24576,64
2,30.041,24576,64
2,30.04,24576,64
2,30.04,24576,64
2,30.023,24576,64
2,30.023,24576,64
2,30.07,24576,64
2,30.07,24576,64
2,30.019,24576,64
2,30.019,24576,64
2,30.038,24576,64
2,30.038,24576,64
2,30.022,24576,64
2,30.022,24576,64
2,30.02,24576,64
2,30.02,24576,64
2,30.024,24576,64
2,30.024,24576,64
2,30.041,24576,64
2,30.056,24576,64
2,30.035,24576,64
2,30.035,24576,64
2,30.036,24576,64
2,30.036,24576,64
2,30.067,24576,64
2,30.051,24576,64
2,30.085,24576,64
2,30.052,24576,64
2,30.039,24576,64
2,30.039,24576,64
2,30.036,24576,64
2,30.036,24576,64
2,30.031,24576,64
2,30.031,24576,64
2,30.027,24576,64
2,30.027,24576,64
2,30.027,24576,64
2,30.027,24576,64
2,30.027,24576,64
2,30.027,24576,64
2,30.041,24576,64
2,30.041,24576,64
2,30.03,24576,64
2,30.03,24576,64
2,30.04,24576,64
2,30.055,24576,64
2,30.022,24576,64
2,30.022,24576,64
2,30.068,24576,64
2,30.068,24576,64
2,30.034,24576,64
2,30.034,24576,64
2,30.029,24576,64
2,30.029,24576,64
2,30.033,24576,64
2,30.033,24576,64
2,30.04,24576,64
2,30.04,24576,64
2,30.033,24576,64
2,30.033,24576,64
2,30.048,24576,64
2,30.032,24576,64
2,30.046,24576,64
2,30.046,24576,64
2,30.023,24576,64
2,30.023,24576,64
2,30.032,24576,64
2,30.032,24576,64
2,30.057,24576,64
2,30.042,24576,64
2,30.039,24576,64
2,30.023,24576,64
2,30.024,24576,64
2,30.024,24576,64
2,30.027,24576,64
2,30.027,24576,64
2,30.027,24576,64
2,30.027,24576,64
2,30.037,24576,64
2,30.037,24576,64
2,30.016,24576,64
2,30.016,24576,64
2,30.027,24576,64
2,30.027,24576,64
2,30.027,24576,64
2,30.027,24576,64
2,30.025,24576,64
2,30.04,24576,64
2,30.047,24576,64
2,30.047,24576,64
2,30.029,24576,64
2,30.029,24576,64
2,30.032,24576,64
2,30.032,24576,64
2,30.033,24576,64
2,30.033,24576,64
2,30.02,24576,64
2,30.02,24576,64
2,30.031,24576,64
2,30.031,24576,64
2,30.049,24576,64
2,30.049,24576,64
2,30.032,24576,64
2,30.032,24576,64
2,30.041,24576,64
2,30.041,24576,64
2,30.019,24576,64
2,30.019,24576,64
2,30.033,24576,64
2,30.017,24576,64
2,30.101,24576,64
2,30.038,24576,64
2,30.047,24576,64
2,30.047,24576,64
2,30.044,24576,64
2,30.044,24576,64
1,0.49,1024,64
2,30.025,24576,64
2,30.025,24576,64
2,30.038,24576,64
2,30.038,24576,64
2,30.042,24576,64
2,30.042,24576,64
2,30.032,24576,64
2,30.032,24576,64
2,30.029,24576,64
2,30.029,24576,64
2,30.037,24576,64
2,30.037,24576,64
2,30.056,24576,64
2,30.056,24576,64
2,30.037,24576,64
2,30.037,24576,64
2,30.037,24576,64
2,30.037,24576,64
2,30.043,24576,64
2,30.043,24576,64
2,30.021,24576,64
2,30.021,24576,64
2,30.032,24576,64
2,30.016,24576,64
2,30.029,24576,64
2,30.029,24576,64
2,30.049,24576,64
2,30.049,24576,64
2,30.016,24576,64
2,30.016,24576,64
2,30.093,24576,64
2,30.093,24576,64
2,30.028,24576,64
2,30.028,24576,64
2,30.032,24576,64
2,30.032,24576,64
2,30.027,24576,64
2,30.027,24576,64
2,30.036,24576,64
2,30.036,24576,64
2,30.046,24576,64
2,30.046,24576,64
2,30.03,24576,64
2,30.03,24576,64
2,30.027,24576,64
2,30.027,24576,64
2,30.069,24576,64
2,30.069,24576,64
2,30.024,24576,64
2,30.024,24576,64
2,30.027,24576,64
2,30.027,24576,64
2,30.042,24576,64
2,30.029,24576,64
2,30.052,24576,64
2,30.052,24576,64
2,30.039,24576,64
2,30.039,24576,64
2,30.039,24576,64
2,30.024,24576,64
2,30.052,24576,64
2,30.036,24576,64
2,30.031,24576,64
2,30.031,24576,64
2,30.047,24576,64
2,30.047,24576,64
2,30.02,24576,64
2,30.02,24576,64
2,30.039,24576,64
2,30.039,24576,64
2,30.043,24576,64
2,30.043,24576,64
2,30.026,24576,64
2,30.026,24576,64
2,30.033,24576,64
2,30.033,24576,64
2,30.038,24576,64
2,30.038,24576,64
2,30.059,24576,64
2,30.059,24576,64
2,30.041,24576,64
2,30.041,24576,64
2,30.018,24576,64
2,30.018,24576,64
2,30.018,24576,64
2,30.018,24576,64
2,30.038,24576,64
2,30.038,24576,64
2,30.129,24576,64
2,30.129,24576,64
2,30.048,24576,64
2,30.048,24576,64
2,30.018,24576,64
2,30.018,24576,64
2,30.035,24576,64
2,30.019,24576,64
2,30.039,24576,64
2,30.039,24576,64
2,30.035,24576,64
2,30.035,24576,64
2,30.042,24576,64
2,30.042,24576,64
2,30.03,24576,64
2,30.03,24576,64
2,30.048,24576,64
2,30.069,24576,64
2,30.069,24576,64
2,30.032,24576,64
2,30.053,24576,64
2,30.053,24576,64
2,30.017,24576,64
2,30.017,24576,64
2,30.028,24576,64
2,30.028,24576,64
2,30.079,24576,64
2,30.064,24576,64
2,30.03,24576,64
2,30.03,24576,64
2,30.022,24576,64
2,30.022,24576,64
2,30.034,24576,64
2,30.034,24576,64
2,30.042,24576,64
2,30.042,24576,64
1,0.015,1024,64
1,0.015,1024,64
2,30.033,24576,64
2,30.033,24576,64
2,30.038,24576,64
2,30.038,24576,64
2,30.035,24576,64
2,30.035,24576,64
2,30.041,24576,64
2,30.041,24576,64
2,30.025,24576,64
2,30.025,24576,64
2,30.045,24576,64
2,30.045,24576,64
2,30.043,24576,64
2,30.043,24576,64
2,30.027,24576,64
2,30.027,24576,64
2,30.026,24576,64
2,30.041,24576,64
2,30.043,24576,64
2,30.043,24576,64
2,30.128,24576,64
2,30.128,24576,64
2,30.045,24576,64
2,30.045,24576,64
2,30.031,24576,64
2,30.031,24576,64
2,30.042,24576,64
2,30.042,24576,64
2,30.032,24576,64
2,30.032,24576,64
2,30.034,24576,64
2,30.018,24576,64
2,30.019,24576,64
2,30.019,24576,64
2,30.059,24576,64
2,30.044,24576,64
2,30.047,24576,64
2,30.029,24576,64
2,30.059,24576,64
2,30.044,24576,64
2,30.033,24576,64
2,30.047,24576,64
2,30.031,24576,64
2,30.031,24576,64
2,30.044,24576,64
2,30.044,24576,64
2,30.058,24576,64
2,30.058,24576,64
2,30.031,24576,64
2,30.031,24576,64
2,30.03,24576,64
2,30.03,24576,64
2,30.052,24576,64
2,30.052,24576,64
2,30.047,24576,64
2,30.047,24576,64
2,30.039,24576,64
2,30.039,24576,64
2,30.03,24576,64
2,30.03,24576,64
2,30.02,24576,64
2,30.02,24576,64
2,30.046,24576,64
2,30.046,24576,64
2,30.039,24576,64
2,30.039,24576,64
2,30.038,24576,64
2,30.038,24576,64
2,30.03,24576,64
2,30.03,24576,64
2,30.032,24576,64
2,30.032,24576,64
2,30.037,24576,64
2,30.037,24576,64
2,30.029,24576,64
2,30.029,24576,64
2,30.029,24576,64
2,30.029,24576,64
2,30.027,24576,64
2,30.027,24576,64
2,30.016,24576,64
2,30.016,24576,64
2,30.036,24576,64
2,30.036,24576,64
2,30.04,24576,64
2,30.04,24576,64
2,30.064,24576,64
2,30.064,24576,64
2,30.025,24576,64
2,30.025,24576,64
2,30.022,24576,64
2,30.022,24576,64
2,30.025,24576,64
2,30.025,24576,64
2,30.031,24576,64
2,30.031,24576,64
2,30.038,24576,64
2,30.038,24576,64
2,30.04,24576,64
2,30.04,24576,64
2,30.046,24576,64
2,30.046,24576,64
2,30.024,24576,64
2,30.024,24576,64
2,30.037,24576,64
2,30.037,24576,64
2,30.027,24576,64
2,30.027,24576,64
2,30.023,24576,64
2,30.023,24576,64
2,30.021,24576,64
2,30.021,24576,64
2,30.04,24576,64
2,30.04,24576,64
2,30.062,24576,64
2,30.047,24576,64
2,30.038,24576,64
2,30.038,24576,64
2,30.023,24576,64
2,30.023,24576,64
2,30.007,24576,64
2,30.007,24576,64
2,30.032,24576,64
2,30.032,24576,64
2,30.036,24576,64
2,30.036,24576,64
2,30.03,24576,64
2,30.03,24576,64
2,30.025,24576,64
2,30.025,24576,64
2,30.038,24576,64
2,30.019,24576,64
2,30.019,24576,64
2,30.027,24576,64
2,30.027,24576,64
2,30.023,24576,64
2,30.037,24576,64
2,30.037,24576,64
2,30.022,24576,64
2,30.022,24576,64
2,30.034,24576,64
2,30.034,24576,64
2,30.037,24576,64
2,30.037,24576,64
2,30.039,24576,64
2,30.031,24576,64
2,30.031,24576,64
2,30.023,24576,64
2,30.022,24576,64
2,30.022,24576,64
2,30.037,24576,64
2,30.037,24576,64
2,30.037,24576,64
2,30.037,24576,64
2,30.048,24576,64
2,30.048,24576,64
2,30.04,24576,64
2,30.04,24576,64
2,30.035,24576,64
2,30.035,24576,64
2,30.024,24576,64
2,30.024,24576,64
2,30.024,24576,64
2,30.024,24576,64
2,30.072,24576,64
2,30.029,24576,64
2,30.029,24576,64
2,30.027,24576,64
2,30.027,24576,64
2,30.056,24576,64
2,30.019,24576,64
2,30.019,24576,64
2,30.037,24576,64
2,30.037,24576,64
2,30.032,24576,64
2,30.032,24576,64
2,30.044,24576,64
2,30.044,24576,64
2,30.032,24576,64
2,30.032,24576,64
2,30.049,24576,64
2,30.049,24576,64
2,30.079,24576,64
2,30.079,24576,64
2,30.021,24576,64
2,30.021,24576,64
2,30.031,24576,64
2,30.031,24576,64
2,30.037,24576,64
2,30.037,24576,64
2,30.037,24576,64
2,30.037,24576,64
2,30.027,24576,64
2,30.027,24576,64
2,30.027,24576,64
2,30.027,24576,64
2,30.027,24576,64
2,30.027,24576,64
2,30.037,24576,64
2,30.037,24576,64
2,30.047,24576,64
2,30.047,24576,64
2,30.08,24576,64
2,30.08,24576,64
2,30.03,24576,64
2,30.03,24576,64
2,30.032,24576,64
2,30.032,24576,64
2,30.024,24576,64
2,30.024,24576,64
3,8.954,4096,4096
2,30.031,24576,64
2,30.016,24576,64
2,30.03,24576,64
2,30.03,24576,64
2,30.032,24576,64
2,30.032,24576,64
2,30.011,24576,64
2,30.011,24576,64
2,30.061,24576,64
2,30.061,24576,64
2,30.025,24576,64
2,30.025,24576,64
2,30.024,24576,64
2,30.024,24576,64
2,30.042,24576,64
2,30.042,24576,64
2,30.023,24576,64
2,30.023,24576,64
2,30.051,24576,64
2,30.051,24576,64
2,30.028,24576,64
2,30.028,24576,64
2,30.03,24576,64
2,30.03,24576,64
2,30.025,24576,64
2,30.025,24576,64
2,30.034,24576,64
2,30.034,24576,64
2,30.028,24576,64
2,30.028,24576,64
2,30.055,24576,64
2,30.04,24576,64
2,30.043,24576,64
2,30.043,24576,64
2,30.035,24576,64
2,30.035,24576,64
2,30.027,24576,64
2,30.027,24576,64
2,30.048,24576,64
2,30.032,24576,64
2,30.043,24576,64
2,30.043,24576,64
2,30.018,24576,64
2,30.018,24576,64
2,30.026,24576,64
2,30.026,24576,64
2,30.043,24576,64
2,30.043,24576,64
2,30.037,24576,64
2,30.037,24576,64
2,30.024,24576,64
2,30.024,24576,64
2,30.042,24576,64
2,30.042,24576,64
2,30.037,24576,64
2,30.037,24576,64
2,30.028,24576,64
2,30.028,24576,64
2,30.031,24576,64
2,30.031,24576,64
2,30.039,24576,64
2,30.039,24576,64
2,30.037,24576,64
2,30.037,24576,64
2,30.021,24576,64
2,30.021,24576,64
2,30.028,24576,64
2,30.028,24576,64
2,30.042,24576,64
2,30.042,24576,64
2,30.051,24576,64
2,30.035,24576,64
2,30.024,24576,64
2,30.024,24576,64
2,30.074,24576,64
2,30.074,24576,64
2,30.029,24576,64
2,30.029,24576,64
2,30.027,24576,64
2,30.027,24576,64
2,30.025,24576,64
2,30.025,24576,64
2,30.026,24576,64
2,30.026,24576,64
2,30.035,24576,64
2,30.035,24576,64
2,30.079,24576,64
2,30.079,24576,64
2,30.051,24576,64
2,30.051,24576,64
2,30.03,24576,64
2,30.03,24576,64
2,30.043,24576,64
2,30.043,24576,64
2,30.044,24576,64
2,30.044,24576,64
2,30.043,24576,64
2,30.043,24576,64
2,30.069,24576,64
2,30.069,24576,64
2,30.032,24576,64
2,30.032,24576,64
2,30.025,24576,64
2,30.021,24576,64
2,30.048,24576,64
2,30.048,24576,64
2,30.037,24576,64
2,30.037,24576,64
2,30.042,24576,64
2,30.042,24576,64
2,30.022,24576,64
2,30.022,24576,64
2,30.03,24576,64
2,30.03,24576,64
2,30.063,24576,64
2,30.048,24576,64
2,30.038,24576,64
2,30.023,24576,64
2,30.021,24576,64
2,30.021,24576,64
2,30.037,24576,64
2,30.037,24576,64
2,30.022,24576,64
2,30.022,24576,64
2,30.028,24576,64
2,30.028,24576,64
2,30.025,24576,64
2,30.025,24576,64
2,30.029,24576,64
2,30.029,24576,64
2,30.039,24576,64
2,30.039,24576,64
2,30.02,24576,64
2,30.02,24576,64
2,30.05,24576,64
2,30.05,24576,64
2,30.035,24576,64
2,30.035,24576,64
2,30.049,24576,64
2,30.034,24576,64
2,30.026,24576,64
2,30.026,24576,64
2,30.009,24576,64
2,30.009,24576,64
2,30.021,24576,64
2,30.021,24576,64
2,30.023,24576,64
2,30.023,24576,64
2,30.032,24576,64
2,30.032,24576,64
2,30.019,24576,64
2,30.019,24576,64
2,30.042,24576,64
2,30.042,24576,64
2,30.054,24576,64
2,30.054,24576,64
2,30.048,24576,64
2,30.048,24576,64
2,30.022,24576,64
2,30.022,24576,64
2,30.045,24576,64
2,30.045,24576,64
2,30.095,24576,64
2,30.095,24576,64
2,30.034,24576,64
2,30.049,24576,64
2,30.052,24576,64
2,30.037,24576,64
2,30.041,24576,64
2,30.041,24576,64
2,30.02,24576,64
2,30.02,24576,64
2,30.048,24576,64
2,30.048,24576,64
2,30.021,24576,64
2,30.021,24576,64
2,30.108,24576,64
2,30.108,24576,64
2,30.026,24576,64
2,30.026,24576,64
1,0.015,1024,64
1,0.015,1024,64
2,30.039,24576,64
2,30.058,24576,64
2,30.102,24576,64
2,30.102,24576,64
2,30.037,24576,64
2,30.037,24576,64
2,30.027,24576,64
2,30.027,24576,64
2,30.027,24576,64
2,30.027,24576,64
2,30.038,24576,64
2,30.038,24576,64
2,30.034,24576,64
2,30.019,24576,64
2,30.038,24576,64
2,30.026,24576,64
2,30.026,24576,64
2,30.023,24576,64
2,30.033,24576,64
2,30.033,24576,64
2,30.021,24576,64
2,30.021,24576,64
2,30.027,24576,64
2,30.027,24576,64
2,30.018,24576,64
2,30.018,24576,64
2,30.048,24576,64
2,30.048,24576,64
2,30.026,24576,64
2,30.026,24576,64
2,30.047,24576,64
2,30.047,24576,64
2,30.01,24576,64
2,30.01,24576,64
2,30.039,24576,64
2,30.023,24576,64
2,30.036,24576,64
2,30.036,24576,64
2,30.028,24576,64
2,30.012,24576,64
2,30.027,24576,64
2,30.027,24576,64
2,30.048,24576,64
2,30.048,24576,64
2,30.032,24576,64
2,30.032,24576,64
2,30.031,24576,64
2,30.031,24576,64
2,30.02,24576,64
2,30.02,24576,64
2,30.033,24576,64
2,30.033,24576,64
2,30.032,24576,64
2,30.032,24576,64
2,30.019,24576,64
2,30.019,24576,64
2,30.034,24576,64
2,30.034,24576,64
2,30.012,24576,64
2,30.012,24576,64
2,30.038,24576,64
2,30.038,24576,64
2,30.039,24576,64
2,30.039,24576,64
2,30.047,24576,64
2,30.047,24576,64
1,0.896,2048,64
2,30.052,24576,64
2,30.036,24576,64
2,30.032,24576,64
2,30.032,24576,64
2,30.047,24576,64
2,30.047,24576,64
2,30.024,24576,64
2,30.024,24576,64
2,30.015,24576,64
2,30.015,24576,64
2,30.027,24576,64
2,30.027,24576,64
2,30.047,24576,64
2,30.047,24576,64
2,30.042,24576,64
2,30.042,24576,64
1,0.012,1024,64
2,30.061,24576,64
2,30.061,24576,64
2,30.02,24576,64
2,30.02,24576,64
1,0.013,1024,64
1,0.013,1024,64
1,0.012,1024,64
1,0.012,1024,64
2,30.042,24576,64
2,30.042,24576,64
1,0.012,1024,64
2,30.045,24576,64
2,30.045,24576,64
1,0.013,1024,64
2,30.024,24576,64
2,30.024,24576,64
1,0.012,1024,64
1,0.012,1024,64
2,30.097,24576,64
2,30.097,24576,64
1,0.014,1024,64
1,0.016,1024,64
1,0.02,1024,64
2,30.031,24576,64
2,30.031,24576,64
1,0.013,1024,64
2,30.026,24576,64
2,30.026,24576,64
1,0.011,1024,64
1,0.013,1024,64
2,30.026,24576,64
2,30.026,24576,64
2,30.047,24576,64
2,30.047,24576,64
2,30.033,24576,64
2,30.033,24576,64
2,30.048,24576,64
2,30.033,24576,64
2,30.027,24576,64
2,30.027,24576,64
2,30.028,24576,64
2,30.028,24576,64
2,30.034,24576,64
2,30.034,24576,64
2,30.035,24576,64
2,30.035,24576,64
2,30.033,24576,64
2,30.033,24576,64
2,30.017,24576,64
2,30.017,24576,64
2,30.061,24576,64
2,30.061,24576,64
2,30.024,24576,64
2,30.024,24576,64
2,30.083,24576,64
2,30.083,24576,64
2,30.036,24576,64
2,30.036,24576,64
2,30.027,24576,64
2,30.027,24576,64
2,30.028,24576,64
2,30.028,24576,64
2,30.029,24576,64
2,30.029,24576,64
2,30.032,24576,64
2,30.032,24576,64
2,30.037,24576,64
2,30.037,24576,64
2,30.03,24576,64
2,30.03,24576,64
2,30.034,24576,64
2,30.034,24576,64
2,30.037,24576,64
2,30.037,24576,64
2,30.047,24576,64
2,30.047,24576,64
2,30.017,24576,64
2,30.017,24576,64
2,30.019,24576,64
2,30.019,24576,64
2,30.028,24576,64
2,30.028,24576,64
2,30.088,24576,64
2,30.088,24576,64
2,30.025,24576,64
2,30.025,24576,64
2,30.027,24576,64
2,30.027,24576,64
2,30.021,24576,64
2,30.021,24576,64
2,30.042,24576,64
2,30.042,24576,64
2,30.065,24576,64
2,30.065,24576,64
2,30.037,24576,64
2,30.037,24576,64
2,30.019,24576,64
2,30.019,24576,64
2,30.036,24576,64
2,30.036,24576,64
2,30.028,24576,64
2,30.028,24576,64
2,30.023,24576,64
2,30.023,24576,64
2,30.047,24576,64
2,30.032,24576,64
2,30.05,24576,64
2,30.05,24576,64
2,30.041,24576,64
2,30.041,24576,64
2,30.039,24576,64
2,30.023,24576,64
2,30.016,24576,64
2,30.016,24576,64
2,30.021,24576,64
2,30.021,24576,64
2,30.042,24576,64
2,30.042,24576,64
2,30.042,24576,64
2,30.026,24576,64
2,30.041,24576,64
2,30.041,24576,64
2,30.057,24576,64
2,30.057,24576,64
2,30.079,24576,64
2,30.064,24576,64
2,30.031,24576,64
2,30.031,24576,64
2,30.032,24576,64
2,30.032,24576,64
2,30.041,24576,64
2,30.041,24576,64
2,30.043,24576,64
2,30.043,24576,64
2,30.099,24576,64
2,30.099,24576,64
2,30.026,24576,64
2,30.026,24576,64
2,30.039,24576,64
2,30.039,24576,64
2,30.03,24576,64
2,30.03,24576,64
2,30.029,24576,64
2,30.029,24576,64
2,30.022,24576,64
2,30.022,24576,64
2,30.023,24576,64
2,30.023,24576,64
2,30.045,24576,64
2,30.045,24576,64
2,30.046,24576,64
2,30.046,24576,64
2,30.032,24576,64
2,30.032,24576,64
2,30.037,24576,64
2,30.037,24576,64
2,30.025,24576,64
2,30.025,24576,64
2,30.032,24576,64
2,30.032,24576,64
2,30.046,24576,64
2,30.033,24576,64
2,30.038,24576,64
2,30.038,24576,64
2,30.014,24576,64
2,30.014,24576,64
2,30.047,24576,64
2,30.047,24576,64
2,30.024,24576,64
2,30.024,24576,64
2,30.022,24576,64
2,30.037,24576,64
2,30.041,24576,64
2,30.041,24576,64
2,30.023,24576,64
2,30.023,24576,64
2,30.041,24576,64
2,30.041,24576,64
2,30.033,24576,64
2,30.033,24576,64
2,30.03,24576,64
2,30.03,24576,64
2,30.037,24576,64
2,30.037,24576,64
2,30.08,24576,64
2,30.045,24576,64
2,30.045,24576,64
2,30.065,24576,64
2,30.114,24576,64
2,30.114,24576,64
2,30.03,24576,64
2,30.03,24576,64
2,30.032,24576,64
2,30.032,24576,64
2,30.033,24576,64
2,30.033,24576,64
2,30.047,24576,64
2,30.047,24576,64
2,30.039,24576,64
2,30.039,24576,64
2,30.046,24576,64
2,30.046,24576,64
2,30.063,24576,64
2,30.063,24576,64
2,30.073,24576,64
2,30.073,24576,64
2,30.037,24576,64
2,30.037,24576,64
2,30.028,24576,64
2,30.028,24576,64
2,30.027,24576,64
2,30.027,24576,64
2,30.033,24576,64
2,30.033,24576,64
2,30.027,24576,64
2,30.027,24576,64
2,30.02,24576,64
2,30.02,24576,64
2,30.023,24576,64
2,30.023,24576,64
2,30.151,24576,64
2,30.151,24576,64
2,30.038,24576,64
2,30.038,24576,64
2,30.037,24576,64
2,30.038,24576,64
2,30.038,24576,64
2,30.022,24576,64
2,30.034,24576,64
2,30.019,24576,64
2,30.053,24576,64
2,30.053,24576,64
2,30.042,24576,64
2,30.042,24576,64
2,30.042,24576,64
2,30.042,24576,64
2,30.028,24576,64
2,30.028,24576,64
2,30.034,24576,64
2,30.034,24576,64
2,30.09,24576,64
2,30.09,24576,64
2,30.036,24576,64
2,30.036,24576,64
2,30.036,24576,64
2,30.036,24576,64
2,30.031,24576,64
2,30.031,24576,64
2,30.023,24576,64
2,30.023,24576,64
2,30.035,24576,64
2,30.035,24576,64
2,30.035,24576,64
2,30.035,24576,64
2,30.025,24576,64
2,30.025,24576,64
2,30.025,24576,64
2,30.025,24576,64
2,30.029,24576,64
2,30.029,24576,64
2,30.042,24576,64
2,30.042,24576,64
2,30.067,24576,64
2,30.067,24576,64
2,30.038,24576,64
2,30.053,24576,64
2,30.047,24576,64
2,30.032,24576,64
2,30.039,24576,64
2,30.025,24576,64
2,30.025,24576,64
2,30.028,24576,64
2,30.023,24576,64
2,30.012,24576,64
2,30.044,24576,64
2,30.044,24576,64
2,30.031,24576,64
2,30.015,24576,64
2,30.033,24576,64
2,30.033,24576,64
2,30.024,24576,64
2,30.024,24576,64
2,30.022,24576,64
2,30.022,24576,64
2,30.035,24576,64
2,30.035,24576,64
2,30.042,24576,64
2,30.026,24576,64
2,30.034,24576,64
2,30.034,24576,64
2,30.034,24576,64
2,30.034,24576,64
2,30.042,24576,64
2,30.042,24576,64
3,4.502,2048,2048
2,30.046,24576,64
2,30.046,24576,64
2,59.569,24576,64
2,59.569,24576,64
2,30.033,24576,64
2,30.033,24576,64
2,30.05,24576,64
2,30.05,24576,64
2,30.019,24576,64
2,30.019,24576,64
2,30.041,24576,64
2,30.041,24576,64
2,30.075,24576,64
2,30.043,24576,64
2,30.027,24576,64
2,30.027,24576,64
2,30.038,24576,64
2,30.038,24576,64
2,30.021,24576,64
2,30.021,24576,64
2,30.039,24576,64
2,30.023,24576,64
2,30.035,24576,64
2,30.035,24576,64
2,30.021,24576,64
2,30.021,24576,64
2,30.028,24576,64
2,30.028,24576,64
2,30.022,24576,64
2,30.022,24576,64
2,30.037,24576,64
2,30.037,24576,64
2,30.037,24576,64
2,30.052,24576,64
2,30.041,24576,64
2,30.041,24576,64
2,30.027,24576,64
2,30.027,24576,64
2,30.024,24576,64
2,30.024,24576,64
2,30.029,24576,64
2,30.029,24576,64
2,30.055,24576,64
2,30.055,24576,64
2,59.462,24576,64
2,59.462,24576,64
2,30.04,24576,64
2,30.04,24576,64
2,30.031,24576,64
2,30.031,24576,64
2,30.017,24576,64
2,30.017,24576,64
2,30.037,24576,64
2,30.037,24576,64
2,30.043,24576,64
2,30.027,24576,64
2,30.031,24576,64
2,30.031,24576,64
2,30.016,24576,64
2,30.016,24576,64
2,30.036,24576,64
2,30.036,24576,64
2,30.031,24576,64
2,30.031,24576,64
2,30.055,24576,64
2,30.055,24576,64
2,30.017,24576,64
2,30.017,24576,64
2,30.036,24576,64
2,30.036,24576,64
2,30.033,24576,64
2,30.033,24576,64
2,30.04,24576,64
2,30.04,24576,64
2,30.049,24576,64
2,30.049,24576,64
2,30.048,24576,64
2,30.048,24576,64
2,30.03,24576,64
2,30.03,24576,64
2,30.018,24576,64
2,30.018,24576,64
2,30.03,24576,64
2,30.013,24576,64
2,30.025,24576,64
2,30.025,24576,64
2,30.037,24576,64
2,30.037,24576,64
2,53.131,24576,64
2,53.131,24576,64
2,30.029,24576,64
2,30.029,24576,64
2,30.022,24576,64
2,30.022,24576,64
2,30.045,24576,64
2,30.045,24576,64
2,30.031,24576,64
2,30.031,24576,64
2,30.031,24576,64
2,30.031,24576,64
2,30.044,24576,64
2,30.029,24576,64
2,30.041,24576,64
2,30.041,24576,64
2,30.027,24576,64
2,30.027,24576,64
2,30.033,24576,64
2,30.033,24576,64
2,30.02,24576,64
2,30.02,24576,64
2,54.973,24576,64
2,54.973,24576,64
2,30.034,24576,64
2,30.034,24576,64
2,30.042,24576,64
2,30.042,24576,64
2,30.065,24576,64
2,30.046,24576,64
2,30.037,24576,64
2,30.037,24576,64
2,30.017,24576,64
2,30.017,24576,64
2,30.029,24576,64
2,30.029,24576,64
2,50.692,24576,64
2,50.692,24576,64
2,30.023,24576,64
2,30.023,24576,64
2,30.077,24576,64
2,30.077,24576,64
2,30.037,24576,64
2,30.021,24576,64
2,30.032,24576,64
2,30.016,24576,64
2,30.024,24576,64
2,30.024,24576,64
2,30.032,24576,64
2,30.032,24576,64
2,30.038,24576,64
2,30.038,24576,64
2,30.036,24576,64
2,30.036,24576,64
2,30.033,24576,64
2,30.033,24576,64
2,30.02,24576,64
2,30.02,24576,64
2,47.749,24576,64
2,47.749,24576,64
2,30.028,24576,64
2,30.028,24576,64
3,5.248,2048,2048
2,30.019,24576,64
2,30.019,24576,64
2,30.03,24576,64
2,30.03,24576,64
2,30.04,24576,64
2,30.04,24576,64
2,30.026,24576,64
2,30.026,24576,64
2,30.027,24576,64
2,30.027,24576,64
2,30.03,24576,64
2,30.03,24576,64
2,30.041,24576,64
2,30.041,24576,64
2,30.031,24576,64
2,30.031,24576,64
2,30.025,24576,64
2,30.025,24576,64
2,47.894,24576,64
2,47.894,24576,64
2,30.045,24576,64
2,30.045,24576,64
2,30.04,24576,64
2,30.04,24576,64
2,30.035,24576,64
2,30.035,24576,64
2,30.03,24576,64
2,30.03,24576,64
2,30.03,24576,64
2,30.014,24576,64
2,30.027,24576,64
2,30.027,24576,64
2,30.044,24576,64
2,30.028,24576,64
2,30.041,24576,64
2,30.041,24576,64
2,30.082,24576,64
2,30.082,24576,64
2,30.035,24576,64
2,30.035,24576,64
2,30.027,24576,64
2,30.027,24576,64
2,43.043,24576,64
2,30.037,24576,64
2,30.037,24576,64
2,43.027,24576,64
2,30.035,24576,64
2,30.035,24576,64
2,30.02,24576,64
2,30.02,24576,64
2,45.698,24576,64
2,45.698,24576,64
2,30.036,24576,64
2,30.02,24576,64
2,30.039,24576,64
2,30.023,24576,64
2,30.031,24576,64
2,30.031,24576,64
2,44.619,24576,64
2,44.619,24576,64
2,30.023,24576,64
2,30.023,24576,64
2,30.022,24576,64
2,30.022,24576,64
2,30.045,24576,64
2,30.028,24576,64
2,30.028,24576,64
2,30.029,24576,64
2,30.025,24576,64
2,30.025,24576,64
2,30.031,24576,64
2,30.031,24576,64
2,30.102,24576,64
2,30.102,24576,64
2,30.028,24576,64
2,30.028,24576,64
2,30.057,24576,64
2,30.04,24576,64
2,39.805,24576,64
2,39.805,24576,64
2,30.028,24576,64
2,30.028,24576,64
2,30.026,24576,64
2,30.026,24576,64
2,30.054,24576,64
2,30.054,24576,64
2,30.042,24576,64
2,30.026,24576,64
1,0.015,1024,64
1,0.015,1024,64
2,42.792,24576,64
2,42.792,24576,64
2,30.05,24576,64
2,30.05,24576,64
2,30.038,24576,64
2,30.038,24576,64
2,30.037,24576,64
2,30.037,24576,64
2,30.032,24576,64
2,30.032,24576,64
2,30.034,24576,64
2,30.034,24576,64
2,30.028,24576,64
2,30.028,24576,64
2,30.043,24576,64
2,30.043,24576,64
2,30.027,24576,64
2,30.027,24576,64
2,41.455,24576,64
2,41.391,24576,64
2,30.041,24576,64
2,30.041,24576,64
2,30.03,24576,64
2,30.03,24576,64
2,30.026,24576,64
2,30.026,24576,64
2,30.038,24576,64
2,30.038,24576,64
2,30.041,24576,64
2,30.026,24576,64
2,30.093,24576,64
2,30.078,24576,64
2,30.041,24576,64
2,30.041,24576,64
2,30.055,24576,64
2,30.057,24576,64
2,30.043,24576,64
2,30.045,24576,64
2,30.045,24576,64
2,30.042,24576,64
2,30.035,24576,64
2,30.035,24576,64
2,30.015,24576,64
2,30.015,24576,64
2,30.026,24576,64
2,30.026,24576,64
2,30.025,24576,64
2,30.025,24576,64
2,30.015,24576,64
2,30.015,24576,64
2,30.044,24576,64
2,30.044,24576,64
2,30.027,24576,64
2,30.027,24576,64
2,30.025,24576,64
2,30.025,24576,64
2,30.062,24576,64
2,30.062,24576,64
2,30.053,24576,64
2,30.053,24576,64
2,30.031,24576,64
2,30.031,24576,64
2,30.039,24576,64
2,30.023,24576,64
2,30.026,24576,64
2,30.026,24576,64
2,30.021,24576,64
2,30.021,24576,64
2,30.036,24576,64
2,30.036,24576,64
2,30.046,24576,64
2,30.046,24576,64
2,30.037,24576,64
2,30.037,24576,64
2,30.03,24576,64
2,30.03,24576,64
2,30.026,24576,64
2,30.026,24576,64
2,30.043,24576,64
2,30.043,24576,64
2,30.037,24576,64
2,30.037,24576,64
2,30.031,24576,64
2,30.016,24576,64
2,30.038,24576,64
2,30.038,24576,64
2,30.043,24576,64
2,30.043,24576,64
2,30.023,24576,64
2,30.023,24576,64
2,30.019,24576,64
2,30.019,24576,64
2,30.02,24576,64
2,30.02,24576,64
2,30.119,24576,64
2,30.119,24576,64
2,30.039,24576,64
2,30.024,24576,64
2,30.025,24576,64
2,30.025,24576,64
2,30.039,24576,64
2,30.029,24576,64
2,30.029,24576,64
2,30.024,24576,64
2,30.039,24576,64
2,30.039,24576,64
2,36.944,24576,64
2,36.944,24576,64
2,30.017,24576,64
2,30.017,24576,64
2,30.047,24576,64
2,30.047,24576,64
2,30.029,24576,64
2,30.029,24576,64
2,30.039,24576,64
2,30.024,24576,64
2,30.024,24576,64
2,30.023,24576,64
2,30.092,24576,64
2,30.092,24576,64
2,30.039,24576,64
2,30.047,24576,64
2,30.047,24576,64
2,30.043,24576,64
2,30.043,24576,64
2,30.02,24576,64
2,30.041,24576,64
2,30.025,24576,64
2,30.036,24576,64
2,30.036,24576,64
2,30.088,24576,64
2,30.088,24576,64
2,30.043,24576,64
2,30.043,24576,64
2,30.027,24576,64
2,30.027,24576,64
2,30.053,24576,64
2,30.053,24576,64
2,30.121,24576,64
2,30.121,24576,64
2,30.026,24576,64
2,30.026,24576,64
2,36.585,24576,64
2,36.585,24576,64
2,39.998,24576,64
2,39.998,24576,64
2,30.034,24576,64
2,30.034,24576,64
2,30.02,24576,64
2,30.02,24576,64
2,36.475,24576,64
2,36.475,24576,64
2,30.032,24576,64
2,30.032,24576,64
2,30.031,24576,64
2,30.031,24576,64
2,30.041,24576,64
2,30.041,24576,64
2,30.031,24576,64
2,30.031,24576,64
2,30.031,24576,64
2,30.023,24576,64
2,30.023,24576,64
2,30.031,24576,64
2,30.031,24576,64
2,30.031,24576,64
2,30.031,24576,64
2,30.016,24576,64
2,36.241,24576,64
2,36.241,24576,64
2,30.027,24576,64
2,30.027,24576,64
2,30.027,24576,64
2,30.027,24576,64
2,30.026,24576,64
2,30.041,24576,64
2,30.017,24576,64
2,30.017,24576,64
2,30.028,24576,64
2,30.028,24576,64
2,30.034,24576,64
2,30.034,24576,64
2,30.052,24576,64
2,30.036,24576,64
2,30.045,24576,64
2,30.045,24576,64
2,30.042,24576,64
2,30.026,24576,64
2,30.026,24576,64
2,30.027,24576,64
2,30.046,24576,64
2,30.046,24576,64
2,30.031,24576,64
2,30.031,24576,64
2,30.029,24576,64
2,30.029,24576,64
2,30.01,24576,64
2,30.01,24576,64
2,30.022,24576,64
2,30.022,24576,64
2,30.053,24576,64
2,30.021,24576,64
2,30.021,24576,64
2,30.046,24576,64
2,30.046,24576,64
2,30.037,24576,64
2,30.117,24576,64
2,30.117,24576,64
2,30.057,24576,64
2,30.057,24576,64
2,30.028,24576,64
2,30.028,24576,64
2,30.034,24576,64
2,30.037,24576,64
2,30.037,24576,64
2,30.019,24576,64
2,30.039,24576,64
2,30.039,24576,64
2,30.028,24576,64
2,30.028,24576,64
2,30.021,24576,64
2,30.021,24576,64
2,30.023,24576,64
2,30.023,24576,64
2,30.032,24576,64
2,30.057,24576,64
2,30.057,24576,64
2,30.04,24576,64
2,30.04,24576,64
2,30.029,24576,64
2,30.029,24576,64
2,30.019,24576,64
2,30.045,24576,64
2,30.045,24576,64
2,30.037,24576,64
2,30.037,24576,64
2,30.06,24576,64
2,30.06,24576,64
2,30.029,24576,64
2,30.029,24576,64
2,30.037,24576,64
2,30.037,24576,64
2,30.029,24576,64
2,30.029,24576,64
2,30.029,24576,64
2,30.029,24576,64
2,30.181,24576,64
2,30.181,24576,64
2,30.165,24576,64
2,30.165,24576,64
2,30.025,24576,64
2,30.025,24576,64
2,30.031,24576,64
2,30.031,24576,64
2,30.046,24576,64
2,30.046,24576,64
2,30.04,24576,64
2,30.038,24576,64
2,30.038,24576,64
2,30.035,24576,64
2,30.035,24576,64
2,30.044,24576,64
2,30.024,24576,64
2,30.028,24576,64
2,30.015,24576,64
2,30.015,24576,64
2,39.098,24576,64
2,39.098,24576,64
2,30.037,24576,64
2,30.037,24576,64
2,30.039,24576,64
2,30.028,24576,64
2,30.028,24576,64
2,30.054,24576,64
2,30.054,24576,64
2,30.023,24576,64
2,30.023,24576,64
2,30.023,24576,64
2,30.04,24576,64
2,30.04,24576,64
2,30.081,24576,64
2,30.081,24576,64
2,30.046,24576,64
2,30.026,24576,64
2,30.026,24576,64
2,30.044,24576,64
2,30.044,24576,64
2,30.028,24576,64
2,30.025,24576,64
2,30.025,24576,64
2,30.028,24576,64
2,30.028,24576,64
2,30.023,24576,64
2,30.023,24576,64
2,30.031,24576,64
2,30.031,24576,64
2,30.022,24576,64
2,30.022,24576,64
2,30.057,24576,64
2,30.057,24576,64
2,30.041,24576,64
2,30.041,24576,64
2,30.029,24576,64
2,30.029,24576,64
2,30.024,24576,64
2,30.024,24576,64
2,30.029,24576,64
2,30.029,24576,64
2,30.017,24576,64
2,30.017,24576,64
2,30.029,24576,64
2,30.029,24576,64
2,30.03,24576,64
2,30.03,24576,64
2,35.264,24576,64
2,35.264,24576,64
2,30.029,24576,64
2,30.029,24576,64
2,30.03,24576,64
2,30.03,24576,64
2,35.217,24576,64
2,35.217,24576,64
2,30.041,24576,64
2,30.041,24576,64
2,30.036,24576,64
2,30.036,24576,64
2,30.075,24576,64
2,30.075,24576,64
2,30.09,24576,64
2,30.09,24576,64
2,30.031,24576,64
2,30.031,24576,64
2,30.032,24576,64
2,30.032,24576,64
2,30.026,24576,64
2,30.026,24576,64
2,30.025,24576,64
2,30.025,24576,64
2,38.469,24576,64
2,38.469,24576,64
2,30.033,24576,64
2,30.033,24576,64
2,30.023,24576,64
2,30.023,24576,64
2,30.027,24576,64
2,30.027,24576,64
2,30.043,24576,64
2,30.043,24576,64
2,30.038,24576,64
2,30.05,24576,64
2,30.042,24576,64
2,30.042,24576,64
2,30.026,24576,64
2,30.026,24576,64
2,30.033,24576,64
2,30.033,24576,64
2,30.021,24576,64
2,30.021,24576,64
2,30.032,24576,64
2,30.032,24576,64
2,30.062,24576,64
2,30.032,24576,64
2,30.032,24576,64
2,30.047,24576,64
2,30.033,24576,64
2,30.033,24576,64
2,30.034,24576,64
2,30.034,24576,64
2,30.039,24576,64
2,30.039,24576,64
2,34.241,24576,64
2,34.241,24576,64
2,30.032,24576,64
2,30.05,24576,64
2,30.033,24576,64
2,30.033,24576,64
2,30.024,24576,64
2,30.024,24576,64
2,30.032,24576,64
2,30.032,24576,64
2,30.039,24576,64
2,30.039,24576,64
2,30.039,24576,64
2,30.039,24576,64
2,30.227,24576,64
2,30.227,24576,64
2,30.033,24576,64
2,30.033,24576,64
2,30.033,24576,64
2,30.033,24576,64
2,30.061,24576,64
2,30.046,24576,64
2,30.041,24576,64
2,30.041,24576,64
2,30.037,24576,64
2,30.037,24576,64
2,30.028,24576,64
2,30.028,24576,64
2,30.071,24576,64
2,30.071,24576,64
2,30.025,24576,64
2,30.025,24576,64
2,30.038,24576,64
2,30.038,24576,64
2,30.026,24576,64
2,30.026,24576,64
2,30.046,24576,64
2,30.046,24576,64
2,30.038,24576,64
2,30.038,24576,64
2,30.019,24576,64
2,30.019,24576,64
1,0.015,1024,64
2,30.039,24576,64
2,30.039,24576,64
2,30.028,24576,64
2,30.028,24576,64
2,30.061,24576,64
2,30.061,24576,64
2,30.061,24576,64
2,30.061,24576,64
2,30.031,24576,64
2,30.031,24576,64
2,30.035,24576,64
2,30.035,24576,64
2,30.07,24576,64
2,30.07,24576,64
2,30.035,24576,64
2,30.035,24576,64
2,30.031,24576,64
2,30.031,24576,64
2,31.195,24576,64
2,31.195,24576,64
2,30.046,24576,64
2,30.031,24576,64
2,30.032,24576,64
2,30.032,24576,64
2,30.042,24576,64
2,30.042,24576,64
2,30.309,24576,64
2,30.309,24576,64
2,30.044,24576,64
2,30.044,24576,64
2,30.027,24576,64
2,30.027,24576,64
2,30.045,24576,64
2,30.045,24576,64
2,30.018,24576,64
2,30.018,24576,64
2,30.033,24576,64
2,30.033,24576,64
2,30.03,24576,64
2,30.03,24576,64
2,30.055,24576,64
2,30.036,24576,64
2,30.015,24576,64
2,30.015,24576,64
2,30.019,24576,64
2,30.019,24576,64
2,30.031,24576,64
2,30.031,24576,64
2,30.048,24576,64
2,30.048,24576,64
2,30.037,24576,64
2,30.037,24576,64
2,30.027,24576,64
2,30.027,24576,64
2,30.032,24576,64
2,30.032,24576,64
2,30.066,24576,64
2,30.048,24576,64
2,31.858,24576,64
2,31.858,24576,64
2,30.017,24576,64
2,30.017,24576,64
2,30.028,24576,64
2,30.028,24576,64
2,31.591,24576,64
2,31.591,24576,64
2,30.036,24576,64
2,30.036,24576,64
2,30.017,24576,64
2,30.017,24576,64
2,30.042,24576,64
2,30.026,24576,64
2,30.048,24576,64
2,30.034,24576,64
2,30.042,24576,64
2,30.026,24576,64
2,30.961,24576,64
2,30.961,24576,64
2,30.118,24576,64
2,30.118,24576,64
2,30.21,24576,64
2,30.194,24576,64
2,30.044,24576,64
2,30.044,24576,64
2,30.032,24576,64
2,30.032,24576,64
2,30.033,24576,64
2,30.033,24576,64
2,30.024,24576,64
2,30.024,24576,64
2,30.077,24576,64
2,30.03,24576,64
2,30.039,24576,64
2,30.039,24576,64
2,30.018,24576,64
2,30.018,24576,64
2,31.246,24576,64
2,31.246,24576,64
2,30.042,24576,64
2,30.042,24576,64
2,30.066,24576,64
2,30.051,24576,64
2,30.048,24576,64
2,30.048,24576,64
2,30.036,24576,64
2,30.036,24576,64
2,30.03,24576,64
2,30.03,24576,64
2,30.083,24576,64
2,30.055,24576,64
2,30.039,24576,64
2,30.067,24576,64
2,30.41,24576,64
2,30.41,24576,64
2,30.017,24576,64
2,30.017,24576,64
2,30.036,24576,64
2,30.036,24576,64
2,30.033,24576,64
2,30.033,24576,64
2,30.057,24576,64
2,30.057,24576,64
2,30.021,24576,64
2,30.021,24576,64
2,30.025,24576,64
2,30.025,24576,64
2,30.031,24576,64
2,30.031,24576,64
2,30.041,24576,64
2,30.035,24576,64
2,30.035,24576,64
2,30.026,24576,64
2,30.019,24576,64
2,30.019,24576,64
2,30.035,24576,64
2,30.035,24576,64
2,30.124,24576,64
2,30.124,24576,64
2,30.035,24576,64
2,30.035,24576,64
2,30.025,24576,64
2,30.025,24576,64
2,30.025,24576,64
2,30.025,24576,64
1,0.494,1024,64
1,0.191,1024,64
2,54.717,24576,64
2,73.978,24576,64
1,0.546,1024,64
2,30.049,24576,64
2,30.049,24576,64
2,30.033,24576,64
2,30.033,24576,64
2,30.057,24576,64
2,30.057,24576,64
2,30.037,24576,64
2,30.037,24576,64
2,30.038,24576,64
2,30.025,24576,64
2,30.064,24576,64
2,30.064,24576,64
2,32.339,24576,64
2,32.339,24576,64
2,30.051,24576,64
2,30.051,24576,64
2,30.033,24576,64
2,30.033,24576,64
2,30.029,24576,64
2,30.029,24576,64
2,30.037,24576,64
2,30.037,24576,64
2,30.046,24576,64
2,30.046,24576,64
2,30.028,24576,64
2,30.028,24576,64
2,30.021,24576,64
2,30.021,24576,64
2,30.041,24576,64
2,30.041,24576,64
2,30.04,24576,64
2,30.04,24576,64
2,30.042,24576,64
2,30.042,24576,64
2,30.028,24576,64
2,30.028,24576,64
2,30.054,24576,64
2,30.054,24576,64
2,30.017,24576,64
2,30.017,24576,64
2,30.026,24576,64
2,30.026,24576,64
2,30.033,24576,64
2,30.033,24576,64
2,30.035,24576,64
2,30.035,24576,64
2,30.051,24576,64
2,30.035,24576,64
2,30.048,24576,64
2,30.048,24576,64
2,30.086,24576,64
2,30.026,24576,64
2,30.026,24576,64
2,30.032,24576,64
2,30.032,24576,64
2,30.026,24576,64
2,30.034,24576,64
2,30.034,24576,64
2,30.027,24576,64
2,30.027,24576,64
2,30.048,24576,64
2,30.048,24576,64
2,30.052,24576,64
2,30.052,24576,64
2,30.042,24576,64
2,30.042,24576,64
2,30.04,24576,64
2,30.04,24576,64
2,30.023,24576,64
2,30.023,24576,64
2,30.028,24576,64
2,30.028,24576,64
2,30.046,24576,64
2,30.03,24576,64
2,30.054,24576,64
2,30.054,24576,64
2,30.012,24576,64
2,30.012,24576,64
2,30.027,24576,64
2,30.027,24576,64
2,30.031,24576,64
2,30.031,24576,64
2,30.064,24576,64
2,30.064,24576,64
2,30.03,24576,64
2,30.03,24576,64
2,30.027,24576,64
2,30.027,24576,64
2,30.033,24576,64
2,30.033,24576,64
2,30.028,24576,64
2,30.028,24576,64
2,30.045,24576,64
2,30.045,24576,64
2,30.044,24576,64
2,30.044,24576,64
2,30.024,24576,64
2,30.024,24576,64
2,30.044,24576,64
2,30.044,24576,64
2,30.024,24576,64
2,30.021,24576,64
2,30.029,24576,64
2,30.029,24576,64
2,30.037,24576,64
2,30.037,24576,64
2,30.03,24576,64
2,30.03,24576,64
2,30.039,24576,64
2,30.054,24576,64
2,30.038,24576,64
2,30.038,24576,64
2,30.095,24576,64
2,30.095,24576,64
2,30.058,24576,64
2,30.058,24576,64
2,30.012,24576,64
2,30.027,24576,64
2,30.037,24576,64
2,30.037,24576,64
2,30.036,24576,64
2,30.036,24576,64
2,30.029,24576,64
2,30.029,24576,64
2,30.036,24576,64
2,30.036,24576,64
2,30.031,24576,64
2,30.031,24576,64
2,30.037,24576,64
2,30.021,24576,64
2,30.029,24576,64
2,30.029,24576,64
2,30.034,24576,64
2,30.034,24576,64
2,30.034,24576,64
2,30.034,24576,64
2,30.032,24576,64
2,30.032,24576,64
2,30.051,24576,64
2,30.051,24576,64
2,30.011,24576,64
2,30.011,24576,64
2,30.028,24576,64
2,30.028,24576,64
2,30.043,24576,64
2,30.043,24576,64
2,30.015,24576,64
2,30.015,24576,64
2,30.026,24576,64
2,30.026,24576,64
2,30.05,24576,64
2,30.05,24576,64
2,30.047,24576,64
2,30.047,24576,64
2,30.011,24576,64
2,30.011,24576,64
2,30.049,24576,64
2,30.049,24576,64
2,30.097,24576,64
2,30.064,24576,64
2,30.031,24576,64
2,30.031,24576,64
2,30.035,24576,64
2,30.035,24576,64
2,30.029,24576,64
2,30.029,24576,64
2,30.042,24576,64
2,30.042,24576,64
2,30.034,24576,64
2,30.034,24576,64
2,30.04,24576,64
2,30.04,24576,64
2,30.02,24576,64
2,30.02,24576,64
1,0.014,1024,64
1,0.014,1024,64
2,30.044,24576,64
2,30.044,24576,64
2,30.042,24576,64
2,30.042,24576,64
2,30.028,24576,64
2,30.028,24576,64
2,30.043,24576,64
2,30.043,24576,64
2,30.094,24576,64
2,30.094,24576,64
2,30.048,24576,64
2,30.032,24576,64
2,30.026,24576,64
2,30.026,24576,64
2,30.024,24576,64
2,30.024,24576,64
2,30.038,24576,64
2,30.038,24576,64
2,30.032,24576,64
2,30.032,24576,64
2,30.054,24576,64
2,30.054,24576,64
2,30.028,24576,64
2,30.028,24576,64
2,30.058,24576,64
2,30.042,24576,64
2,30.044,24576,64
2,30.044,24576,64
2,30.05,24576,64
2,30.034,24576,64
2,30.039,24576,64
2,30.054,24576,64
2,30.054,24576,64
2,30.054,24576,64
2,30.038,24576,64
2,30.038,24576,64
2,30.049,24576,64
2,30.049,24576,64
2,30.03,24576,64
2,30.03,24576,64
2,30.035,24576,64
2,30.035,24576,64
2,30.03,24576,64
2,30.03,24576,64
2,30.034,24576,64
2,30.034,24576,64
2,30.01,24576,64
2,30.01,24576,64
2,30.032,24576,64
2,30.032,24576,64
2,30.037,24576,64
2,30.037,24576,64
2,30.044,24576,64
2,30.044,24576,64
2,30.034,24576,64
2,30.034,24576,64
2,30.055,24576,64
2,30.039,24576,64
2,30.053,24576,64
2,30.053,24576,64
2,30.037,24576,64
2,30.037,24576,64
2,30.037,24576,64
2,30.037,24576,64
2,30.024,24576,64
2,30.024,24576,64
2,30.05,24576,64
2,30.05,24576,64
2,30.032,24576,64
2,30.016,24576,64
2,30.025,24576,64
2,30.025,24576,64
2,30.022,24576,64
2,30.022,24576,64
2,30.038,24576,64
2,30.038,24576,64
2,30.029,24576,64
2,30.029,24576,64
2,30.034,24576,64
2,30.034,24576,64
2,30.039,24576,64
2,30.039,24576,64
2,30.041,24576,64
2,30.041,24576,64
2,30.032,24576,64
2,30.032,24576,64
2,30.041,24576,64
2,30.041,24576,64
2,30.021,24576,64
2,30.021,24576,64
2,30.13,24576,64
2,30.13,24576,64
2,30.029,24576,64
2,30.029,24576,64
2,30.036,24576,64
2,30.036,24576,64
2,30.025,24576,64
2,30.025,24576,64
2,30.036,24576,64
2,30.036,24576,64
2,30.203,24576,64
2,30.203,24576,64
2,30.043,24576,64
2,30.043,24576,64
2,30.029,24576,64
2,30.029,24576,64
2,30.037,24576,64
2,30.037,24576,64
2,30.029,24576,64
2,30.029,24576,64
2,30.036,24576,64
2,30.036,24576,64
2,30.036,24576,64
2,30.036,24576,64
2,30.031,24576,64
2,30.031,24576,64
2,30.04,24576,64
2,30.04,24576,64
2,30.027,24576,64
2,30.027,24576,64
2,30.021,24576,64
2,30.021,24576,64
2,30.034,24576,64
2,30.034,24576,64
2,30.051,24576,64
2,30.051,24576,64
2,30.035,24576,64
2,30.035,24576,64
2,30.077,24576,64
2,30.061,24576,64
2,30.046,24576,64
2,30.046,24576,64
2,30.025,24576,64
2,30.025,24576,64
2,30.047,24576,64
2,30.047,24576,64
2,30.025,24576,64
2,30.025,24576,64
2,30.033,24576,64
2,30.033,24576,64
2,30.045,24576,64
2,30.045,24576,64
2,30.041,24576,64
2,30.041,24576,64
2,30.031,24576,64
2,30.031,24576,64
2,30.042,24576,64
2,30.027,24576,64
2,30.027,24576,64
2,30.027,24576,64
2,30.012,24576,64
2,30.012,24576,64
2,30.236,24576,64
2,30.236,24576,64
2,30.027,24576,64
2,30.027,24576,64
2,30.03,24576,64
2,30.03,24576,64
2,30.03,24576,64
2,30.014,24576,64
2,30.027,24576,64
2,30.027,24576,64
2,30.042,24576,64
2,30.042,24576,64
2,30.019,24576,64
2,30.019,24576,64
2,30.031,24576,64
2,30.031,24576,64
2,30.019,24576,64
2,30.019,24576,64
2,30.039,24576,64
2,30.039,24576,64
2,30.047,24576,64
2,30.031,24576,64
2,30.019,24576,64
2,30.019,24576,64
2,30.03,24576,64
2,30.03,24576,64
2,30.04,24576,64
2,30.029,24576,64
2,30.029,24576,64
2,30.025,24576,64
2,30.024,24576,64
2,30.024,24576,64
2,30.022,24576,64
2,30.022,24576,64
2,30.027,24576,64
2,30.027,24576,64
2,30.025,24576,64
2,30.025,24576,64
2,30.032,24576,64
2,30.032,24576,64
2,30.027,24576,64
2,30.027,24576,64
2,30.028,24576,64
2,30.028,24576,64
2,30.04,24576,64
2,30.04,24576,64
2,30.037,24576,64
2,30.037,24576,64
2,30.072,24576,64
2,30.072,24576,64
2,30.038,24576,64
2,30.038,24576,64
2,30.042,24576,64
2,30.027,24576,64
2,30.04,24576,64
2,30.024,24576,64
2,30.031,24576,64
2,30.031,24576,64
2,30.055,24576,64
2,30.055,24576,64
2,30.027,24576,64
2,30.027,24576,64
2,30.013,24576,64
2,30.013,24576,64
2,30.032,24576,64
2,30.032,24576,64
2,30.017,24576,64
2,30.017,24576,64
2,30.064,24576,64
2,30.064,24576,64
2,30.031,24576,64
2,30.031,24576,64
2,30.031,24576,64
2,30.015,24576,64
2,30.04,24576,64
2,30.04,24576,64
2,30.063,24576,64
2,30.031,24576,64
2,30.029,24576,64
2,30.016,24576,64
2,30.037,24576,64
2,30.037,24576,64
2,30.031,24576,64
2,30.031,24576,64
2,30.021,24576,64
2,30.021,24576,64
2,30.032,24576,64
2,30.032,24576,64
2,30.123,24576,64
2,30.123,24576,64
2,30.033,24576,64
2,30.033,24576,64
2,30.026,24576,64
2,30.026,24576,64
2,30.051,24576,64
2,30.051,24576,64
2,30.036,24576,64
2,30.036,24576,64
2,30.018,24576,64
2,30.018,24576,64
2,30.048,24576,64
2,30.048,24576,64
2,30.058,24576,64
2,30.041,24576,64
2,30.038,24576,64
2,30.038,24576,64
2,30.036,24576,64
2,30.036,24576,64
2,30.097,24576,64
2,30.097,24576,64
2,30.027,24576,64
2,30.027,24576,64
2,30.043,24576,64
2,30.043,24576,64
2,30.023,24576,64
2,30.023,24576,64
2,30.043,24576,64
2,30.043,24576,64
2,30.065,24576,64
2,30.065,24576,64
2,30.039,24576,64
2,30.039,24576,64
2,30.023,24576,64
2,30.023,24576,64
2,30.034,24576,64
2,30.034,24576,64
2,30.03,24576,64
2,30.03,24576,64
2,30.021,24576,64
2,30.021,24576,64
2,30.017,24576,64
2,30.017,24576,64
2,30.03,24576,64
2,30.014,24576,64
2,30.035,24576,64
2,30.035,24576,64
2,30.031,24576,64
2,30.031,24576,64
2,30.033,24576,64
2,30.033,24576,64
2,30.021,24576,64
2,30.021,24576,64
2,30.028,24576,64
2,30.043,24576,64
2,30.043,24576,64
2,30.013,24576,64
2,30.047,24576,64
2,30.047,24576,64
2,30.021,24576,64
2,30.021,24576,64
2,30.027,24576,64
2,30.027,24576,64
2,30.041,24576,64
2,30.041,24576,64
2,30.024,24576,64
2,30.024,24576,64
2,30.062,24576,64
2,30.062,24576,64
2,30.032,24576,64
2,30.032,24576,64
2,30.022,24576,64
2,30.022,24576,64
2,30.047,24576,64
2,30.047,24576,64
2,30.052,24576,64
2,30.052,24576,64
2,30.015,24576,64
2,30.015,24576,64
2,30.04,24576,64
2,30.04,24576,64
2,30.047,24576,64
2,30.047,24576,64
2,30.032,24576,64
2,30.032,24576,64
2,30.025,24576,64
2,30.025,24576,64
2,30.05,24576,64
2,30.05,24576,64
2,30.038,24576,64
2,30.038,24576,64
2,30.016,24576,64
2,30.016,24576,64
2,30.054,24576,64
2,30.054,24576,64
2,30.028,24576,64
2,30.028,24576,64
2,30.056,24576,64
2,30.056,24576,64
2,30.036,24576,64
2,30.036,24576,64
2,30.036,24576,64
2,30.036,24576,64
2,30.03,24576,64
2,30.03,24576,64
2,30.028,24576,64
2,30.028,24576,64
2,30.037,24576,64
2,30.037,24576,64
2,30.032,24576,64
2,30.032,24576,64
2,30.038,24576,64
2,30.038,24576,64
2,30.037,24576,64
2,30.037,24576,64
2,30.019,24576,64
2,30.019,24576,64
2,30.048,24576,64
2,30.048,24576,64
2,30.048,24576,64
2,30.048,24576,64
2,30.168,24576,64
2,30.168,24576,64
2,30.029,24576,64
2,30.029,24576,64
2,30.047,24576,64
2,30.047,24576,64
2,30.047,24576,64
2,30.032,24576,64
2,30.03,24576,64
2,30.03,24576,64
2,30.037,24576,64
2,30.037,24576,64
2,30.047,24576,64
2,30.047,24576,64
2,30.036,24576,64
2,30.036,24576,64
3,7.557,2048,2048
2,30.033,24576,64
2,30.017,24576,64
2,30.054,24576,64
2,30.054,24576,64
2,30.038,24576,64
2,30.023,24576,64
2,30.053,24576,64
2,30.038,24576,64
2,30.035,24576,64
2,30.035,24576,64
2,30.029,24576,64
2,30.029,24576,64
2,30.03,24576,64
2,30.03,24576,64
2,30.028,24576,64
2,30.028,24576,64
2,30.027,24576,64
2,30.027,24576,64
2,30.026,24576,64
2,30.026,24576,64
2,30.031,24576,64
2,30.015,24576,64
2,30.034,24576,64
2,30.034,24576,64
2,30.023,24576,64
2,30.023,24576,64
2,30.066,24576,64
2,30.05,24576,64
2,30.036,24576,64
2,30.036,24576,64
2,30.046,24576,64
2,30.031,24576,64
2,30.046,24576,64
2,30.046,24576,64
2,30.031,24576,64
2,30.031,24576,64
2,30.021,24576,64
2,30.021,24576,64
2,30.016,24576,64
2,30.016,24576,64
2,30.042,24576,64
2,30.042,24576,64
2,30.048,24576,64
2,30.048,24576,64
2,30.079,24576,64
2,30.046,24576,64
2,30.022,24576,64
2,30.022,24576,64
2,30.035,24576,64
2,30.019,24576,64
2,30.031,24576,64
2,30.031,24576,64
2,30.088,24576,64
2,30.088,24576,64
2,30.026,24576,64
2,30.026,24576,64
2,30.032,24576,64
2,30.032,24576,64
2,30.075,24576,64
2,30.075,24576,64
2,30.032,24576,64
2,30.032,24576,64
2,30.03,24576,64
2,30.03,24576,64
2,30.03,24576,64
2,30.03,24576,64
2,30.046,24576,64
2,30.046,24576,64
2,30.026,24576,64
2,30.026,24576,64
2,30.024,24576,64
2,30.024,24576,64
2,30.024,24576,64
2,30.024,24576,64
2,30.175,24576,64
2,30.175,24576,64
2,30.039,24576,64
2,30.054,24576,64
2,30.019,24576,64
2,30.019,24576,64
2,30.031,24576,64
2,30.031,24576,64
2,30.024,24576,64
2,30.024,24576,64
2,30.031,24576,64
2,30.031,24576,64
2,30.035,24576,64
2,30.035,24576,64
2,30.02,24576,64
2,30.02,24576,64
2,30.044,24576,64
2,30.044,24576,64
2,30.018,24576,64
2,30.018,24576,64
2,30.046,24576,64
2,30.03,24576,64
2,30.014,24576,64
2,30.014,24576,64
2,30.037,24576,64
2,30.037,24576,64
2,30.037,24576,64
2,30.037,24576,64
2,30.043,24576,64
2,30.043,24576,64
2,30.032,24576,64
2,30.032,24576,64
2,30.021,24576,64
2,30.021,24576,64
2,30.033,24576,64
2,30.033,24576,64
2,30.025,24576,64
2,30.025,24576,64
2,30.052,24576,64
2,30.052,24576,64
2,30.049,24576,64
2,30.033,24576,64
2,30.045,24576,64
2,30.045,24576,64
2,30.04,24576,64
2,30.04,24576,64
2,30.032,24576,64
2,30.032,24576,64
2,30.029,24576,64
2,30.029,24576,64
2,30.051,24576,64
2,30.051,24576,64
2,30.036,24576,64
2,30.036,24576,64
2,30.043,24576,64
2,30.043,24576,64
2,30.021,24576,64
2,30.021,24576,64
2,30.024,24576,64
2,30.024,24576,64
2,30.03,24576,64
2,30.03,24576,64
2,30.037,24576,64
2,30.037,24576,64
2,30.024,24576,64
2,30.024,24576,64
1,0.015,1024,64
1,0.015,1024,64
2,30.028,24576,64
2,30.028,24576,64
2,30.058,24576,64
2,30.058,24576,64
2,30.026,24576,64
2,30.026,24576,64
2,30.028,24576,64
2,30.012,24576,64
2,30.022,24576,64
2,30.022,24576,64
2,30.037,24576,64
2,30.037,24576,64
2,30.099,24576,64
2,30.084,24576,64
2,30.029,24576,64
2,30.029,24576,64
2,30.053,24576,64
2,30.022,24576,64
2,30.066,24576,64
2,30.066,24576,64
2,30.031,24576,64
2,30.031,24576,64
2,30.027,24576,64
2,30.027,24576,64
2,30.032,24576,64
2,30.032,24576,64
2,30.021,24576,64
2,30.021,24576,64
2,30.013,24576,64
2,30.009,24576,64
2,30.054,24576,64
2,30.038,24576,64
2,30.049,24576,64
2,30.029,24576,64
2,30.054,24576,64
2,30.054,24576,64
2,30.041,24576,64
2,30.041,24576,64
2,30.042,24576,64
2,30.042,24576,64
2,30.028,24576,64
2,30.028,24576,64
2,30.039,24576,64
2,30.039,24576,64
2,30.039,24576,64
2,30.023,24576,64
2,30.036,24576,64
2,30.036,24576,64
2,30.024,24576,64
2,30.024,24576,64
2,30.032,24576,64
2,30.032,24576,64
2,30.027,24576,64
2,30.012,24576,64
2,30.071,24576,64
2,30.071,24576,64
2,30.027,24576,64
2,30.027,24576,64
2,30.029,24576,64
2,30.029,24576,64
2,30.038,24576,64
2,30.038,24576,64
2,30.03,24576,64
2,30.03,24576,64
2,30.03,24576,64
2,30.03,24576,64
2,30.038,24576,64
2,30.038,24576,64
2,30.025,24576,64
2,30.025,24576,64
2,30.031,24576,64
2,30.031,24576,64
2,30.039,24576,64
2,30.039,24576,64
2,30.036,24576,64
2,30.036,24576,64
2,30.037,24576,64
2,30.037,24576,64
2,30.038,24576,64
2,30.038,24576,64
2,30.023,24576,64
2,30.023,24576,64
2,30.041,24576,64
2,30.041,24576,64
2,30.042,24576,64
2,30.042,24576,64
2,30.027,24576,64
2,30.027,24576,64
2,30.025,24576,64
2,30.025,24576,64
2,30.039,24576,64
2,30.039,24576,64
2,30.023,24576,64
2,30.023,24576,64
2,30.035,24576,64
2,30.035,24576,64
2,30.042,24576,64
2,30.042,24576,64
2,30.021,24576,64
2,30.021,24576,64
2,30.012,24576,64
2,30.012,24576,64
2,30.121,24576,64
2,30.121,24576,64
2,30.097,24576,64
2,30.097,24576,64
1,0.015,1024,64
2,30.113,24576,64
2,30.113,24576,64
2,30.032,24576,64
2,30.032,24576,64
2,30.044,24576,64
2,30.044,24576,64
2,30.049,24576,64
2,30.033,24576,64
1,0.015,1024,64
2,30.03,24576,64
2,30.03,24576,64
2,30.021,24576,64
2,30.021,24576,64
2,30.083,24576,64
2,30.067,24576,64
2,30.019,24576,64
2,30.019,24576,64
2,30.033,24576,64
2,30.033,24576,64
2,30.03,24576,64
2,30.03,24576,64
2,30.03,24576,64
2,30.03,24576,64
2,30.046,24576,64
2,30.03,24576,64
2,30.047,24576,64
2,30.047,24576,64
2,30.033,24576,64
2,30.033,24576,64
2,30.036,24576,64
2,30.036,24576,64
2,30.031,24576,64
2,30.031,24576,64
2,30.036,24576,64
2,30.02,24576,64
2,30.043,24576,64
2,30.037,24576,64
2,30.037,24576,64
2,30.027,24576,64
2,30.03,24576,64
2,30.03,24576,64
2,30.055,24576,64
2,30.055,24576,64
2,30.026,24576,64
2,30.026,24576,64
2,30.026,24576,64
2,30.026,24576,64
2,30.032,24576,64
2,30.032,24576,64
2,30.078,24576,64
2,30.078,24576,64
2,30.023,24576,64
2,30.023,24576,64
2,30.02,24576,64
2,30.02,24576,64
2,30.025,24576,64
2,30.025,24576,64
2,30.02,24576,64
2,30.02,24576,64
2,30.032,24576,64
2,30.032,24576,64
2,30.044,24576,64
2,30.044,24576,64
2,30.015,24576,64
2,30.015,24576,64
2,30.033,24576,64
2,30.017,24576,64
2,30.046,24576,64
2,30.03,24576,64
2,30.077,24576,64
2,30.077,24576,64
2,30.044,24576,64
2,30.044,24576,64
2,30.03,24576,64
2,30.017,24576,64
2,30.024,24576,64
2,30.024,24576,64
2,30.03,24576,64
2,30.03,24576,64
2,30.019,24576,64
2,30.019,24576,64
2,30.055,24576,64
2,30.055,24576,64
2,30.025,24576,64
2,30.025,24576,64
2,30.053,24576,64
2,30.038,24576,64
2,30.012,24576,64
2,30.012,24576,64
2,30.02,24576,64
2,30.02,24576,64
2,30.009,24576,64
2,30.009,24576,64
2,30.028,24576,64
2,30.013,24576,64
2,30.027,24576,64
2,30.042,24576,64
2,30.026,24576,64
2,30.026,24576,64
2,30.029,24576,64
2,30.029,24576,64
2,30.026,24576,64
2,30.026,24576,64
2,30.031,24576,64
2,30.031,24576,64
2,30.038,24576,64
2,30.038,24576,64
2,30.026,24576,64
2,30.026,24576,64
2,30.026,24576,64
2,30.026,24576,64
2,30.019,24576,64
2,30.019,24576,64
2,30.034,24576,64
2,30.019,24576,64
2,30.022,24576,64
2,30.022,24576,64
2,30.058,24576,64
2,30.058,24576,64
2,30.029,24576,64
2,30.029,24576,64
2,30.054,24576,64
2,30.054,24576,64
2,30.04,24576,64
2,30.04,24576,64
2,30.022,24576,64
2,30.022,24576,64
2,30.088,24576,64
2,30.088,24576,64
2,30.276,24576,64
2,30.276,24576,64
2,30.495,24576,64
2,30.495,24576,64
2,30.052,24576,64
2,30.052,24576,64
2,30.043,24576,64
2,30.027,24576,64
2,30.508,24576,64
2,30.508,24576,64
2,30.027,24576,64
2,30.027,24576,64
2,30.036,24576,64
2,30.036,24576,64
2,30.028,24576,64
2,30.028,24576,64
2,30.027,24576,64
2,30.027,24576,64
2,30.021,24576,64
2,30.021,24576,64
2,30.039,24576,64
2,30.039,24576,64
2,30.018,24576,64
2,30.018,24576,64
2,30.041,24576,64
2,30.041,24576,64
2,30.027,24576,64
2,30.027,24576,64
2,30.025,24576,64
2,30.025,24576,64
2,30.03,24576,64
2,30.03,24576,64
2,30.023,24576,64
2,30.023,24576,64
2,30.03,24576,64
2,30.03,24576,64
2,30.024,24576,64
2,30.024,24576,64
2,30.023,24576,64
2,30.023,24576,64
2,30.042,24576,64
2,30.06,24576,64
2,30.049,24576,64
2,30.049,24576,64
2,30.035,24576,64
2,30.035,24576,64
2,30.042,24576,64
2,30.042,24576,64
2,30.036,24576,64
2,30.021,24576,64
2,30.029,24576,64
2,30.029,24576,64
2,30.026,24576,64
2,30.026,24576,64
2,30.095,24576,64
2,30.095,24576,64
1,0.488,1024,64
2,30.029,24576,64
2,30.029,24576,64
2,30.024,24576,64
2,30.024,24576,64
2,30.032,24576,64
2,30.032,24576,64
2,30.022,24576,64
2,30.022,24576,64
2,30.038,24576,64
2,30.038,24576,64
2,30.021,24576,64
2,30.021,24576,64
2,30.025,24576,64
2,30.025,24576,64
2,30.087,24576,64
2,30.087,24576,64
2,30.053,24576,64
2,30.035,24576,64
2,30.027,24576,64
2,30.027,24576,64
2,30.023,24576,64
2,30.023,24576,64
1,0.015,1024,64
2,30.017,24576,64
2,30.017,24576,64
2,30.042,24576,64
2,30.042,24576,64
2,30.042,24576,64
2,30.058,24576,64
2,30.039,24576,64
2,30.039,24576,64
2,30.028,24576,64
2,30.028,24576,64
2,30.037,24576,64
2,30.03,24576,64
2,30.03,24576,64
2,30.021,24576,64
2,30.029,24576,64
2,30.029,24576,64
2,30.032,24576,64
2,30.032,24576,64
2,30.045,24576,64
2,30.045,24576,64
1,0.012,1024,64
2,30.036,24576,64
2,30.036,24576,64
1,0.012,1024,64
2,30.02,24576,64
2,30.02,24576,64
1,0.011,1024,64
1,0.011,1024,64
2,30.031,24576,64
2,30.031,24576,64
1,0.015,1024,64
1,0.018,1024,64
1,0.012,1024,64
2,30.027,24576,64
2,30.027,24576,64
1,0.015,1024,64
1,0.013,1024,64
2,30.044,24576,64
2,30.044,24576,64
1,0.013,1024,64
2,30.032,24576,64
2,30.032,24576,64
2,30.034,24576,64
2,30.034,24576,64
2,30.031,24576,64
2,30.031,24576,64
1,0.012,1024,64
2,30.03,24576,64
2,30.03,24576,64
1,0.013,1024,64
1,0.017,1024,64
2,30.032,24576,64
2,30.032,24576,64
2,30.027,24576,64
2,30.027,24576,64
2,30.041,24576,64
2,30.041,24576,64
1,0.012,1024,64
2,30.038,24576,64
2,30.038,24576,64
2,30.03,24576,64
2,30.03,24576,64
2,30.023,24576,64
2,30.023,24576,64
2,30.063,24576,64
2,30.047,24576,64
2,30.037,24576,64
2,30.021,24576,64
2,30.046,24576,64
2,30.046,24576,64
2,30.021,24576,64
2,30.021,24576,64
2,30.037,24576,64
2,30.037,24576,64
2,30.032,24576,64
2,30.032,24576,64
2,30.042,24576,64
2,30.042,24576,64
2,30.022,24576,64
2,30.022,24576,64
2,30.035,24576,64
2,30.035,24576,64
2,30.015,24576,64
2,30.015,24576,64
2,30.024,24576,64
2,30.024,24576,64
2,30.027,24576,64
2,30.027,24576,64
2,30.029,24576,64
2,30.029,24576,64
2,30.042,24576,64
2,30.042,24576,64
2,30.044,24576,64
2,30.044,24576,64
2,30.048,24576,64
2,30.032,24576,64
2,30.037,24576,64
2,30.022,24576,64
2,30.056,24576,64
2,30.039,24576,64
2,30.015,24576,64
2,30.015,24576,64
2,30.047,24576,64
2,30.047,24576,64
2,30.031,24576,64
2,30.031,24576,64
2,30.023,24576,64
2,30.023,24576,64
2,30.044,24576,64
2,30.028,24576,64
2,30.028,24576,64
2,30.028,24576,64
2,30.057,24576,64
2,30.057,24576,64
2,30.041,24576,64
2,30.041,24576,64
2,30.034,24576,64
2,30.018,24576,64
2,30.037,24576,64
2,30.037,24576,64
2,30.043,24576,64
2,30.028,24576,64
2,30.034,24576,64
2,30.034,24576,64
2,30.034,24576,64
2,30.034,24576,64
2,30.026,24576,64
2,30.026,24576,64
2,30.076,24576,64
2,30.061,24576,64
2,30.025,24576,64
2,30.025,24576,64
2,30.058,24576,64
2,30.058,24576,64
2,30.036,24576,64
2,30.036,24576,64
2,30.063,24576,64
2,30.063,24576,64
2,30.022,24576,64
2,30.022,24576,64
2,30.026,24576,64
2,30.026,24576,64
2,30.037,24576,64
2,30.037,24576,64
2,30.04,24576,64
2,30.04,24576,64
2,30.038,24576,64
2,30.038,24576,64
2,30.028,24576,64
2,30.028,24576,64
2,30.074,24576,64
2,30.074,24576,64
2,30.038,24576,64
2,30.038,24576,64
2,30.047,24576,64
2,30.031,24576,64
2,30.031,24576,64
2,30.031,24576,64
2,30.026,24576,64
2,30.026,24576,64
2,30.031,24576,64
2,30.031,24576,64
2,30.039,24576,64
2,30.027,24576,64
2,30.027,24576,64
2,30.024,24576,64
2,30.048,24576,64
2,30.032,24576,64
2,30.037,24576,64
2,30.037,24576,64
2,30.039,24576,64
2,30.039,24576,64
2,30.042,24576,64
2,30.042,24576,64
2,30.042,24576,64
2,30.042,24576,64
2,30.032,24576,64
2,30.032,24576,64
2,30.027,24576,64
2,30.027,24576,64
2,30.024,24576,64
2,30.024,24576,64
2,30.027,24576,64
2,30.027,24576,64
2,30.043,24576,64
2,30.043,24576,64
2,30.038,24576,64
2,30.038,24576,64
2,30.031,24576,64
2,30.031,24576,64
2,30.026,24576,64
2,30.026,24576,64
2,30.027,24576,64
2,30.027,24576,64
2,30.027,24576,64
2,30.027,24576,64
2,30.068,24576,64
2,30.068,24576,64
2,30.043,24576,64
2,30.043,24576,64
2,30.033,24576,64
2,30.033,24576,64
2,30.027,24576,64
2,30.027,24576,64
2,30.027,24576,64
2,30.027,24576,64
2,30.027,24576,64
2,30.042,24576,64
2,30.033,24576,64
2,30.033,24576,64
2,30.027,24576,64
2,30.027,24576,64
2,30.032,24576,64
2,30.032,24576,64
2,30.029,24576,64
2,30.029,24576,64
2,30.027,24576,64
2,30.011,24576,64
2,30.037,24576,64
2,30.037,24576,64
2,30.021,24576,64
2,30.021,24576,64
2,30.033,24576,64
2,30.033,24576,64
2,30.03,24576,64
2,30.03,24576,64
2,30.026,24576,64
2,30.026,24576,64
2,30.054,24576,64
2,30.054,24576,64
2,30.029,24576,64
2,30.029,24576,64
2,30.047,24576,64
2,30.062,24576,64
2,30.074,24576,64
2,30.074,24576,64
2,30.016,24576,64
2,30.016,24576,64
2,30.016,24576,64
2,30.016,24576,64
2,30.043,24576,64
2,30.043,24576,64
2,30.046,24576,64
2,30.046,24576,64
2,30.083,24576,64
2,30.083,24576,64
2,30.022,24576,64
2,30.022,24576,64
2,30.023,24576,64
2,30.023,24576,64
2,30.05,24576,64
2,30.05,24576,64
2,30.031,24576,64
2,30.015,24576,64
2,30.017,24576,64
2,30.017,24576,64
2,30.019,24576,64
2,30.019,24576,64
2,40.271,24576,64
2,39.96,24576,64
2,30.022,24576,64
2,30.022,24576,64
2,30.037,24576,64
2,30.037,24576,64
2,30.03,24576,64
2,30.03,24576,64
2,30.041,24576,64
2,30.041,24576,64
2,30.022,24576,64
2,30.022,24576,64
2,30.011,24576,64
2,30.011,24576,64
3,4.645,2048,2048
2,30.02,24576,64
2,30.02,24576,64
2,36.472,24576,64
2,36.378,24576,64
2,30.026,24576,64
2,30.026,24576,64
2,30.069,24576,64
2,30.069,24576,64
2,30.043,24576,64
2,30.027,24576,64
2,30.073,24576,64
2,30.073,24576,64
2,30.026,24576,64
2,30.026,24576,64
2,30.018,24576,64
2,30.018,24576,64
2,30.025,24576,64
2,30.025,24576,64
2,30.011,24576,64
2,30.011,24576,64
2,30.049,24576,64
2,30.049,24576,64
2,30.016,24576,64
2,30.016,24576,64
2,30.033,24576,64
2,30.033,24576,64
2,30.036,24576,64
2,30.036,24576,64
2,30.014,24576,64
2,30.014,24576,64
2,30.029,24576,64
2,30.029,24576,64
2,30.064,24576,64
2,30.051,24576,64
2,30.051,24576,64
2,30.045,24576,64
2,30.031,24576,64
2,30.031,24576,64
2,30.024,24576,64
2,30.024,24576,64
2,30.032,24576,64
2,30.032,24576,64
2,30.04,24576,64
2,30.024,24576,64
2,30.085,24576,64
2,30.085,24576,64
2,30.022,24576,64
2,30.022,24576,64
2,30.025,24576,64
2,30.025,24576,64
2,30.018,24576,64
2,30.018,24576,64
2,30.033,24576,64
2,30.033,24576,64
2,30.027,24576,64
2,30.027,24576,64
2,30.045,24576,64
2,30.045,24576,64
2,30.023,24576,64
2,30.023,24576,64
2,30.031,24576,64
2,30.031,24576,64
2,30.048,24576,64
2,30.048,24576,64
2,30.041,24576,64
2,30.026,24576,64
3,5.476,2048,2048
2,30.032,24576,64
2,30.032,24576,64
2,30.06,24576,64
2,30.06,24576,64
2,30.027,24576,64
2,30.027,24576,64
2,30.068,24576,64
2,30.037,24576,64
2,30.114,24576,64
2,30.098,24576,64
2,30.036,24576,64
2,30.036,24576,64
2,30.022,24576,64
2,30.022,24576,64
2,30.042,24576,64
2,30.042,24576,64
2,30.055,24576,64
2,30.039,24576,64
2,30.05,24576,64
2,30.05,24576,64
2,30.015,24576,64
2,30.015,24576,64
2,30.023,24576,64
2,30.023,24576,64
2,30.041,24576,64
2,30.041,24576,64
2,30.018,24576,64
2,30.018,24576,64
2,30.037,24576,64
2,30.037,24576,64
2,30.033,24576,64
2,30.033,24576,64
2,30.028,24576,64
2,30.028,24576,64
2,30.037,24576,64
2,30.037,24576,64
2,30.047,24576,64
2,30.047,24576,64
2,30.13,24576,64
2,30.13,24576,64
2,30.031,24576,64
2,30.031,24576,64
2,30.034,24576,64
2,30.019,24576,64
2,30.02,24576,64
2,30.035,24576,64
2,30.044,24576,64
2,30.044,24576,64
2,30.035,24576,64
2,30.035,24576,64
2,30.035,24576,64
2,30.035,24576,64
2,30.025,24576,64
2,30.025,24576,64
2,30.039,24576,64
2,30.039,24576,64
2,30.032,24576,64
2,30.032,24576,64
2,30.029,24576,64
2,30.029,24576,64
2,30.028,24576,64
2,30.012,24576,64
2,30.031,24576,64
2,30.031,24576,64
2,30.036,24576,64
2,30.036,24576,64
2,30.032,24576,64
2,30.032,24576,64
2,30.044,24576,64
2,30.044,24576,64
2,30.036,24576,64
2,30.036,24576,64
2,30.02,24576,64
2,30.02,24576,64
2,30.033,24576,64
2,30.033,24576,64
2,30.054,24576,64
2,30.054,24576,64
2,30.044,24576,64
2,30.044,24576,64
2,30.032,24576,64
2,30.032,24576,64
2,30.017,24576,64
2,30.017,24576,64
2,30.034,24576,64
2,30.034,24576,64
2,30.045,24576,64
2,30.045,24576,64
2,30.062,24576,64
2,30.062,24576,64
2,30.031,24576,64
2,30.031,24576,64
2,30.022,24576,64
2,30.022,24576,64
2,30.057,24576,64
2,30.057,24576,64
2,30.036,24576,64
2,30.036,24576,64
2,30.033,24576,64
2,30.019,24576,64
2,30.034,24576,64
2,30.034,24576,64
2,30.037,24576,64
2,30.037,24576,64
2,30.064,24576,64
2,30.082,24576,64
2,30.026,24576,64
2,30.026,24576,64
2,30.036,24576,64
2,30.036,24576,64
2,30.018,24576,64
2,30.018,24576,64
2,30.023,24576,64
2,30.023,24576,64
2,30.027,24576,64
2,30.027,24576,64
2,30.03,24576,64
2,30.03,24576,64
2,30.039,24576,64
2,30.039,24576,64
2,30.043,24576,64
2,30.027,24576,64
2,30.045,24576,64
2,30.029,24576,64
2,30.023,24576,64
2,30.023,24576,64
2,30.042,24576,64
2,30.042,24576,64
2,30.042,24576,64
2,30.042,24576,64
2,30.034,24576,64
2,30.034,24576,64
2,30.049,24576,64
2,30.049,24576,64
2,30.021,24576,64
2,30.021,24576,64
2,30.037,24576,64
2,30.037,24576,64
2,30.03,24576,64
2,30.03,24576,64
2,30.046,24576,64
2,30.031,24576,64
2,30.025,24576,64
2,30.025,24576,64
2,30.029,24576,64
2,30.029,24576,64
2,30.018,24576,64
2,30.018,24576,64
2,30.036,24576,64
2,30.02,24576,64
1,0.015,1024,64
1,0.015,1024,64
2,30.028,24576,64
2,30.028,24576,64
2,30.037,24576,64
2,30.037,24576,64
2,30.032,24576,64
2,30.016,24576,64
2,30.039,24576,64
2,30.039,24576,64
1,0.593,1024,64
2,30.03,24576,64
2,30.03,24576,64
2,30.044,24576,64
2,30.028,24576,64
2,30.03,24576,64
2,30.03,24576,64
2,30.053,24576,64
2,30.038,24576,64
2,30.028,24576,64
2,30.028,24576,64
2,30.051,24576,64
2,30.035,24576,64
2,30.033,24576,64
2,30.033,24576,64
2,30.03,24576,64
2,30.03,24576,64
2,30.04,24576,64
2,30.04,24576,64
2,30.066,24576,64
2,30.066,24576,64
2,30.1,24576,64
2,30.1,24576,64
2,30.027,24576,64
2,30.027,24576,64
2,30.022,24576,64
2,30.039,24576,64
2,30.044,24576,64
2,30.044,24576,64
2,30.043,24576,64
2,30.043,24576,64
2,30.099,24576,64
2,30.099,24576,64
2,30.035,24576,64
2,30.035,24576,64
2,30.03,24576,64
2,30.03,24576,64
2,30.024,24576,64
2,30.008,24576,64
2,30.035,24576,64
2,30.019,24576,64
2,30.035,24576,64
2,30.035,24576,64
2,30.067,24576,64
2,30.067,24576,64
2,30.052,24576,64
2,30.052,24576,64
2,30.031,24576,64
2,30.031,24576,64
2,30.046,24576,64
2,30.046,24576,64
2,30.027,24576,64
2,30.027,24576,64
2,30.097,24576,64
2,30.097,24576,64
2,30.037,24576,64
2,30.037,24576,64
2,30.027,24576,64
2,30.027,24576,64
2,30.027,24576,64
2,30.027,24576,64
2,30.031,24576,64
2,30.031,24576,64
2,30.028,24576,64
2,30.028,24576,64
2,30.032,24576,64
2,30.032,24576,64
2,30.052,24576,64
2,30.036,24576,64
3,5.448,2048,2048
2,30.048,24576,64
2,30.03,24576,64
2,30.054,24576,64
2,30.054,24576,64
2,30.024,24576,64
2,30.024,24576,64
2,30.073,24576,64
2,30.057,24576,64
2,30.02,24576,64
2,30.02,24576,64
2,30.024,24576,64
2,30.024,24576,64
2,30.042,24576,64
2,30.042,24576,64
2,30.021,24576,64
2,30.021,24576,64
2,30.019,24576,64
2,30.019,24576,64
2,30.046,24576,64
2,30.046,24576,64
2,30.022,24576,64
2,30.022,24576,64
2,30.033,24576,64
2,30.033,24576,64
2,30.065,24576,64
2,30.05,24576,64
2,30.048,24576,64
2,30.029,24576,64
2,30.029,24576,64
2,30.029,24576,64
2,30.024,24576,64
2,30.024,24576,64
2,30.033,24576,64
2,30.033,24576,64
2,30.025,24576,64
2,30.025,24576,64
2,30.053,24576,64
2,30.053,24576,64
2,30.031,24576,64
2,30.031,24576,64
2,30.031,24576,64
2,30.015,24576,64
2,30.024,24576,64
2,30.024,24576,64
2,30.046,24576,64
2,30.046,24576,64
2,30.024,24576,64
2,30.024,24576,64
2,30.011,24576,64
2,30.011,24576,64
2,30.043,24576,64
2,30.043,24576,64
2,30.034,24576,64
2,30.034,24576,64
2,30.034,24576,64
2,30.034,24576,64
2,30.038,24576,64
2,30.038,24576,64
2,30.049,24576,64
2,30.049,24576,64
2,30.035,24576,64
2,30.035,24576,64
2,30.036,24576,64
2,30.021,24576,64
2,30.023,24576,64
2,30.023,24576,64
2,30.024,24576,64
2,30.024,24576,64
2,30.036,24576,64
2,30.036,24576,64
2,30.046,24576,64
2,30.046,24576,64
2,30.043,24576,64
2,30.043,24576,64
2,30.026,24576,64
2,30.026,24576,64
2,30.035,24576,64
2,30.035,24576,64
2,30.082,24576,64
2,30.082,24576,64
2,30.023,24576,64
2,30.023,24576,64
2,30.081,24576,64
2,30.081,24576,64
2,30.037,24576,64
2,30.071,24576,64
2,30.071,24576,64
2,30.021,24576,64
2,30.007,24576,64
2,30.007,24576,64
2,30.017,24576,64
2,30.017,24576,64
2,30.056,24576,64
2,30.056,24576,64
2,30.102,24576,64
2,30.086,24576,64
2,30.035,24576,64
2,30.035,24576,64
2,30.015,24576,64
2,30.015,24576,64
2,30.043,24576,64
2,30.043,24576,64
2,30.049,24576,64
2,30.049,24576,64
2,30.022,24576,64
2,30.022,24576,64
2,30.03,24576,64
2,30.045,24576,64
2,30.096,24576,64
2,30.096,24576,64
2,30.032,24576,64
2,30.032,24576,64
2,30.048,24576,64
2,30.048,24576,64
2,30.039,24576,64
2,30.039,24576,64
2,30.03,24576,64
2,30.03,24576,64
2,30.038,24576,64
2,30.038,24576,64
2,30.044,24576,64
2,30.057,24576,64
2,30.042,24576,64
2,30.042,24576,64
2,30.028,24576,64
2,30.028,24576,64
2,30.031,24576,64
2,30.031,24576,64
2,30.031,24576,64
2,30.031,24576,64
2,30.056,24576,64
2,30.041,24576,64
2,30.031,24576,64
2,30.031,24576,64
2,30.044,24576,64
2,30.028,24576,64
2,30.03,24576,64
2,30.03,24576,64
2,30.03,24576,64
2,30.03,24576,64
2,30.061,24576,64
2,30.061,24576,64
2,30.039,24576,64
2,30.039,24576,64
2,30.025,24576,64
2,30.025,24576,64
2,30.022,24576,64
2,30.022,24576,64
2,30.052,24576,64
2,30.036,24576,64
2,30.042,24576,64
2,30.025,24576,64
2,30.067,24576,64
2,30.067,24576,64
2,30.022,24576,64
2,30.022,24576,64
2,30.033,24576,64
2,30.033,24576,64
2,30.04,24576,64
2,30.04,24576,64
2,30.037,24576,64
2,30.037,24576,64
2,30.026,24576,64
2,30.026,24576,64
2,30.081,24576,64
2,30.065,24576,64
3,5.278,2048,2048
2,30.048,24576,64
2,30.048,24576,64
2,30.023,24576,64
2,30.023,24576,64
2,30.02,24576,64
2,30.02,24576,64
2,30.034,24576,64
2,30.034,24576,64
2,30.019,24576,64
2,30.019,24576,64
2,30.064,24576,64
2,30.064,24576,64
2,30.03,24576,64
2,30.03,24576,64
2,30.028,24576,64
2,30.028,24576,64
2,30.032,24576,64
2,30.016,24576,64
2,30.033,24576,64
2,30.033,24576,64
2,30.026,24576,64
2,30.026,24576,64
2,30.042,24576,64
2,30.042,24576,64
2,30.022,24576,64
2,30.022,24576,64
2,30.021,24576,64
2,30.021,24576,64
2,30.053,24576,64
2,30.037,24576,64
2,30.366,24576,64
2,30.038,24576,64
2,30.031,24576,64
2,30.031,24576,64
2,30.024,24576,64
2,30.024,24576,64
2,30.037,24576,64
2,30.004,24576,64
2,30.053,24576,64
2,30.053,24576,64
2,30.025,24576,64
2,30.025,24576,64
2,30.053,24576,64
2,30.037,24576,64
2,30.041,24576,64
2,30.041,24576,64
2,30.04,24576,64
2,30.04,24576,64
2,30.044,24576,64
2,30.028,24576,64
2,30.035,24576,64
2,30.035,24576,64
2,30.082,24576,64
2,30.082,24576,64
2,30.088,24576,64
2,30.088,24576,64
2,30.04,24576,64
2,30.04,24576,64
2,30.038,24576,64
2,30.038,24576,64
2,30.083,24576,64
2,30.067,24576,64
2,30.035,24576,64
2,30.035,24576,64
2,30.208,24576,64
2,30.208,24576,64
2,30.074,24576,64
2,30.074,24576,64
2,30.056,24576,64
2,30.071,24576,64
2,30.075,24576,64
2,30.075,24576,64
2,30.021,24576,64
2,30.021,24576,64
2,30.037,24576,64
2,30.037,24576,64
2,30.037,24576,64
2,30.037,24576,64
2,30.033,24576,64
2,30.033,24576,64
2,30.031,24576,64
2,30.031,24576,64
2,30.028,24576,64
2,30.024,24576,64
2,30.024,24576,64
2,30.013,24576,64
2,30.04,24576,64
2,30.04,24576,64
2,30.048,24576,64
2,30.048,24576,64
2,30.027,24576,64
2,30.027,24576,64
2,30.014,24576,64
2,30.014,24576,64
2,30.199,24576,64
2,30.199,24576,64
2,30.034,24576,64
2,30.034,24576,64
2,30.084,24576,64
2,30.084,24576,64
2,30.024,24576,64
2,30.024,24576,64
2,30.025,24576,64
2,30.036,24576,64
2,30.034,24576,64
2,30.034,24576,64
2,30.026,24576,64
2,30.026,24576,64
2,30.171,24576,64
2,30.171,24576,64
2,30.06,24576,64
2,30.044,24576,64
2,30.047,24576,64
2,30.047,24576,64
2,30.045,24576,64
2,30.045,24576,64
2,30.017,24576,64
2,30.017,24576,64
2,30.036,24576,64
2,30.036,24576,64
2,30.061,24576,64
2,30.074,24576,64
2,30.024,24576,64
2,30.024,24576,64
2,30.034,24576,64
2,30.018,24576,64
2,30.041,24576,64
2,30.026,24576,64
2,30.029,24576,64
2,30.029,24576,64
2,30.04,24576,64
2,30.04,24576,64
2,30.038,24576,64
2,30.022,24576,64
2,30.038,24576,64
2,30.038,24576,64
2,30.037,24576,64
2,30.037,24576,64
2,30.034,24576,64
2,30.031,24576,64
2,30.045,24576,64
2,30.045,24576,64
2,30.029,24576,64
2,30.029,24576,64
2,30.04,24576,64
2,30.04,24576,64
2,30.027,24576,64
2,30.012,24576,64
2,30.047,24576,64
2,30.047,24576,64
2,30.037,24576,64
2,30.037,24576,64
2,30.042,24576,64
2,30.042,24576,64
2,30.066,24576,64
2,30.05,24576,64
2,30.021,24576,64
2,30.021,24576,64
2,30.033,24576,64
2,30.033,24576,64
2,30.032,24576,64
2,30.032,24576,64
2,30.021,24576,64
2,30.021,24576,64
2,30.039,24576,64
2,30.039,24576,64
2,30.027,24576,64
2,30.027,24576,64
2,30.041,24576,64
2,30.025,24576,64
2,30.041,24576,64
2,30.041,24576,64
2,30.023,24576,64
2,30.023,24576,64
2,30.025,24576,64
2,30.025,24576,64
2,30.029,24576,64
2,30.029,24576,64
2,30.029,24576,64
2,30.029,24576,64
2,30.056,24576,64
2,30.056,24576,64
2,30.025,24576,64
2,30.025,24576,64
2,30.033,24576,64
2,30.033,24576,64
2,30.103,24576,64
2,30.033,24576,64
2,30.033,24576,64
2,30.034,24576,64
2,30.034,24576,64
2,30.041,24576,64
2,30.026,24576,64
2,30.029,24576,64
2,30.029,24576,64
2,30.026,24576,64
2,30.026,24576,64
2,30.029,24576,64
2,30.029,24576,64
2,30.034,24576,64
2,30.034,24576,64
2,30.04,24576,64
2,30.04,24576,64
2,30.026,24576,64
2,30.026,24576,64
2,30.026,24576,64
2,30.023,24576,64
2,30.023,24576,64
2,30.032,24576,64
2,30.032,24576,64
2,30.021,24576,64
2,30.021,24576,64
2,30.08,24576,64
2,30.08,24576,64
2,30.039,24576,64
2,30.039,24576,64
2,30.07,24576,64
2,30.07,24576,64
2,30.034,24576,64
2,30.022,24576,64
2,30.022,24576,64
2,30.019,24576,64
2,30.034,24576,64
2,30.034,24576,64
2,30.02,24576,64
2,30.02,24576,64
2,30.042,24576,64
2,30.026,24576,64
2,30.033,24576,64
2,30.033,24576,64
2,30.057,24576,64
2,30.041,24576,64
2,30.039,24576,64
2,30.061,24576,64
2,30.061,24576,64
2,30.023,24576,64
2,30.026,24576,64
2,30.026,24576,64
2,30.035,24576,64
2,30.035,24576,64
2,30.046,24576,64
2,30.046,24576,64
2,30.015,24576,64
2,30.015,24576,64
2,30.062,24576,64
2,30.075,24576,64
2,30.031,24576,64
2,30.031,24576,64
2,30.021,24576,64
2,30.021,24576,64
2,30.02,24576,64
2,30.007,24576,64
2,30.018,24576,64
2,30.018,24576,64
2,30.027,24576,64
2,30.027,24576,64
2,30.029,24576,64
2,30.029,24576,64
2,30.035,24576,64
2,30.035,24576,64
2,30.048,24576,64
2,30.048,24576,64
2,30.029,24576,64
2,30.029,24576,64
2,30.03,24576,64
2,30.03,24576,64
2,30.022,24576,64
2,30.022,24576,64
2,30.038,24576,64
2,30.038,24576,64
2,30.02,24576,64
2,30.02,24576,64
2,30.032,24576,64
2,30.032,24576,64
2,30.024,24576,64
2,30.024,24576,64
2,30.026,24576,64
2,30.026,24576,64
2,30.025,24576,64
2,30.025,24576,64
2,30.042,24576,64
2,30.026,24576,64
2,30.044,24576,64
2,30.044,24576,64
2,30.051,24576,64
2,30.051,24576,64
2,30.035,24576,64
2,30.035,24576,64
2,30.026,24576,64
2,30.026,24576,64
2,30.048,24576,64
2,30.048,24576,64
2,30.035,24576,64
2,30.035,24576,64
2,30.026,24576,64
2,30.026,24576,64
2,30.051,24576,64
2,30.051,24576,64
2,30.035,24576,64
2,30.035,24576,64
2,30.013,24576,64
2,30.013,24576,64
2,30.049,24576,64
2,30.049,24576,64
2,30.027,24576,64
2,30.027,24576,64
2,30.061,24576,64
2,30.061,24576,64
2,30.029,24576,64
2,30.029,24576,64
2,30.057,24576,64
2,30.057,24576,64
2,30.035,24576,64
2,30.035,24576,64
2,30.048,24576,64
2,30.048,24576,64
2,30.032,24576,64
2,30.037,24576,64
2,30.037,24576,64
2,30.016,24576,64
2,30.035,24576,64
2,30.035,24576,64
2,30.037,24576,64
2,30.037,24576,64
2,30.032,24576,64
2,30.032,24576,64
2,30.041,24576,64
2,30.041,24576,64
2,30.036,24576,64
2,30.036,24576,64
2,30.032,24576,64
2,30.032,24576,64
2,30.034,24576,64
2,30.034,24576,64
2,30.032,24576,64
2,30.032,24576,64
2,30.033,24576,64
2,30.033,24576,64
2,30.034,24576,64
2,30.018,24576,64
2,30.033,24576,64
2,30.033,24576,64
2,30.079,24576,64
2,30.079,24576,64
2,30.042,24576,64
2,30.042,24576,64
2,30.048,24576,64
2,30.048,24576,64
2,30.013,24576,64
2,30.013,24576,64
2,30.022,24576,64
2,30.022,24576,64
2,30.036,24576,64
2,30.036,24576,64
2,30.029,24576,64
2,30.029,24576,64
2,30.032,24576,64
2,30.032,24576,64
2,30.016,24576,64
2,30.016,24576,64
2,30.031,24576,64
2,30.031,24576,64
2,30.019,24576,64
2,30.019,24576,64
2,30.027,24576,64
2,30.027,24576,64
2,30.026,24576,64
2,30.026,24576,64
2,30.032,24576,64
2,30.032,24576,64
2,30.047,24576,64
2,30.047,24576,64
2,30.087,24576,64
2,30.087,24576,64
2,30.022,24576,64
2,30.022,24576,64
2,30.047,24576,64
2,30.047,24576,64
2,30.026,24576,64
2,30.026,24576,64
2,30.026,24576,64
2,30.026,24576,64
2,30.056,24576,64
2,30.04,24576,64
2,30.032,24576,64
2,30.032,24576,64
2,30.013,24576,64
2,30.013,24576,64
2,30.064,24576,64
2,30.064,24576,64
2,30.064,24576,64
2,30.064,24576,64
2,30.027,24576,64
2,30.027,24576,64
2,30.032,24576,64
2,30.032,24576,64
2,30.034,24576,64
2,30.034,24576,64
2,30.017,24576,64
2,30.017,24576,64
2,30.027,24576,64
2,30.027,24576,64
2,30.01,24576,64
2,30.01,24576,64
2,30.035,24576,64
2,30.052,24576,64
2,30.033,24576,64
2,30.033,24576,64
2,30.035,24576,64
2,30.019,24576,64
2,30.031,24576,64
2,30.031,24576,64
2,30.064,24576,64
2,30.064,24576,64
2,30.031,24576,64
2,30.031,24576,64
2,30.05,24576,64
2,30.034,24576,64
2,30.038,24576,64
2,30.023,24576,64
2,30.042,24576,64
2,30.042,24576,64
2,30.026,24576,64
2,30.026,24576,64
2,30.043,24576,64
2,30.027,24576,64
2,30.027,24576,64
2,30.026,24576,64
2,30.031,24576,64
2,30.031,24576,64
2,30.022,24576,64
2,30.022,24576,64
2,30.042,24576,64
2,30.042,24576,64
2,30.053,24576,64
2,30.037,24576,64
2,30.038,24576,64
2,30.038,24576,64
2,30.087,24576,64
2,30.087,24576,64
2,30.032,24576,64
2,30.032,24576,64
2,30.037,24576,64
2,30.037,24576,64
2,30.034,24576,64
2,30.034,24576,64
2,30.046,24576,64
2,30.03,24576,64
2,30.031,24576,64
2,30.031,24576,64
2,30.028,24576,64
2,30.028,24576,64
2,30.039,24576,64
2,30.039,24576,64
2,30.022,24576,64
2,30.022,24576,64
2,30.036,24576,64
2,30.023,24576,64
2,30.038,24576,64
2,30.038,24576,64
2,30.036,24576,64
2,30.036,24576,64
2,30.027,24576,64
2,30.027,24576,64
2,30.021,24576,64
2,30.021,24576,64
2,30.034,24576,64
2,30.034,24576,64
2,30.034,24576,64
2,30.034,24576,64
2,30.022,24576,64
2,30.022,24576,64
2,30.025,24576,64
2,30.025,24576,64
2,30.052,24576,64
2,30.052,24576,64
2,30.03,24576,64
2,30.03,24576,64
2,30.029,24576,64
2,30.029,24576,64
2,30.032,24576,64
2,30.032,24576,64
2,30.036,24576,64
2,30.036,24576,64
2,30.032,24576,64
2,30.019,24576,64
2,30.026,24576,64
2,30.026,24576,64
2,30.025,24576,64
2,30.025,24576,64
2,30.02,24576,64
2,30.02,24576,64
2,30.027,24576,64
2,30.027,24576,64
2,30.014,24576,64
2,30.014,24576,64
2,30.054,24576,64
2,30.038,24576,64
2,30.035,24576,64
2,30.035,24576,64
2,30.04,24576,64
2,30.04,24576,64
2,30.027,24576,64
2,30.027,24576,64
2,30.022,24576,64
2,30.037,24576,64
2,30.034,24576,64
2,30.034,24576,64
2,30.035,24576,64
2,30.019,24576,64
2,30.074,24576,64
2,30.057,24576,64
2,30.034,24576,64
2,30.034,24576,64
2,30.036,24576,64
2,30.036,24576,64
2,30.026,24576,64
2,30.026,24576,64
2,30.033,24576,64
2,30.033,24576,64
2,30.018,24576,64
2,30.033,24576,64
2,30.047,24576,64
2,30.028,24576,64
2,30.03,24576,64
2,30.03,24576,64
2,30.034,24576,64
2,30.034,24576,64
2,30.029,24576,64
2,30.029,24576,64
2,30.043,24576,64
2,30.043,24576,64
2,30.027,24576,64
2,30.027,24576,64
2,30.026,24576,64
2,30.01,24576,64
2,30.036,24576,64
2,30.036,24576,64
2,30.041,24576,64
2,30.025,24576,64
2,30.034,24576,64
2,30.034,24576,64
2,30.034,24576,64
2,30.034,24576,64
2,30.056,24576,64
2,30.056,24576,64
2,30.046,24576,64
2,30.046,24576,64
2,30.046,24576,64
2,30.03,24576,64
2,30.048,24576,64
2,30.029,24576,64
2,30.048,24576,64
2,30.03,24576,64
1,0.391,1024,64
2,30.039,24576,64
2,30.039,24576,64
2,30.048,24576,64
2,30.048,24576,64
2,30.045,24576,64
2,30.045,24576,64
2,30.03,24576,64
2,30.03,24576,64
2,30.043,24576,64
2,30.043,24576,64
2,30.038,24576,64
2,30.038,24576,64
2,30.02,24576,64
2,30.02,24576,64
2,30.032,24576,64
2,30.032,24576,64
1,0.015,1024,64
2,30.043,24576,64
2,30.043,24576,64
2,30.042,24576,64
2,30.026,24576,64
2,30.049,24576,64
2,30.049,24576,64
2,30.035,24576,64
2,30.035,24576,64
2,30.023,24576,64
2,30.023,24576,64
2,30.025,24576,64
2,30.025,24576,64
2,30.019,24576,64
2,30.019,24576,64
2,30.026,24576,64
2,30.026,24576,64
1,0.012,1024,64
2,30.036,24576,64
2,30.036,24576,64
1,0.02,1024,64
2,30.039,24576,64
2,30.039,24576,64
2,30.047,24576,64
2,30.047,24576,64
2,30.021,24576,64
2,30.021,24576,64
1,0.017,1024,64
2,30.028,24576,64
2,30.028,24576,64
1,0.013,1024,64
2,30.032,24576,64
2,30.032,24576,64
2,30.038,24576,64
2,30.038,24576,64
1,0.013,1024,64
2,30.038,24576,64
2,30.038,24576,64
1,0.012,1024,64
2,30.123,24576,64
2,30.123,24576,64
1,0.016,1024,64
2,30.024,24576,64
2,30.024,24576,64
2,30.023,24576,64
2,30.023,24576,64
2,30.058,24576,64
2,30.058,24576,64
1,0.014,1024,64
2,30.048,24576,64
2,30.048,24576,64
1,0.015,1024,64
2,30.017,24576,64
2,30.017,24576,64
1,0.013,1024,64
2,30.028,24576,64
2,30.028,24576,64
1,0.015,1024,64
2,30.04,24576,64
2,30.04,24576,64
2,30.026,24576,64
2,30.026,24576,64
1,0.018,1024,64
2,30.043,24576,64
2,30.043,24576,64
2,30.022,24576,64
2,30.022,24576,64
1,0.013,1024,64
1,0.012,1024,64
2,30.032,24576,64
2,30.032,24576,64
2,30.047,24576,64
2,30.047,24576,64
2,30.028,24576,64
2,30.028,24576,64
2,30.022,24576,64
2,30.022,24576,64
2,30.044,24576,64
2,30.044,24576,64
2,30.059,24576,64
2,30.059,24576,64
2,30.024,24576,64
2,30.039,24576,64
2,30.048,24576,64
2,30.03,24576,64
2,30.024,24576,64
2,30.024,24576,64
2,30.048,24576,64
2,30.048,24576,64
2,30.026,24576,64
2,30.026,24576,64
2,30.023,24576,64
2,30.023,24576,64
2,30.07,24576,64
2,30.055,24576,64
2,30.047,24576,64
2,30.047,24576,64
2,30.034,24576,64
2,30.034,24576,64
2,30.038,24576,64
2,30.022,24576,64
2,30.024,24576,64
2,30.024,24576,64
2,30.022,24576,64
2,30.022,24576,64
2,30.02,24576,64
2,30.02,24576,64
2,30.043,24576,64
2,30.025,24576,64
2,30.043,24576,64
2,30.043,24576,64
2,30.03,24576,64
2,30.03,24576,64
2,30.019,24576,64
2,30.019,24576,64
2,30.047,24576,64
2,30.047,24576,64
2,30.22,24576,64
2,30.22,24576,64
2,30.035,24576,64
2,30.035,24576,64
2,30.126,24576,64
2,30.11,24576,64
2,30.022,24576,64
2,30.022,24576,64
2,30.038,24576,64
2,30.038,24576,64
2,30.087,24576,64
2,30.087,24576,64
2,30.032,24576,64
2,30.016,24576,64
2,30.027,24576,64
2,30.027,24576,64
2,30.026,24576,64
2,30.026,24576,64
2,30.021,24576,64
2,30.006,24576,64
2,30.042,24576,64
2,30.042,24576,64
2,30.042,24576,64
2,30.027,24576,64
2,30.023,24576,64
2,30.023,24576,64
2,30.022,24576,64
2,30.022,24576,64
2,30.027,24576,64
2,30.027,24576,64
2,30.043,24576,64
2,30.043,24576,64
2,30.079,24576,64
2,30.079,24576,64
2,30.051,24576,64
2,30.051,24576,64
2,30.025,24576,64
2,30.025,24576,64
2,30.062,24576,64
2,30.046,24576,64
2,30.024,24576,64
2,30.024,24576,64
2,30.013,24576,64
2,30.013,24576,64
2,30.04,24576,64
2,30.04,24576,64
2,30.037,24576,64
2,30.037,24576,64
2,30.028,24576,64
2,30.028,24576,64
2,30.032,24576,64
2,30.032,24576,64
2,30.04,24576,64
2,30.04,24576,64
2,30.027,24576,64
2,30.027,24576,64
2,30.047,24576,64
2,30.047,24576,64
2,30.034,24576,64
2,30.034,24576,64
2,30.043,24576,64
2,30.043,24576,64
2,30.027,24576,64
2,30.027,24576,64
2,30.022,24576,64
2,30.022,24576,64
2,30.031,24576,64
2,30.031,24576,64
2,30.037,24576,64
2,30.037,24576,64
2,30.022,24576,64
2,30.022,24576,64
2,30.022,24576,64
2,30.022,24576,64
2,30.038,24576,64
2,30.022,24576,64
2,30.039,24576,64
2,30.039,24576,64
2,30.042,24576,64
2,30.042,24576,64
2,30.035,24576,64
2,30.035,24576,64
2,30.049,24576,64
2,30.049,24576,64
2,30.03,24576,64
2,30.03,24576,64
2,30.033,24576,64
2,30.033,24576,64
2,30.03,24576,64
2,30.03,24576,64
2,30.037,24576,64
2,30.037,24576,64
2,30.038,24576,64
2,30.038,24576,64
2,30.037,24576,64
2,30.037,24576,64
2,30.027,24576,64
2,30.027,24576,64
2,30.016,24576,64
2,30.016,24576,64
2,30.023,24576,64
2,30.023,24576,64
2,30.052,24576,64
2,30.037,24576,64
2,30.043,24576,64
2,30.043,24576,64
2,30.042,24576,64
2,30.042,24576,64
2,30.054,24576,64
2,30.038,24576,64
2,30.016,24576,64
2,30.016,24576,64
2,30.042,24576,64
2,30.042,24576,64
2,30.016,24576,64
2,30.016,24576,64
2,30.026,24576,64
2,30.026,24576,64
2,30.177,24576,64
2,30.177,24576,64
2,30.037,24576,64
2,30.021,24576,64
2,30.03,24576,64
2,30.03,24576,64
2,30.024,24576,64
2,30.024,24576,64
2,30.033,24576,64
2,30.033,24576,64
2,30.049,24576,64
2,30.033,24576,64
2,30.055,24576,64
2,30.055,24576,64
2,30.028,24576,64
2,30.028,24576,64
2,30.031,24576,64
2,30.031,24576,64
2,30.053,24576,64
2,30.053,24576,64
2,30.033,24576,64
2,30.033,24576,64
2,30.033,24576,64
2,30.033,24576,64
2,30.045,24576,64
2,30.045,24576,64
2,30.194,24576,64
2,30.027,24576,64
2,30.027,24576,64
2,30.033,24576,64
2,30.033,24576,64
2,30.018,24576,64
2,30.018,24576,64
2,30.047,24576,64
2,30.032,24576,64
2,30.102,24576,64
2,30.102,24576,64
2,30.032,24576,64
2,30.029,24576,64
2,30.029,24576,64
2,30.017,24576,64
2,30.033,24576,64
2,30.033,24576,64
2,30.025,24576,64
2,30.025,24576,64
2,30.017,24576,64
2,30.017,24576,64
2,30.022,24576,64
2,30.036,24576,64
2,30.036,24576,64
2,30.039,24576,64
2,30.039,24576,64
2,30.043,24576,64
2,30.043,24576,64
2,30.153,24576,64
2,30.153,24576,64
2,30.034,24576,64
2,30.034,24576,64
2,30.023,24576,64
2,30.023,24576,64
2,30.017,24576,64
2,30.017,24576,64
2,30.018,24576,64
2,30.018,24576,64
2,30.056,24576,64
2,30.056,24576,64
2,30.027,24576,64
2,30.027,24576,64
2,30.036,24576,64
2,30.02,24576,64
2,30.033,24576,64
2,30.017,24576,64
2,30.018,24576,64
2,30.018,24576,64
2,30.031,24576,64
2,30.031,24576,64
2,30.042,24576,64
2,30.042,24576,64
2,30.04,24576,64
2,30.04,24576,64
2,30.026,24576,64
2,30.026,24576,64
2,30.025,24576,64
2,30.025,24576,64
2,30.043,24576,64
2,30.043,24576,64
2,30.145,24576,64
2,30.145,24576,64
2,30.034,24576,64
2,30.034,24576,64
2,30.042,24576,64
2,30.042,24576,64
2,30.043,24576,64
2,30.027,24576,64
2,30.025,24576,64
2,30.025,24576,64
2,30.019,24576,64
2,30.019,24576,64
2,30.05,24576,64
2,30.056,24576,64
2,30.056,24576,64
2,30.033,24576,64
2,30.034,24576,64
2,30.034,24576,64
2,30.037,24576,64
2,30.037,24576,64
2,30.197,24576,64
2,30.197,24576,64
2,30.047,24576,64
2,30.047,24576,64
2,30.041,24576,64
2,30.025,24576,64
2,30.059,24576,64
2,30.059,24576,64
2,30.028,24576,64
2,30.028,24576,64
2,30.035,24576,64
2,30.035,24576,64
2,30.026,24576,64
2,30.026,24576,64
2,30.019,24576,64
2,30.019,24576,64
2,30.028,24576,64
2,30.028,24576,64
2,30.027,24576,64
2,30.027,24576,64
2,30.035,24576,64
2,30.035,24576,64
2,30.025,24576,64
2,30.025,24576,64
2,30.021,24576,64
2,30.021,24576,64
2,30.02,24576,64
2,30.02,24576,64
2,30.027,24576,64
2,30.027,24576,64
2,30.063,24576,64
2,30.063,24576,64
2,30.026,24576,64
2,30.026,24576,64
2,30.035,24576,64
2,30.035,24576,64
2,30.037,24576,64
2,30.037,24576,64
2,30.032,24576,64
2,30.032,24576,64
2,30.028,24576,64
2,30.028,24576,64
2,30.027,24576,64
2,30.024,24576,64
2,30.024,24576,64
2,30.012,24576,64
2,30.027,24576,64
2,30.027,24576,64
2,30.026,24576,64
2,30.026,24576,64
2,30.013,24576,64
2,30.013,24576,64
2,30.016,24576,64
2,30.016,24576,64
2,30.034,24576,64
2,30.034,24576,64
2,30.04,24576,64
2,30.04,24576,64
2,30.05,24576,64
2,30.05,24576,64
2,30.025,24576,64
2,30.025,24576,64
2,30.037,24576,64
2,30.02,24576,64
2,30.02,24576,64
2,30.022,24576,64
2,30.027,24576,64
2,30.027,24576,64
2,30.012,24576,64
2,30.012,24576,64
2,30.047,24576,64
2,30.047,24576,64
2,30.031,24576,64
2,30.031,24576,64
2,30.029,24576,64
2,30.029,24576,64
2,30.039,24576,64
2,30.039,24576,64
2,30.026,24576,64
2,30.026,24576,64
2,30.037,24576,64
2,30.037,24576,64
2,30.047,24576,64
2,30.032,24576,64
2,30.03,24576,64
2,30.03,24576,64
2,30.086,24576,64
2,30.086,24576,64
2,30.023,24576,64
2,30.023,24576,64
2,30.083,24576,64
2,30.083,24576,64
2,30.033,24576,64
2,30.033,24576,64
2,30.022,24576,64
2,30.022,24576,64
2,30.035,24576,64
2,30.035,24576,64
2,30.027,24576,64
2,30.027,24576,64
2,30.045,24576,64
2,30.045,24576,64
2,30.022,24576,64
2,30.022,24576,64
2,30.038,24576,64
2,30.038,24576,64
2,30.036,24576,64
2,30.036,24576,64
2,30.03,24576,64
2,30.03,24576,64
2,30.046,24576,64
2,30.046,24576,64
2,30.04,24576,64
2,30.04,24576,64
2,30.028,24576,64
2,30.028,24576,64
2,30.022,24576,64
2,30.022,24576,64
2,30.094,24576,64
2,30.094,24576,64
2,30.036,24576,64
2,30.036,24576,64
2,30.031,24576,64
2,30.016,24576,64
2,30.052,24576,64
2,30.052,24576,64
2,30.107,24576,64
2,30.042,24576,64
2,30.042,24576,64
2,30.031,24576,64
2,30.031,24576,64
2,30.029,24576,64
2,30.029,24576,64
2,30.026,24576,64
2,30.026,24576,64
2,30.045,24576,64
2,30.028,24576,64
2,30.028,24576,64
2,30.029,24576,64
2,30.029,24576,64
2,30.039,24576,64
2,30.039,24576,64
2,30.045,24576,64
2,30.045,24576,64
2,30.03,24576,64
2,30.03,24576,64
2,30.027,24576,64
2,30.012,24576,64
2,30.033,24576,64
2,30.033,24576,64
2,43.523,24576,64
2,30.034,24576,64
2,30.034,24576,64
2,30.03,24576,64
2,30.03,24576,64
2,30.036,24576,64
2,30.036,24576,64
3,4.778,2048,2048
2,43.412,24576,64
2,30.031,24576,64
2,30.031,24576,64
2,43.226,24576,64
2,30.047,24576,64
2,30.047,24576,64
2,43.321,24576,64
2,30.047,24576,64
2,30.047,24576,64
2,30.059,24576,64
2,30.059,24576,64
2,30.031,24576,64
2,30.031,24576,64
2,30.023,24576,64
2,30.023,24576,64
2,30.042,24576,64
2,30.042,24576,64
2,30.042,24576,64
2,30.05,24576,64
2,30.026,24576,64
2,30.035,24576,64
2,30.026,24576,64
2,30.026,24576,64
2,30.026,24576,64
2,30.026,24576,64
2,30.033,24576,64
2,30.033,24576,64
2,30.049,24576,64
2,30.049,24576,64
2,30.031,24576,64
2,30.031,24576,64
2,30.024,24576,64
2,30.024,24576,64
2,30.037,24576,64
2,30.037,24576,64
2,30.017,24576,64
2,30.017,24576,64
2,30.031,24576,64
2,30.031,24576,64
2,30.046,24576,64
2,30.031,24576,64
2,30.013,24576,64
2,30.013,24576,64
2,30.027,24576,64
2,30.027,24576,64
2,30.042,24576,64
2,30.042,24576,64
2,30.022,24576,64
2,30.022,24576,64
2,30.036,24576,64
2,30.036,24576,64
2,30.027,24576,64
2,30.027,24576,64
2,30.021,24576,64
2,30.021,24576,64
2,30.031,24576,64
2,30.031,24576,64
2,30.029,24576,64
2,30.029,24576,64
2,30.043,24576,64
2,30.043,24576,64
2,30.045,24576,64
2,30.045,24576,64
2,30.016,24576,64
2,30.016,24576,64
2,30.024,24576,64
2,30.024,24576,64
2,30.184,24576,64
2,30.184,24576,64
2,30.027,24576,64
2,30.012,24576,64
2,30.034,24576,64
2,30.034,24576,64
2,30.022,24576,64
2,30.022,24576,64
2,41.267,24576,64
2,41.22,24576,64
2,30.048,24576,64
2,30.048,24576,64
2,30.023,24576,64
2,30.023,24576,64
2,30.027,24576,64
2,30.027,24576,64
2,30.031,24576,64
2,30.016,24576,64
2,30.028,24576,64
2,30.028,24576,64
2,30.042,24576,64
2,30.042,24576,64
2,40.126,24576,64
2,40.096,24576,64
2,30.043,24576,64
2,30.043,24576,64
2,30.032,24576,64
2,30.032,24576,64
2,30.021,24576,64
2,30.021,24576,64
2,30.036,24576,64
2,30.036,24576,64
2,30.045,24576,64
2,30.045,24576,64
2,30.047,24576,64
2,30.047,24576,64
2,30.042,24576,64
2,30.042,24576,64
2,30.029,24576,64
2,30.029,24576,64
2,39.623,24576,64
2,39.611,24576,64
2,30.035,24576,64
2,30.035,24576,64
2,30.049,24576,64
2,30.049,24576,64
2,39.422,24576,64
2,39.407,24576,64
2,30.028,24576,64
2,30.028,24576,64
2,30.013,24576,64
2,30.013,24576,64
2,30.044,24576,64
2,30.044,24576,64
2,30.039,24576,64
2,30.039,24576,64
2,38.941,24576,64
2,38.907,24576,64
2,30.03,24576,64
2,30.03,24576,64
2,30.137,24576,64
2,30.137,24576,64
2,30.045,24576,64
2,30.045,24576,64
2,30.018,24576,64
2,30.018,24576,64
2,30.024,24576,64
2,30.024,24576,64
2,30.032,24576,64
2,30.032,24576,64
2,30.034,24576,64
2,30.034,24576,64
2,30.074,24576,64
2,30.074,24576,64
2,30.036,24576,64
2,30.036,24576,64
2,30.024,24576,64
2,30.024,24576,64
2,30.033,24576,64
2,30.033,24576,64
2,30.03,24576,64
2,30.03,24576,64
2,30.03,24576,64
2,30.03,24576,64
2,30.034,24576,64
2,30.034,24576,64
2,30.039,24576,64
2,30.023,24576,64
2,30.14,24576,64
2,30.124,24576,64
2,30.028,24576,64
2,30.028,24576,64
2,30.036,24576,64
2,30.036,24576,64
2,30.05,24576,64
2,30.05,24576,64
2,30.038,24576,64
2,30.038,24576,64
2,30.032,24576,64
2,30.032,24576,64
2,30.036,24576,64
2,30.036,24576,64
2,30.031,24576,64
2,30.031,24576,64
2,30.084,24576,64
2,30.084,24576,64
2,30.036,24576,64
2,30.036,24576,64
2,30.023,24576,64
2,30.023,24576,64
2,30.023,24576,64
2,30.023,24576,64
2,30.019,24576,64
2,30.019,24576,64
2,30.023,24576,64
2,30.023,24576,64
2,30.02,24576,64
2,30.02,24576,64
2,30.039,24576,64
2,30.039,24576,64
2,30.028,24576,64
2,30.028,24576,64
2,30.116,24576,64
2,30.116,24576,64
2,30.04,24576,64
2,30.04,24576,64
2,30.027,24576,64
2,30.027,24576,64
2,30.027,24576,64
2,30.027,24576,64
2,30.032,24576,64
2,30.032,24576,64
2,30.058,24576,64
2,30.058,24576,64
2,30.018,24576,64
2,30.018,24576,64
2,30.031,24576,64
2,30.031,24576,64
2,30.038,24576,64
2,30.023,24576,64
2,30.023,24576,64
2,30.007,24576,64
2,30.033,24576,64
2,30.033,24576,64
2,30.035,24576,64
2,30.035,24576,64
2,30.039,24576,64
2,30.039,24576,64
2,30.023,24576,64
2,30.023,24576,64
2,30.023,24576,64
2,30.023,24576,64
2,30.026,24576,64
2,30.026,24576,64
2,30.042,24576,64
2,30.042,24576,64
2,30.032,24576,64
2,30.032,24576,64
2,30.034,24576,64
2,30.034,24576,64
2,30.027,24576,64
2,30.027,24576,64
2,30.043,24576,64
2,30.043,24576,64
2,30.022,24576,64
2,30.022,24576,64
2,30.036,24576,64
2,30.036,24576,64
2,30.023,24576,64
2,30.02,24576,64
2,30.032,24576,64
2,30.049,24576,64
2,30.032,24576,64
2,30.047,24576,64
2,30.038,24576,64
2,30.038,24576,64
2,30.039,24576,64
2,30.039,24576,64
2,30.016,24576,64
2,30.016,24576,64
2,30.026,24576,64
2,30.026,24576,64
2,30.026,24576,64
2,30.01,24576,64
2,30.048,24576,64
2,30.048,24576,64
2,30.031,24576,64
2,30.031,24576,64
2,30.027,24576,64
2,30.027,24576,64
2,30.025,24576,64
2,30.025,24576,64
2,30.04,24576,64
2,30.04,24576,64
2,30.023,24576,64
2,30.023,24576,64
2,30.021,24576,64
2,30.021,24576,64
2,30.045,24576,64
2,30.045,24576,64
2,30.036,24576,64
2,30.036,24576,64
2,30.019,24576,64
2,30.019,24576,64
2,30.039,24576,64
2,30.039,24576,64
2,30.04,24576,64
2,30.04,24576,64
2,30.033,24576,64
2,30.033,24576,64
2,30.028,24576,64
2,30.028,24576,64
2,30.016,24576,64
2,30.016,24576,64
2,30.032,24576,64
2,30.032,24576,64
2,30.033,24576,64
2,30.033,24576,64
2,30.037,24576,64
2,30.037,24576,64
2,30.032,24576,64
2,30.032,24576,64
2,30.043,24576,64
2,30.027,24576,64
2,30.043,24576,64
2,30.043,24576,64
2,30.023,24576,64
2,30.023,24576,64
2,30.032,24576,64
2,30.032,24576,64
2,30.039,24576,64
2,30.039,24576,64
2,30.04,24576,64
2,30.04,24576,64
2,30.02,24576,64
2,30.02,24576,64
2,30.039,24576,64
2,30.039,24576,64
2,30.029,24576,64
2,30.029,24576,64
2,30.033,24576,64
2,30.033,24576,64
2,30.02,24576,64
2,30.02,24576,64
2,30.031,24576,64
2,30.031,24576,64
2,30.029,24576,64
2,30.029,24576,64
2,30.031,24576,64
2,30.031,24576,64
2,30.032,24576,64
2,30.032,24576,64
2,30.028,24576,64
2,30.028,24576,64
2,30.037,24576,64
2,30.037,24576,64
2,30.03,24576,64
2,30.03,24576,64
2,30.04,24576,64
2,30.04,24576,64
2,30.064,24576,64
2,30.033,24576,64
2,30.028,24576,64
2,30.028,24576,64
2,30.036,24576,64
2,30.036,24576,64
2,30.03,24576,64
2,30.03,24576,64
2,30.025,24576,64
2,30.025,24576,64
2,30.016,24576,64
2,30.016,24576,64
2,30.033,24576,64
2,30.033,24576,64
2,30.052,24576,64
2,30.052,24576,64
2,30.031,24576,64
2,30.031,24576,64
2,30.037,24576,64
2,30.037,24576,64
2,30.068,24576,64
2,30.068,24576,64
2,30.05,24576,64
2,30.034,24576,64
2,30.036,24576,64
2,30.034,24576,64
2,30.02,24576,64
2,30.045,24576,64
2,30.018,24576,64
2,30.03,24576,64
2,30.03,24576,64
2,30.015,24576,64
2,30.041,24576,64
2,30.041,24576,64
2,30.036,24576,64
2,30.036,24576,64
2,30.04,24576,64
2,30.04,24576,64
2,30.044,24576,64
2,30.044,24576,64
2,30.03,24576,64
2,30.03,24576,64
2,30.09,24576,64
2,30.09,24576,64
2,30.024,24576,64
2,30.024,24576,64
2,30.056,24576,64
2,30.04,24576,64
2,30.027,24576,64
2,30.027,24576,64
2,30.032,24576,64
2,30.032,24576,64
2,30.049,24576,64
2,30.049,24576,64
2,30.014,24576,64
2,30.014,24576,64
2,30.024,24576,64
2,30.024,24576,64
2,30.038,24576,64
2,30.038,24576,64
2,30.032,24576,64
2,30.032,24576,64
2,30.029,24576,64
2,30.029,24576,64
2,30.017,24576,64
2,30.017,24576,64
2,30.035,24576,64
2,30.035,24576,64
2,30.025,24576,64
2,30.025,24576,64
1,0.015,1024,64
2,30.082,24576,64
2,30.082,24576,64
2,30.125,24576,64
2,30.125,24576,64
2,30.033,24576,64
2,30.033,24576,64
2,30.021,24576,64
2,30.021,24576,64
2,30.037,24576,64
2,30.037,24576,64
2,30.037,24576,64
2,30.037,24576,64
2,30.032,24576,64
2,30.016,24576,64
2,30.028,24576,64
2,30.028,24576,64
2,30.019,24576,64
2,30.019,24576,64
2,30.036,24576,64
2,30.036,24576,64
2,30.036,24576,64
2,30.036,24576,64
2,30.047,24576,64
2,30.047,24576,64
2,30.02,24576,64
2,30.034,24576,64
2,30.034,24576,64
2,30.049,24576,64
2,30.049,24576,64
2,30.029,24576,64
2,30.029,24576,64
2,30.005,24576,64
2,30.064,24576,64
2,30.064,24576,64
2,30.036,24576,64
2,30.036,24576,64
2,30.029,24576,64
2,30.029,24576,64
2,30.019,24576,64
2,30.019,24576,64
2,30.028,24576,64
2,30.028,24576,64
2,30.025,24576,64
2,30.025,24576,64
2,30.044,24576,64
2,30.044,24576,64
2,30.044,24576,64
2,30.044,24576,64
2,30.025,24576,64
2,30.025,24576,64
2,30.029,24576,64
2,30.029,24576,64
2,30.024,24576,64
2,30.024,24576,64
2,30.04,24576,64
2,30.04,24576,64
2,30.04,24576,64
2,30.04,24576,64
2,30.034,24576,64
2,30.019,24576,64
2,30.037,24576,64
2,30.037,24576,64
2,30.019,24576,64
2,30.019,24576,64
2,30.079,24576,64
2,30.094,24576,64
2,30.034,24576,64
2,30.019,24576,64
2,30.031,24576,64
2,30.031,24576,64
2,30.078,24576,64
2,30.078,24576,64
2,30.046,24576,64
2,30.046,24576,64
2,30.035,24576,64
2,30.035,24576,64
2,30.037,24576,64
2,30.037,24576,64
2,30.021,24576,64
2,30.021,24576,64
2,30.036,24576,64
2,30.036,24576,64
2,30.04,24576,64
2,30.04,24576,64
2,30.053,24576,64
2,30.053,24576,64
2,30.024,24576,64
2,30.024,24576,64
2,30.05,24576,64
2,30.05,24576,64
2,30.034,24576,64
2,30.018,24576,64
2,30.026,24576,64
2,30.026,24576,64
2,30.035,24576,64
2,30.035,24576,64
2,30.135,24576,64
2,30.135,24576,64
2,30.044,24576,64
2,30.044,24576,64
2,30.02,24576,64
2,30.02,24576,64
2,30.037,24576,64
2,30.037,24576,64
2,30.047,24576,64
2,30.047,24576,64
2,30.028,24576,64
2,30.013,24576,64
2,30.032,24576,64
2,30.032,24576,64
2,30.048,24576,64
2,30.032,24576,64
2,30.018,24576,64
2,30.018,24576,64
2,30.037,24576,64
2,30.037,24576,64
2,30.058,24576,64
2,30.058,24576,64
2,30.04,24576,64
2,30.04,24576,64
2,30.032,24576,64
2,30.017,24576,64
2,30.031,24576,64
2,30.031,24576,64
2,30.027,24576,64
2,30.027,24576,64
2,30.021,24576,64
2,30.021,24576,64
2,30.289,24576,64
2,30.289,24576,64
2,30.032,24576,64
2,30.032,24576,64
2,30.03,24576,64
2,30.03,24576,64
2,30.047,24576,64
2,30.047,24576,64
2,30.016,24576,64
2,30.016,24576,64
2,30.041,24576,64
2,30.041,24576,64
2,30.03,24576,64
2,30.03,24576,64
2,30.016,24576,64
2,30.016,24576,64
2,30.036,24576,64
2,30.036,24576,64
2,30.036,24576,64
2,30.036,24576,64
2,30.23,24576,64
2,30.035,24576,64
2,30.035,24576,64
2,30.11,24576,64
2,30.094,24576,64
2,30.043,24576,64
2,30.032,24576,64
2,30.032,24576,64
2,30.036,24576,64
2,30.036,24576,64
2,30.042,24576,64
2,30.042,24576,64
2,30.022,24576,64
2,30.022,24576,64
2,30.022,24576,64
2,30.022,24576,64
2,30.026,24576,64
2,30.026,24576,64
2,30.022,24576,64
2,30.022,24576,64
2,30.024,24576,64
2,30.024,24576,64
2,30.04,24576,64
2,30.04,24576,64
2,30.036,24576,64
2,30.036,24576,64
2,30.028,24576,64
2,30.028,24576,64
2,30.032,24576,64
2,30.032,24576,64
2,30.037,24576,64
2,30.052,24576,64
2,30.037,24576,64
2,30.037,24576,64
2,30.043,24576,64
2,30.027,24576,64
2,30.035,24576,64
2,30.035,24576,64
2,30.034,24576,64
2,30.034,24576,64
2,30.028,24576,64
2,30.012,24576,64
2,30.04,24576,64
2,30.04,24576,64
2,30.021,24576,64
2,30.021,24576,64
2,30.028,24576,64
2,30.028,24576,64
2,30.038,24576,64
2,30.038,24576,64
2,30.022,24576,64
2,30.022,24576,64
2,30.023,24576,64
2,30.023,24576,64
2,30.034,24576,64
2,30.034,24576,64
2,30.02,24576,64
2,30.02,24576,64
2,30.016,24576,64
2,30.001,24576,64
2,30.039,24576,64
2,30.039,24576,64
2,30.022,24576,64
2,30.022,24576,64
2,30.016,24576,64
2,30.016,24576,64
2,30.041,24576,64
2,30.041,24576,64
2,30.042,24576,64
2,30.042,24576,64
2,30.026,24576,64
2,30.026,24576,64
2,30.037,24576,64
2,30.037,24576,64
2,30.041,24576,64
2,30.041,24576,64
2,30.042,24576,64
2,30.023,24576,64
2,30.032,24576,64
2,30.032,24576,64
2,30.041,24576,64
2,30.026,24576,64
2,30.054,24576,64
2,30.038,24576,64
2,30.033,24576,64
2,30.033,24576,64
2,30.034,24576,64
2,30.018,24576,64
2,30.033,24576,64
2,30.033,24576,64
2,30.042,24576,64
2,30.042,24576,64
2,30.035,24576,64
2,30.035,24576,64
2,30.049,24576,64
2,30.049,24576,64
2,30.042,24576,64
2,30.042,24576,64
2,30.03,24576,64
2,30.03,24576,64
2,30.041,24576,64
2,30.025,24576,64
2,30.042,24576,64
2,30.042,24576,64
2,30.043,24576,64
2,30.043,24576,64
2,30.029,24576,64
2,30.029,24576,64
2,30.028,24576,64
2,30.028,24576,64
2,30.019,24576,64
2,30.019,24576,64
2,30.031,24576,64
2,30.031,24576,64
2,30.052,24576,64
2,30.037,24576,64
2,30.034,24576,64
2,30.034,24576,64
2,30.026,24576,64
2,30.026,24576,64
2,30.055,24576,64
2,30.055,24576,64
2,30.031,24576,64
2,30.031,24576,64
2,30.041,24576,64
2,30.041,24576,64
2,30.046,24576,64
2,30.033,24576,64
2,30.029,24576,64
2,30.029,24576,64
2,30.037,24576,64
2,30.037,24576,64
2,30.029,24576,64
2,30.029,24576,64
2,30.038,24576,64
2,30.038,24576,64
2,30.029,24576,64
2,30.029,24576,64
2,30.027,24576,64
2,30.027,24576,64
2,30.016,24576,64
2,30.016,24576,64
2,30.043,24576,64
2,30.043,24576,64
2,30.024,24576,64
2,30.024,24576,64
1,0.575,1024,64
2,30.031,24576,64
2,30.031,24576,64
2,30.028,24576,64
2,30.028,24576,64
2,30.032,24576,64
2,30.032,24576,64
2,30.03,24576,64
2,30.03,24576,64
2,30.018,24576,64
2,30.018,24576,64
2,30.041,24576,64
2,30.041,24576,64
2,30.046,24576,64
2,30.046,24576,64
2,30.028,24576,64
2,30.028,24576,64
2,30.028,24576,64
2,30.028,24576,64
2,30.034,24576,64
2,30.034,24576,64
2,30.04,24576,64
2,30.04,24576,64
2,30.039,24576,64
2,30.026,24576,64
2,30.026,24576,64
2,30.023,24576,64
2,30.029,24576,64
2,30.029,24576,64
2,30.039,24576,64
2,30.039,24576,64
2,30.028,24576,64
2,30.028,24576,64
2,30.024,24576,64
2,30.024,24576,64
2,30.046,24576,64
2,30.025,24576,64
2,30.03,24576,64
2,30.03,24576,64
2,30.037,24576,64
2,30.021,24576,64
2,30.037,24576,64
2,30.037,24576,64
2,30.037,24576,64
2,30.037,24576,64
2,30.03,24576,64
2,30.045,24576,64
2,30.032,24576,64
2,30.032,24576,64
2,30.162,24576,64
2,30.134,24576,64
2,30.065,24576,64
2,30.052,24576,64
2,30.068,24576,64
2,30.068,24576,64
2,30.052,24576,64
2,30.052,24576,64
2,30.033,24576,64
2,30.033,24576,64
2,30.022,24576,64
2,30.022,24576,64
2,30.019,24576,64
2,30.019,24576,64
2,30.034,24576,64
2,30.034,24576,64
2,30.025,24576,64
2,30.025,24576,64
2,30.112,24576,64
2,30.112,24576,64
2,30.033,24576,64
2,30.033,24576,64
2,30.039,24576,64
2,30.039,24576,64
2,30.033,24576,64
2,30.033,24576,64
2,30.03,24576,64
2,30.03,24576,64
2,30.03,24576,64
2,30.03,24576,64
2,30.026,24576,64
2,30.026,24576,64
2,30.032,24576,64
2,30.032,24576,64
2,30.022,24576,64
2,30.022,24576,64
2,30.017,24576,64
2,30.017,24576,64
2,30.029,24576,64
2,30.029,24576,64
2,30.023,24576,64
2,30.023,24576,64
2,30.044,24576,64
2,30.044,24576,64
2,30.065,24576,64
2,30.065,24576,64
2,30.031,24576,64
2,30.031,24576,64
2,30.036,24576,64
2,30.036,24576,64
2,30.016,24576,64
2,30.016,24576,64
2,30.043,24576,64
2,30.027,24576,64
2,30.02,24576,64
2,30.02,24576,64
2,30.031,24576,64
2,30.031,24576,64
2,30.029,24576,64
2,30.029,24576,64
2,30.022,24576,64
2,30.022,24576,64
2,30.046,24576,64
2,30.046,24576,64
2,30.048,24576,64
2,30.048,24576,64
2,30.027,24576,64
2,30.027,24576,64
2,30.027,24576,64
2,30.027,24576,64
2,30.035,24576,64
2,30.035,24576,64
2,30.023,24576,64
2,30.023,24576,64
2,30.035,24576,64
2,30.035,24576,64
2,30.018,24576,64
2,30.018,24576,64
2,30.038,24576,64
2,30.038,24576,64
2,30.075,24576,64
2,30.028,24576,64
2,30.044,24576,64
2,30.044,24576,64
2,30.027,24576,64
2,30.027,24576,64
2,30.036,24576,64
2,30.036,24576,64
2,30.038,24576,64
2,30.038,24576,64
2,30.052,24576,64
2,30.036,24576,64
2,30.04,24576,64
2,30.04,24576,64
2,30.03,24576,64
2,30.03,24576,64
2,30.036,24576,64
2,30.021,24576,64
2,30.056,24576,64
2,30.056,24576,64
2,30.024,24576,64
2,30.024,24576,64
2,30.046,24576,64
2,30.03,24576,64
2,30.054,24576,64
2,30.054,24576,64
2,30.041,24576,64
2,30.041,24576,64
2,30.032,24576,64
2,30.032,24576,64
2,30.035,24576,64
2,30.019,24576,64
2,30.039,24576,64
2,30.039,24576,64
2,30.034,24576,64
2,30.034,24576,64
2,30.028,24576,64
2,30.028,24576,64
2,30.021,24576,64
2,30.021,24576,64
2,30.036,24576,64
2,30.036,24576,64
2,30.02,24576,64
2,30.02,24576,64
2,30.026,24576,64
2,30.026,24576,64
2,30.052,24576,64
2,30.052,24576,64
2,30.029,24576,64
2,30.014,24576,64
2,30.043,24576,64
2,30.043,24576,64
2,30.025,24576,64
2,30.025,24576,64
2,30.035,24576,64
2,30.035,24576,64
2,30.038,24576,64
2,30.038,24576,64
2,30.02,24576,64
2,30.02,24576,64
2,30.016,24576,64
2,30.016,24576,64
2,30.021,24576,64
2,30.021,24576,64
2,30.038,24576,64
2,30.038,24576,64
2,30.057,24576,64
2,30.028,24576,64
2,30.012,24576,64
2,30.025,24576,64
2,30.032,24576,64
2,30.032,24576,64
2,30.023,24576,64
2,30.023,24576,64
2,30.044,24576,64
2,30.044,24576,64
2,30.037,24576,64
2,30.037,24576,64
2,30.048,24576,64
2,30.048,24576,64
2,30.067,24576,64
2,30.067,24576,64
2,30.017,24576,64
2,30.017,24576,64
2,30.025,24576,64
2,30.025,24576,64
2,30.022,24576,64
2,30.022,24576,64
2,30.03,24576,64
2,30.049,24576,64
2,30.025,24576,64
2,30.025,24576,64
2,30.065,24576,64
2,30.049,24576,64
2,30.034,24576,64
2,30.022,24576,64
2,30.036,24576,64
2,30.036,24576,64
2,30.028,24576,64
2,30.045,24576,64
2,30.045,24576,64
2,30.012,24576,64
3,4.988,2048,2048
2,30.04,24576,64
2,30.04,24576,64
2,30.026,24576,64
2,30.026,24576,64
2,30.042,24576,64
2,30.042,24576,64
2,30.035,24576,64
2,30.035,24576,64
2,30.068,24576,64
2,30.068,24576,64
2,30.04,24576,64
2,30.04,24576,64
2,30.047,24576,64
2,30.047,24576,64
2,30.029,24576,64
2,30.029,24576,64
2,30.033,24576,64
2,30.033,24576,64
2,30.036,24576,64
2,30.036,24576,64
2,30.043,24576,64
2,30.027,24576,64
2,30.028,24576,64
2,30.028,24576,64
2,30.027,24576,64
2,30.027,24576,64
2,30.028,24576,64
2,30.028,24576,64
2,30.049,24576,64
2,30.033,24576,64
2,30.041,24576,64
2,30.041,24576,64
2,30.036,24576,64
2,30.036,24576,64
2,30.028,24576,64
2,30.028,24576,64
2,30.049,24576,64
2,30.049,24576,64
2,30.035,24576,64
2,30.035,24576,64
2,30.037,24576,64
2,30.037,24576,64
2,30.037,24576,64
2,30.037,24576,64
2,30.033,24576,64
2,30.033,24576,64
2,30.059,24576,64
2,30.059,24576,64
2,30.021,24576,64
2,30.021,24576,64
2,30.027,24576,64
2,30.027,24576,64
2,30.031,24576,64
2,30.031,24576,64
2,30.039,24576,64
2,30.039,24576,64
2,30.046,24576,64
2,30.031,24576,64
2,30.096,24576,64
2,30.079,24576,64
2,30.025,24576,64
2,30.025,24576,64
2,30.026,24576,64
2,30.026,24576,64
2,30.012,24576,64
2,30.012,24576,64
2,30.029,24576,64
2,30.029,24576,64
2,30.036,24576,64
2,30.036,24576,64
2,30.044,24576,64
2,30.044,24576,64
1,0.018,1024,64
1,0.018,1024,64
2,30.029,24576,64
2,30.029,24576,64
2,30.028,24576,64
2,30.028,24576,64
2,30.03,24576,64
2,30.03,24576,64
2,30.039,24576,64
2,30.025,24576,64
2,30.025,24576,64
2,30.023,24576,64
2,30.012,24576,64
2,30.012,24576,64
2,30.03,24576,64
2,30.03,24576,64
2,30.026,24576,64
2,30.026,24576,64
2,30.039,24576,64
2,30.039,24576,64
2,30.016,24576,64
2,30.016,24576,64
2,30.084,24576,64
2,30.084,24576,64
2,30.031,24576,64
2,30.031,24576,64
2,30.045,24576,64
2,30.045,24576,64
2,30.039,24576,64
2,30.039,24576,64
2,30.029,24576,64
2,30.029,24576,64
2,30.058,24576,64
2,30.058,24576,64
2,30.009,24576,64
2,30.009,24576,64
2,30.09,24576,64
2,30.09,24576,64
2,30.021,24576,64
2,30.021,24576,64
2,30.029,24576,64
2,30.029,24576,64
2,30.015,24576,64
2,30.015,24576,64
2,30.029,24576,64
2,30.029,24576,64
2,30.029,24576,64
2,30.029,24576,64
2,30.032,24576,64
2,30.032,24576,64
2,30.034,24576,64
2,30.034,24576,64
2,30.028,24576,64
2,30.028,24576,64
2,30.026,24576,64
2,30.026,24576,64
2,30.026,24576,64
2,30.026,24576,64
2,30.055,24576,64
2,30.055,24576,64
2,30.029,24576,64
2,30.029,24576,64
2,30.034,24576,64
2,30.034,24576,64
2,30.024,24576,64
2,30.024,24576,64
2,30.032,24576,64
2,30.032,24576,64
2,30.033,24576,64
2,30.033,24576,64
2,30.031,24576,64
2,30.031,24576,64
2,30.036,24576,64
2,30.02,24576,64
2,30.031,24576,64
2,30.031,24576,64
2,30.028,24576,64
2,30.028,24576,64
2,30.053,24576,64
2,30.053,24576,64
2,30.034,24576,64
2,30.034,24576,64
2,30.057,24576,64
2,30.057,24576,64
2,30.036,24576,64
2,30.036,24576,64
2,30.035,24576,64
2,30.035,24576,64
2,30.032,24576,64
2,30.032,24576,64
2,30.06,24576,64
2,30.06,24576,64
2,30.053,24576,64
2,30.053,24576,64
2,30.062,24576,64
2,30.062,24576,64
2,30.028,24576,64
2,30.028,24576,64
2,30.065,24576,64
2,30.065,24576,64
2,30.023,24576,64
2,30.023,24576,64
2,30.024,24576,64
2,30.024,24576,64
2,30.037,24576,64
2,30.037,24576,64
2,30.024,24576,64
2,30.024,24576,64
2,30.031,24576,64
2,30.031,24576,64
2,30.03,24576,64
2,30.03,24576,64
2,30.02,24576,64
2,30.02,24576,64
2,30.027,24576,64
2,30.011,24576,64
2,30.026,24576,64
2,30.026,24576,64
2,30.036,24576,64
2,30.016,24576,64
2,30.012,24576,64
2,30.012,24576,64
2,30.052,24576,64
2,30.052,24576,64
2,30.027,24576,64
2,30.027,24576,64
2,30.027,24576,64
2,30.027,24576,64
2,30.032,24576,64
2,30.032,24576,64
2,30.031,24576,64
2,30.031,24576,64
2,30.038,24576,64
2,30.022,24576,64
2,30.031,24576,64
2,30.031,24576,64
2,30.024,24576,64
2,30.024,24576,64
2,30.035,24576,64
2,30.02,24576,64
2,30.066,24576,64
2,30.052,24576,64
2,30.041,24576,64
2,30.025,24576,64
2,30.052,24576,64
2,30.052,24576,64
2,30.034,24576,64
2,30.034,24576,64
2,30.041,24576,64
2,30.041,24576,64
2,30.026,24576,64
2,30.026,24576,64
2,30.016,24576,64
2,30.016,24576,64
2,30.082,24576,64
2,30.082,24576,64
2,30.03,24576,64
2,30.03,24576,64
2,30.135,24576,64
2,30.121,24576,64
2,30.061,24576,64
2,30.046,24576,64
2,30.03,24576,64
2,30.026,24576,64
2,30.026,24576,64
2,30.015,24576,64
2,30.032,24576,64
2,30.016,24576,64
2,30.054,24576,64
2,30.022,24576,64
2,30.031,24576,64
2,30.031,24576,64
2,30.03,24576,64
2,30.03,24576,64
2,30.031,24576,64
2,30.031,24576,64
2,30.03,24576,64
2,30.03,24576,64
2,30.03,24576,64
2,30.03,24576,64
2,30.02,24576,64
2,30.02,24576,64
2,30.014,24576,64
2,30.014,24576,64
2,30.028,24576,64
2,30.028,24576,64
2,30.029,24576,64
2,30.029,24576,64
2,30.031,24576,64
2,30.031,24576,64
2,30.105,24576,64
2,30.105,24576,64
2,30.023,24576,64
2,30.023,24576,64
2,30.037,24576,64
2,30.037,24576,64
2,30.026,24576,64
2,30.026,24576,64
2,30.047,24576,64
2,30.047,24576,64
2,30.025,24576,64
2,30.025,24576,64
2,30.036,24576,64
2,30.036,24576,64
2,30.042,24576,64
2,30.042,24576,64
2,30.027,24576,64
2,30.027,24576,64
2,30.027,24576,64
2,30.042,24576,64
2,30.027,24576,64
2,30.027,24576,64
2,30.052,24576,64
2,30.052,24576,64
2,30.027,24576,64
2,30.027,24576,64
2,30.029,24576,64
2,30.029,24576,64
2,30.035,24576,64
2,30.035,24576,64
2,30.038,24576,64
2,30.038,24576,64
2,30.037,24576,64
2,30.037,24576,64
2,30.042,24576,64
2,30.042,24576,64
2,30.02,24576,64
2,30.02,24576,64
2,30.047,24576,64
2,30.047,24576,64
2,30.034,24576,64
2,30.034,24576,64
2,30.037,24576,64
2,30.037,24576,64
2,30.063,24576,64
2,30.031,24576,64
2,30.037,24576,64
2,30.037,24576,64
2,30.045,24576,64
2,30.045,24576,64
2,30.055,24576,64
2,30.023,24576,64
2,30.016,24576,64
2,30.016,24576,64
2,30.03,24576,64
2,30.03,24576,64
2,30.015,24576,64
2,30.015,24576,64
2,30.022,24576,64
2,30.022,24576,64
2,30.052,24576,64
2,30.036,24576,64
2,30.022,24576,64
2,30.022,24576,64
2,30.044,24576,64
2,30.044,24576,64
2,30.044,24576,64
2,30.044,24576,64
2,30.036,24576,64
2,30.036,24576,64
2,30.026,24576,64
2,30.026,24576,64
2,30.02,24576,64
2,30.02,24576,64
2,30.029,24576,64
2,30.029,24576,64
2,30.04,24576,64
2,30.04,24576,64
2,30.03,24576,64
2,30.03,24576,64
2,30.032,24576,64
2,30.032,24576,64
2,30.031,24576,64
2,30.031,24576,64
2,30.023,24576,64
2,30.023,24576,64
2,30.03,24576,64
2,30.03,24576,64
2,30.037,24576,64
2,30.021,24576,64
2,30.043,24576,64
2,30.043,24576,64
2,30.047,24576,64
2,30.047,24576,64
2,30.036,24576,64
2,30.036,24576,64
2,30.029,24576,64
2,30.029,24576,64
2,30.085,24576,64
2,30.085,24576,64
2,30.031,24576,64
2,30.031,24576,64
2,30.016,24576,64
2,30.016,24576,64
2,30.033,24576,64
2,30.033,24576,64
2,30.034,24576,64
2,30.034,24576,64
2,30.036,24576,64
2,30.086,24576,64
2,30.064,24576,64
2,30.064,24576,64
2,30.027,24576,64
2,30.027,24576,64
2,30.028,24576,64
2,30.028,24576,64
2,30.033,24576,64
2,30.033,24576,64
2,30.042,24576,64
2,30.042,24576,64
2,30.034,24576,64
2,30.018,24576,64
2,30.025,24576,64
2,30.025,24576,64
2,30.025,24576,64
2,30.025,24576,64
2,30.024,24576,64
2,30.039,24576,64
2,30.017,24576,64
2,30.017,24576,64
2,30.051,24576,64
2,30.051,24576,64
2,30.015,24576,64
2,30.015,24576,64
2,30.066,24576,64
2,30.066,24576,64
2,30.086,24576,64
2,30.086,24576,64
2,30.023,24576,64
2,30.023,24576,64
2,30.015,24576,64
2,30.015,24576,64
2,30.034,24576,64
2,30.019,24576,64
2,30.039,24576,64
2,30.039,24576,64
2,30.048,24576,64
2,30.02,24576,64
2,30.02,24576,64
2,30.033,24576,64
2,30.021,24576,64
2,30.021,24576,64
2,30.032,24576,64
2,30.032,24576,64
2,30.064,24576,64
2,30.064,24576,64
2,30.043,24576,64
2,30.043,24576,64
2,30.026,24576,64
2,30.026,24576,64
1,0.545,1024,64
1,0.86,2048,64
2,49.908,24576,64
2,32.752,24576,64
1,0.109,1024,64
1,0.64,1024,64
1,1.087,2048,64
2,30.021,24576,64
2,30.021,24576,64
2,30.018,24576,64
2,30.018,24576,64
2,30.016,24576,64
2,30.016,24576,64
2,30.04,24576,64
2,30.04,24576,64
2,30.033,24576,64
2,30.033,24576,64
1,0.663,1024,64
1,0.867,2048,64
2,30.02,24576,64
2,30.02,24576,64
2,30.026,24576,64
2,30.026,24576,64
1,0.013,1024,64
2,30.057,24576,64
2,30.057,24576,64
2,30.039,24576,64
2,30.039,24576,64
2,30.039,24576,64
2,30.023,24576,64
2,30.033,24576,64
2,30.033,24576,64
1,0.017,1024,64
2,30.028,24576,64
2,30.028,24576,64
1,0.025,1024,64
2,30.033,24576,64
2,30.033,24576,64
1,0.012,1024,64
1,0.013,1024,64
2,30.033,24576,64
2,30.033,24576,64
2,30.022,24576,64
2,30.022,24576,64
1,0.014,1024,64
2,30.023,24576,64
2,30.023,24576,64
2,30.048,24576,64
1,0.013,1024,64
2,30.033,24576,64
2,30.048,24576,64
2,30.032,24576,64
1,0.012,1024,64
2,30.041,24576,64
2,30.041,24576,64
1,0.014,1024,64
1,0.014,1024,64
1,0.401,1024,64
1,0.076,1024,64
1,0.035,1024,64
1,0.088,1024,64
1,0.106,1024,64
1,0.196,1024,64
1,0.774,1024,64
1,0.362,1024,64
1,0.352,1024,64
1,0.517,1024,64
1,0.423,1024,64
1,0.207,1024,64
1,0.389,1024,64
1,0.597,1024,64
1,0.715,1024,64
1,0.593,1024,64
1,0.012,1024,64
2,30.042,24576,64
2,30.027,24576,64
1,0.012,1024,64
2,30.076,24576,64
2,30.094,24576,64
2,30.031,24576,64
2,30.031,24576,64
2,30.079,24576,64
2,30.079,24576,64
1,0.199,1024,64
1,0.381,1024,64
1,0.331,1024,64
1,0.374,1024,64
1,0.19,1024,64
1,0.015,1024,64
2,30.03,24576,64
2,30.03,24576,64
1,0.013,1024,64
1,0.013,1024,64
2,30.024,24576,64
2,30.024,24576,64
2,30.032,24576,64
2,30.032,24576,64
2,30.038,24576,64
2,30.038,24576,64
2,30.034,24576,64
2,30.034,24576,64
2,30.02,24576,64
2,30.02,24576,64
2,30.038,24576,64
2,30.038,24576,64
2,30.017,24576,64
2,30.017,24576,64
2,30.063,24576,64
2,30.063,24576,64
2,30.039,24576,64
2,30.039,24576,64
2,30.026,24576,64
2,30.026,24576,64
2,30.026,24576,64
2,30.026,24576,64
2,30.039,24576,64
2,30.039,24576,64
2,30.04,24576,64
2,30.024,24576,64
2,30.055,24576,64
2,30.055,24576,64
2,30.028,24576,64
2,30.028,24576,64
2,30.03,24576,64
2,30.03,24576,64
2,30.027,24576,64
2,30.011,24576,64
2,30.082,24576,64
2,30.082,24576,64
2,30.038,24576,64
2,30.038,24576,64
2,30.07,24576,64
2,30.07,24576,64
2,30.022,24576,64
2,30.022,24576,64
2,30.013,24576,64
2,30.013,24576,64
2,30.044,24576,64
2,30.044,24576,64
2,30.036,24576,64
2,30.036,24576,64
2,30.039,24576,64
2,30.039,24576,64
2,30.047,24576,64
2,30.047,24576,64
2,30.039,24576,64
2,30.039,24576,64
2,30.022,24576,64
2,30.022,24576,64
2,30.031,24576,64
2,30.031,24576,64
2,30.021,24576,64
2,30.021,24576,64
2,30.052,24576,64
2,30.036,24576,64
2,30.028,24576,64
2,30.028,24576,64
2,30.025,24576,64
2,30.025,24576,64
2,30.021,24576,64
2,30.021,24576,64
2,30.028,24576,64
2,30.028,24576,64
2,30.03,24576,64
2,30.03,24576,64
2,30.04,24576,64
2,30.04,24576,64
2,30.034,24576,64
2,30.034,24576,64
2,30.036,24576,64
2,30.036,24576,64
2,30.04,24576,64
2,30.04,24576,64
2,30.022,24576,64
2,30.022,24576,64
2,30.023,24576,64
2,30.023,24576,64
2,30.018,24576,64
2,30.018,24576,64
2,30.034,24576,64
2,30.034,24576,64
2,30.037,24576,64
2,30.037,24576,64
2,30.016,24576,64
2,30.016,24576,64
2,30.037,24576,64
2,30.037,24576,64
2,30.032,24576,64
2,30.032,24576,64
2,30.062,24576,64
2,30.046,24576,64
2,30.077,24576,64
2,30.077,24576,64
2,30.037,24576,64
2,30.037,24576,64
2,30.035,24576,64
2,30.035,24576,64
2,30.021,24576,64
2,30.021,24576,64
2,30.027,24576,64
2,30.027,24576,64
2,30.074,24576,64
2,30.042,24576,64
2,30.042,24576,64
2,30.042,24576,64
2,30.021,24576,64
2,30.021,24576,64
2,30.041,24576,64
2,30.041,24576,64
2,30.037,24576,64
2,30.037,24576,64
2,30.033,24576,64
2,30.033,24576,64
2,30.042,24576,64
2,30.042,24576,64
2,30.021,24576,64
2,30.021,24576,64
2,30.025,24576,64
2,30.025,24576,64
2,30.045,24576,64
2,30.045,24576,64
2,30.045,24576,64
2,30.045,24576,64
2,30.025,24576,64
2,30.025,24576,64
2,30.039,24576,64
2,30.039,24576,64
2,30.042,24576,64
2,30.042,24576,64
2,30.034,24576,64
2,30.034,24576,64
2,30.023,24576,64
2,30.023,24576,64
2,30.057,24576,64
2,30.038,24576,64
2,30.044,24576,64
2,30.044,24576,64
2,30.038,24576,64
2,30.038,24576,64
2,30.038,24576,64
2,30.038,24576,64
2,30.029,24576,64
2,30.029,24576,64
2,30.025,24576,64
2,30.025,24576,64
2,30.016,24576,64
2,30.016,24576,64
2,30.031,24576,64
2,30.031,24576,64
2,30.049,24576,64
2,30.049,24576,64
2,30.044,24576,64
2,30.037,24576,64
2,30.037,24576,64
2,30.028,24576,64
2,30.03,24576,64
2,30.03,24576,64
2,30.028,24576,64
2,30.028,24576,64
2,30.021,24576,64
2,30.021,24576,64
2,30.048,24576,64
2,30.048,24576,64
2,30.031,24576,64
2,30.031,24576,64
2,30.065,24576,64
2,30.065,24576,64
2,30.042,24576,64
2,30.042,24576,64
2,30.023,24576,64
2,30.023,24576,64
2,30.036,24576,64
2,30.02,24576,64
2,30.049,24576,64
2,30.049,24576,64
2,30.037,24576,64
2,30.037,24576,64
2,30.023,24576,64
2,30.023,24576,64
2,30.03,24576,64
2,30.03,24576,64
2,30.034,24576,64
2,30.034,24576,64
2,30.035,24576,64
2,30.035,24576,64
2,30.091,24576,64
2,30.039,24576,64
2,30.039,24576,64
2,30.059,24576,64
2,30.025,24576,64
2,30.025,24576,64
2,30.027,24576,64
2,30.011,24576,64
2,30.041,24576,64
2,30.041,24576,64
3,8.796,4096,4096
2,30.053,24576,64
2,30.053,24576,64
2,30.049,24576,64
2,30.049,24576,64
2,30.027,24576,64
2,30.027,24576,64
2,30.039,24576,64
2,30.039,24576,64
2,30.042,24576,64
2,30.042,24576,64
2,30.021,24576,64
2,30.021,24576,64
2,30.022,24576,64
2,30.022,24576,64
2,30.03,24576,64
2,30.03,24576,64
2,30.041,24576,64
2,30.041,24576,64
2,30.032,24576,64
2,30.032,24576,64
2,30.037,24576,64
2,30.037,24576,64
2,30.032,24576,64
2,30.032,24576,64
2,30.037,24576,64
2,30.037,24576,64
2,30.021,24576,64
2,30.021,24576,64
2,30.029,24576,64
2,30.029,24576,64
2,30.022,24576,64
2,30.022,24576,64
2,30.026,24576,64
2,30.026,24576,64
2,30.027,24576,64
2,30.027,24576,64
2,30.053,24576,64
2,30.053,24576,64
2,30.041,24576,64
2,30.041,24576,64
2,30.066,24576,64
2,30.066,24576,64
2,30.039,24576,64
2,30.033,24576,64
2,30.033,24576,64
2,30.023,24576,64
2,30.027,24576,64
2,30.027,24576,64
2,30.051,24576,64
2,30.051,24576,64
2,30.033,24576,64
2,30.033,24576,64
2,30.029,24576,64
2,30.029,24576,64
2,30.021,24576,64
2,30.021,24576,64
2,30.033,24576,64
2,30.048,24576,64
2,30.044,24576,64
2,30.044,24576,64
2,30.033,24576,64
2,30.033,24576,64
2,30.037,24576,64
2,30.037,24576,64
2,30.022,24576,64
2,30.022,24576,64
2,30.039,24576,64
2,30.039,24576,64
2,30.031,24576,64
2,30.031,24576,64
2,30.074,24576,64
2,30.022,24576,64
2,30.022,24576,64
2,30.042,24576,64
2,30.029,24576,64
2,30.029,24576,64
2,30.024,24576,64
2,30.024,24576,64
2,30.028,24576,64
2,30.028,24576,64
2,30.037,24576,64
2,30.037,24576,64
2,30.056,24576,64
2,30.056,24576,64
2,30.029,24576,64
2,30.029,24576,64
2,30.03,24576,64
2,30.03,24576,64
2,30.029,24576,64
2,30.029,24576,64
2,30.025,24576,64
2,30.025,24576,64
2,30.026,24576,64
2,30.026,24576,64
2,30.037,24576,64
2,30.037,24576,64
2,30.054,24576,64
2,30.054,24576,64
2,30.042,24576,64
2,30.042,24576,64
2,30.044,24576,64
2,30.044,24576,64
2,30.055,24576,64
2,30.055,24576,64
2,30.054,24576,64
2,30.054,24576,64
2,30.03,24576,64
2,30.014,24576,64
2,30.04,24576,64
2,30.024,24576,64
2,30.053,24576,64
2,30.053,24576,64
2,30.037,24576,64
2,30.037,24576,64
2,30.042,24576,64
2,30.042,24576,64
2,30.033,24576,64
2,30.033,24576,64
2,30.033,24576,64
2,30.033,24576,64
2,30.039,24576,64
2,30.039,24576,64
2,30.027,24576,64
2,30.027,24576,64
2,30.022,24576,64
2,30.022,24576,64
2,30.026,24576,64
2,30.026,24576,64
2,30.022,24576,64
2,30.022,24576,64
2,30.037,24576,64
2,30.037,24576,64
2,30.065,24576,64
2,30.065,24576,64
2,30.028,24576,64
2,30.028,24576,64
2,30.034,24576,64
2,30.034,24576,64
2,30.028,24576,64
2,30.028,24576,64
2,30.037,24576,64
2,30.037,24576,64
2,30.028,24576,64
2,30.028,24576,64
2,30.106,24576,64
2,30.106,24576,64
2,30.027,24576,64
2,30.027,24576,64
2,30.029,24576,64
2,30.029,24576,64
2,30.026,24576,64
2,30.026,24576,64
2,30.126,24576,64
2,30.126,24576,64
2,30.037,24576,64
2,30.037,24576,64
2,30.037,24576,64
2,30.037,24576,64
2,30.075,24576,64
2,30.075,24576,64
2,30.03,24576,64
2,30.03,24576,64
2,30.037,24576,64
2,30.037,24576,64
2,30.027,24576,64
2,30.027,24576,64
2,30.038,24576,64
2,30.022,24576,64
2,30.028,24576,64
2,30.028,24576,64
2,30.046,24576,64
2,30.046,24576,64
2,30.045,24576,64
2,30.066,24576,64
2,30.066,24576,64
2,30.029,24576,64
2,30.096,24576,64
2,30.096,24576,64
2,30.041,24576,64
2,30.041,24576,64
2,30.048,24576,64
2,30.048,24576,64
2,30.034,24576,64
2,30.034,24576,64
2,30.029,24576,64
2,30.029,24576,64
2,30.056,24576,64
2,30.04,24576,64
2,30.063,24576,64
2,30.063,24576,64
2,30.031,24576,64
2,30.031,24576,64
2,30.052,24576,64
2,30.052,24576,64
2,30.033,24576,64
2,30.033,24576,64
2,30.032,24576,64
2,30.032,24576,64
2,30.033,24576,64
2,30.033,24576,64
2,30.037,24576,64
2,30.021,24576,64
2,30.029,24576,64
2,30.029,24576,64
2,30.037,24576,64
2,30.037,24576,64
2,30.035,24576,64
2,30.035,24576,64
2,30.057,24576,64
2,30.057,24576,64
2,30.071,24576,64
2,30.071,24576,64
2,30.037,24576,64
2,30.068,24576,64
2,30.027,24576,64
2,30.027,24576,64
2,30.04,24576,64
2,30.04,24576,64
2,30.043,24576,64
2,30.043,24576,64
2,30.036,24576,64
2,30.02,24576,64
2,30.033,24576,64
2,30.033,24576,64
2,30.015,24576,64
2,30.015,24576,64
2,30.091,24576,64
2,30.062,24576,64
2,30.021,24576,64
2,30.021,24576,64
2,30.032,24576,64
2,30.016,24576,64
2,30.169,24576,64
2,30.169,24576,64
2,30.035,24576,64
2,30.035,24576,64
2,30.034,24576,64
2,30.034,24576,64
2,30.028,24576,64
2,30.028,24576,64
2,30.028,24576,64
2,30.028,24576,64
2,30.047,24576,64
2,30.047,24576,64
2,30.051,24576,64
2,30.035,24576,64
2,30.048,24576,64
2,30.048,24576,64
2,30.037,24576,64
2,30.037,24576,64
2,30.046,24576,64
2,30.03,24576,64
2,30.036,24576,64
2,30.036,24576,64
2,30.051,24576,64
2,30.035,24576,64
2,30.063,24576,64
2,30.047,24576,64
2,30.051,24576,64
2,30.051,24576,64
2,30.034,24576,64
2,30.034,24576,64
2,30.036,24576,64
2,30.036,24576,64
2,30.03,24576,64
2,30.03,24576,64
2,30.02,24576,64
2,30.035,24576,64
2,30.024,24576,64
2,30.024,24576,64
2,30.055,24576,64
2,30.055,24576,64
2,30.112,24576,64
2,30.112,24576,64
2,30.019,24576,64
2,30.019,24576,64
2,30.164,24576,64
2,30.038,24576,64
2,30.038,24576,64
2,30.091,24576,64
2,30.091,24576,64
2,30.149,24576,64
2,30.037,24576,64
2,30.022,24576,64
2,30.077,24576,64
2,30.077,24576,64
2,30.016,24576,64
2,30.016,24576,64
2,30.075,24576,64
2,30.075,24576,64
2,30.025,24576,64
2,30.056,24576,64
2,30.041,24576,64
2,30.041,24576,64
2,30.047,24576,64
2,30.047,24576,64
2,30.448,24576,64
2,30.432,24576,64
2,30.033,24576,64
2,30.033,24576,64
2,30.028,24576,64
2,30.028,24576,64
2,30.039,24576,64
2,30.039,24576,64
2,30.035,24576,64
2,30.035,24576,64
2,30.026,24576,64
2,30.026,24576,64
2,30.034,24576,64
2,30.034,24576,64
2,30.036,24576,64
2,30.036,24576,64
2,30.032,24576,64
2,30.015,24576,64
2,30.038,24576,64
2,30.038,24576,64
2,30.025,24576,64
2,30.025,24576,64
2,30.036,24576,64
2,30.036,24576,64
2,30.034,24576,64
2,30.034,24576,64
2,30.023,24576,64
2,30.023,24576,64
2,30.028,24576,64
2,30.028,24576,64
2,30.038,24576,64
2,30.038,24576,64
2,30.031,24576,64
2,30.031,24576,64
2,30.035,24576,64
2,30.035,24576,64
2,30.028,24576,64
2,30.028,24576,64
2,30.047,24576,64
2,30.047,24576,64
2,30.109,24576,64
2,30.109,24576,64
2,30.037,24576,64
2,30.037,24576,64
2,30.038,24576,64
2,30.038,24576,64
2,30.025,24576,64
2,30.025,24576,64
2,30.038,24576,64
2,30.038,24576,64
2,30.035,24576,64
2,30.02,24576,64
2,30.047,24576,64
2,30.032,24576,64
2,30.037,24576,64
2,30.037,24576,64
2,30.021,24576,64
2,30.021,24576,64
2,30.019,24576,64
2,30.019,24576,64
2,30.035,24576,64
2,30.035,24576,64
2,30.037,24576,64
2,30.021,24576,64
2,30.048,24576,64
2,30.048,24576,64
2,30.036,24576,64
2,30.036,24576,64
2,30.035,24576,64
2,30.035,24576,64
2,30.037,24576,64
2,30.037,24576,64
2,30.037,24576,64
2,30.037,24576,64
2,30.037,24576,64
2,30.037,24576,64
2,30.025,24576,64
2,30.025,24576,64
2,30.041,24576,64
2,30.041,24576,64
2,30.028,24576,64
2,30.028,24576,64
2,30.032,24576,64
2,30.032,24576,64
2,30.037,24576,64
2,30.037,24576,64
2,30.053,24576,64
2,30.053,24576,64
2,30.004,24576,64
2,30.004,24576,64
2,30.028,24576,64
2,30.028,24576,64
2,30.033,24576,64
2,30.033,24576,64
2,30.032,24576,64
2,30.032,24576,64
2,30.047,24576,64
2,30.036,24576,64
2,30.036,24576,64
2,30.036,24576,64
2,30.05,24576,64
2,30.05,24576,64
2,30.027,24576,64
2,30.027,24576,64
2,30.033,24576,64
2,30.033,24576,64
2,30.026,24576,64
2,30.026,24576,64
2,30.031,24576,64
2,30.031,24576,64
2,30.078,24576,64
2,30.062,24576,64
2,30.038,24576,64
2,30.038,24576,64
2,30.12,24576,64
2,30.12,24576,64
2,30.017,24576,64
2,30.017,24576,64
2,30.036,24576,64
2,30.036,24576,64
2,30.02,24576,64
2,30.02,24576,64
2,30.032,24576,64
2,30.032,24576,64
2,30.036,24576,64
2,30.036,24576,64
2,30.055,24576,64
2,30.022,24576,64
2,30.025,24576,64
2,30.025,24576,64
2,30.052,24576,64
2,30.052,24576,64
2,30.227,24576,64
2,30.227,24576,64
2,30.046,24576,64
2,30.03,24576,64
2,30.026,24576,64
2,30.026,24576,64
2,30.032,24576,64
2,30.032,24576,64
2,30.028,24576,64
2,30.028,24576,64
2,30.022,24576,64
2,30.022,24576,64
2,30.04,24576,64
2,30.04,24576,64
2,30.034,24576,64
2,30.034,24576,64
2,30.017,24576,64
2,30.017,24576,64
2,30.179,24576,64
2,30.163,24576,64
2,30.039,24576,64
2,30.039,24576,64
2,30.031,24576,64
2,30.031,24576,64
2,30.036,24576,64
2,30.036,24576,64
2,30.058,24576,64
2,30.058,24576,64
2,30.03,24576,64
2,30.03,24576,64
2,30.034,24576,64
2,30.034,24576,64
2,30.017,24576,64
2,30.017,24576,64
2,30.028,24576,64
2,30.028,24576,64
2,30.03,24576,64
2,30.014,24576,64
2,30.027,24576,64
2,30.027,24576,64
2,30.018,24576,64
2,30.018,24576,64
2,30.028,24576,64
2,30.028,24576,64
2,30.033,24576,64
2,30.033,24576,64
2,30.028,24576,64
2,30.028,24576,64
2,30.034,24576,64
2,30.034,24576,64
2,30.032,24576,64
2,30.016,24576,64
2,30.042,24576,64
2,30.042,24576,64
2,30.061,24576,64
2,30.044,24576,64
2,30.03,24576,64
2,30.028,24576,64
2,30.025,24576,64
2,30.025,24576,64
2,30.032,24576,64
2,30.032,24576,64
2,30.024,24576,64
2,30.024,24576,64
2,30.024,24576,64
2,30.024,24576,64
2,30.022,24576,64
2,30.022,24576,64
2,37.564,24576,64
2,37.626,24576,64
2,37.545,24576,64
2,37.607,24576,64
2,37.528,24576,64
2,37.637,24576,64
2,37.58,24576,64
2,37.61,24576,64
2,37.502,24576,64
2,37.564,24576,64
2,37.407,24576,64
2,37.407,24576,64
2,30.047,24576,64
2,30.047,24576,64
2,30.035,24576,64
2,30.024,24576,64
2,30.024,24576,64
2,30.019,24576,64
2,30.047,24576,64
2,30.047,24576,64
2,30.032,24576,64
2,30.032,24576,64
2,30.05,24576,64
2,30.05,24576,64
2,30.059,24576,64
2,30.059,24576,64
2,30.031,24576,64
2,30.031,24576,64
1,0.018,1024,64
2,30.026,24576,64
2,30.026,24576,64
2,30.03,24576,64
2,30.03,24576,64
2,30.024,24576,64
2,30.024,24576,64
2,30.027,24576,64
2,30.027,24576,64
1,0.015,1024,64
2,30.035,24576,64
2,30.035,24576,64
2,30.056,24576,64
2,30.056,24576,64
2,30.027,24576,64
2,30.027,24576,64
2,30.029,24576,64
2,30.029,24576,64
2,30.043,24576,64
2,30.027,24576,64
2,30.031,24576,64
2,30.031,24576,64
2,30.034,24576,64
2,30.034,24576,64
2,30.029,24576,64
2,30.029,24576,64
2,30.043,24576,64
2,30.043,24576,64
2,30.029,24576,64
2,30.029,24576,64
2,30.041,24576,64
2,30.041,24576,64
2,30.016,24576,64
2,30.016,24576,64
2,30.041,24576,64
2,30.041,24576,64
2,30.048,24576,64
2,30.048,24576,64
2,30.024,24576,64
2,30.024,24576,64
2,30.054,24576,64
2,30.038,24576,64
2,30.037,24576,64
2,30.037,24576,64
2,30.026,24576,64
2,30.026,24576,64
2,30.022,24576,64
2,30.022,24576,64
2,30.026,24576,64
2,30.026,24576,64
2,30.01,24576,64
2,30.01,24576,64
2,30.033,24576,64
2,30.033,24576,64
2,30.103,24576,64
2,30.103,24576,64
2,30.04,24576,64
2,30.04,24576,64
2,30.045,24576,64
2,30.045,24576,64
2,30.018,24576,64
2,30.018,24576,64
2,30.033,24576,64
2,30.033,24576,64
2,30.047,24576,64
2,30.039,24576,64
2,30.031,24576,64
2,30.024,24576,64
2,30.048,24576,64
2,30.032,24576,64
2,30.032,24576,64
2,30.032,24576,64
2,30.022,24576,64
2,30.022,24576,64
2,30.033,24576,64
2,30.033,24576,64
2,30.026,24576,64
2,30.026,24576,64
2,30.051,24576,64
2,30.051,24576,64
2,30.041,24576,64
2,30.041,24576,64
2,30.05,24576,64
2,30.05,24576,64
2,30.039,24576,64
2,30.039,24576,64
2,30.024,24576,64
2,30.024,24576,64
2,30.035,24576,64
2,30.035,24576,64
2,30.041,24576,64
2,30.041,24576,64
2,30.026,24576,64
2,30.026,24576,64
2,30.034,24576,64
2,30.034,24576,64
2,30.028,24576,64
2,30.028,24576,64
2,30.031,24576,64
2,30.031,24576,64
2,30.031,24576,64
2,30.031,24576,64
1,0.015,1024,64
1,0.015,1024,64
2,30.027,24576,64
2,30.027,24576,64
2,30.039,24576,64
2,30.039,24576,64
2,30.021,24576,64
2,30.021,24576,64
2,30.034,24576,64
2,30.034,24576,64
2,30.031,24576,64
2,30.031,24576,64
2,30.079,24576,64
2,30.079,24576,64
2,30.079,24576,64
2,30.079,24576,64
2,30.018,24576,64
2,30.018,24576,64
2,30.033,24576,64
2,30.033,24576,64
2,30.043,24576,64
2,30.043,24576,64
2,30.02,24576,64
2,30.02,24576,64
2,30.025,24576,64
2,30.025,24576,64
2,30.032,24576,64
2,30.032,24576,64
2,30.032,24576,64
2,30.032,24576,64
2,30.039,24576,64
2,30.031,24576,64
2,30.031,24576,64
2,30.023,24576,64
2,30.023,24576,64
2,30.023,24576,64
2,30.058,24576,64
2,30.058,24576,64
2,30.023,24576,64
2,30.023,24576,64
2,30.029,24576,64
2,30.029,24576,64
2,30.028,24576,64
2,30.028,24576,64
2,30.025,24576,64
2,30.025,24576,64
2,30.044,24576,64
2,30.044,24576,64
2,30.032,24576,64
2,30.032,24576,64
2,30.058,24576,64
2,30.058,24576,64
2,30.028,24576,64
2,30.028,24576,64
2,30.207,24576,64
2,30.207,24576,64
2,30.037,24576,64
2,30.037,24576,64
2,30.031,24576,64
2,30.031,24576,64
2,30.02,24576,64
2,30.02,24576,64
2,30.044,24576,64
2,30.03,24576,64
2,30.039,24576,64
2,30.039,24576,64
2,30.048,24576,64
2,30.048,24576,64
2,30.102,24576,64
2,30.102,24576,64
2,30.032,24576,64
2,30.032,24576,64
2,30.032,24576,64
2,30.032,24576,64
2,30.035,24576,64
2,30.035,24576,64
2,30.063,24576,64
2,30.047,24576,64
2,30.024,24576,64
2,30.024,24576,64
2,30.032,24576,64
2,30.032,24576,64
2,30.023,24576,64
2,30.023,24576,64
2,30.028,24576,64
2,30.028,24576,64
2,30.037,24576,64
2,30.037,24576,64
2,30.028,24576,64
2,30.028,24576,64
2,30.053,24576,64
2,30.053,24576,64
2,30.039,24576,64
2,30.039,24576,64
2,30.042,24576,64
2,30.042,24576,64
2,30.036,24576,64
2,30.036,24576,64
2,30.04,24576,64
2,30.04,24576,64
2,30.04,24576,64
2,30.024,24576,64
2,30.039,24576,64
2,30.039,24576,64
2,30.037,24576,64
2,30.037,24576,64
2,30.04,24576,64
2,30.04,24576,64
2,30.057,24576,64
2,30.057,24576,64
2,30.04,24576,64
2,30.04,24576,64
2,30.022,24576,64
2,30.022,24576,64
2,30.058,24576,64
2,30.042,24576,64
2,30.021,24576,64
2,30.021,24576,64
2,30.046,24576,64
2,30.029,24576,64
2,30.022,24576,64
2,30.022,24576,64
2,30.038,24576,64
2,30.038,24576,64
2,30.055,24576,64
2,30.055,24576,64
2,30.017,24576,64
2,30.017,24576,64
2,30.04,24576,64
2,30.024,24576,64
2,30.12,24576,64
2,30.12,24576,64
2,30.034,24576,64
2,30.034,24576,64
2,30.037,24576,64
2,30.037,24576,64
2,30.033,24576,64
2,30.033,24576,64
2,30.026,24576,64
2,30.026,24576,64
2,30.034,24576,64
2,30.034,24576,64
2,30.008,24576,64
2,30.023,24576,64
2,30.026,24576,64
2,30.042,24576,64
2,30.037,24576,64
2,30.037,24576,64
2,30.032,24576,64
2,30.032,24576,64
2,30.012,24576,64
2,30.012,24576,64
2,30.027,24576,64
2,30.027,24576,64
2,30.022,24576,64
2,30.022,24576,64
2,30.04,24576,64
2,30.04,24576,64
2,30.065,24576,64
2,30.065,24576,64
2,30.039,24576,64
2,30.039,24576,64
2,30.025,24576,64
2,30.025,24576,64
2,30.042,24576,64
2,30.027,24576,64
2,30.041,24576,64
2,30.041,24576,64
2,30.028,24576,64
2,30.013,24576,64
2,30.039,24576,64
2,30.039,24576,64
2,30.026,24576,64
2,30.026,24576,64
2,30.024,24576,64
2,30.024,24576,64
2,30.037,24576,64
2,30.037,24576,64
2,30.021,24576,64
2,30.021,24576,64
2,30.034,24576,64
2,30.034,24576,64
2,30.034,24576,64
2,30.034,24576,64
2,30.039,24576,64
2,30.039,24576,64
2,30.023,24576,64
2,30.023,24576,64
2,30.024,24576,64
2,30.024,24576,64
2,30.039,24576,64
2,30.039,24576,64
2,30.032,24576,64
2,30.016,24576,64
2,30.027,24576,64
2,30.027,24576,64
2,30.037,24576,64
2,30.021,24576,64
2,30.044,24576,64
2,30.044,24576,64
2,30.058,24576,64
2,30.042,24576,64
2,30.071,24576,64
2,30.039,24576,64
2,30.024,24576,64
2,30.024,24576,64
2,30.042,24576,64
2,30.042,24576,64
2,30.041,24576,64
2,30.041,24576,64
2,30.043,24576,64
2,30.043,24576,64
2,30.029,24576,64
2,30.029,24576,64
2,30.032,24576,64
2,30.032,24576,64
2,30.035,24576,64
2,30.035,24576,64
2,30.043,24576,64
2,30.043,24576,64
2,30.038,24576,64
2,30.038,24576,64
2,30.04,24576,64
2,30.022,24576,64
2,30.022,24576,64
2,30.022,24576,64
2,30.022,24576,64
2,30.025,24576,64
2,30.041,24576,64
2,30.041,24576,64
2,30.041,24576,64
2,30.041,24576,64
2,30.032,24576,64
2,30.032,24576,64
2,30.029,24576,64
2,30.029,24576,64
2,30.026,24576,64
2,30.026,24576,64
2,30.034,24576,64
2,30.034,24576,64
2,30.029,24576,64
2,30.029,24576,64
2,30.015,24576,64
2,30.015,24576,64
2,30.038,24576,64
2,30.038,24576,64
2,30.032,24576,64
2,30.032,24576,64
2,30.021,24576,64
2,30.021,24576,64
2,30.037,24576,64
2,30.037,24576,64
2,30.031,24576,64
2,30.031,24576,64
2,30.032,24576,64
2,30.036,24576,64
2,30.036,24576,64
2,30.017,24576,64
2,30.084,24576,64
2,30.084,24576,64
2,30.041,24576,64
2,30.041,24576,64
2,30.039,24576,64
2,30.023,24576,64
2,30.052,24576,64
2,30.052,24576,64
2,30.032,24576,64
2,30.032,24576,64
2,30.047,24576,64
2,30.047,24576,64
2,30.028,24576,64
2,30.028,24576,64
2,30.043,24576,64
2,30.043,24576,64
2,30.03,24576,64
2,30.03,24576,64
2,30.034,24576,64
2,30.034,24576,64
2,30.015,24576,64
2,30.015,24576,64
2,30.041,24576,64
2,30.041,24576,64
2,30.037,24576,64
2,30.037,24576,64
2,30.028,24576,64
2,30.028,24576,64
2,30.01,24576,64
2,30.01,24576,64
2,30.048,24576,64
2,30.048,24576,64
2,30.041,24576,64
2,30.041,24576,64
2,30.019,24576,64
2,30.019,24576,64
2,30.041,24576,64
2,30.026,24576,64
2,30.038,24576,64
2,30.023,24576,64
2,30.047,24576,64
2,30.047,24576,64
2,30.015,24576,64
2,30.015,24576,64
2,30.033,24576,64
2,30.033,24576,64
2,30.037,24576,64
2,30.037,24576,64
2,30.041,24576,64
2,30.026,24576,64
2,30.02,24576,64
2,30.02,24576,64
2,30.041,24576,64
2,30.041,24576,64
2,30.029,24576,64
2,30.029,24576,64
2,30.031,24576,64
2,30.031,24576,64
2,30.019,24576,64
2,30.019,24576,64
2,30.037,24576,64
2,30.037,24576,64
2,30.013,24576,64
2,30.013,24576,64
2,30.03,24576,64
2,30.03,24576,64
2,30.042,24576,64
2,30.042,24576,64
2,30.035,24576,64
2,30.035,24576,64
2,30.027,24576,64
2,30.027,24576,64
2,30.042,24576,64
2,30.042,24576,64
1,0.015,1024,64
2,30.042,24576,64
2,30.026,24576,64
2,30.034,24576,64
2,30.034,24576,64
2,30.034,24576,64
2,30.018,24576,64
2,30.038,24576,64
2,30.022,24576,64
2,30.034,24576,64
2,30.034,24576,64
2,30.031,24576,64
2,30.031,24576,64
2,30.036,24576,64
2,30.036,24576,64
2,30.076,24576,64
2,30.062,24576,64
2,30.035,24576,64
2,30.035,24576,64
2,30.035,24576,64
2,30.019,24576,64
2,30.03,24576,64
2,30.03,24576,64
2,30.04,24576,64
2,30.04,24576,64
2,30.032,24576,64
2,30.032,24576,64
2,30.036,24576,64
2,30.036,24576,64
2,30.032,24576,64
2,30.032,24576,64
2,30.026,24576,64
2,30.026,24576,64
2,30.033,24576,64
2,30.033,24576,64
2,30.037,24576,64
2,30.037,24576,64
2,30.058,24576,64
2,30.058,24576,64
2,30.04,24576,64
2,30.04,24576,64
2,30.024,24576,64
2,30.024,24576,64
2,30.026,24576,64
2,30.026,24576,64
2,30.061,24576,64
2,30.061,24576,64
2,30.026,24576,64
2,30.026,24576,64
2,30.042,24576,64
2,30.042,24576,64
1,0.015,1024,64
1,0.015,1024,64
2,30.029,24576,64
2,30.029,24576,64
2,30.025,24576,64
2,30.025,24576,64
2,30.025,24576,64
2,30.025,24576,64
2,30.03,24576,64
2,30.03,24576,64
1,0.375,1024,64
2,30.071,24576,64
2,30.071,24576,64
2,30.075,24576,64
2,30.059,24576,64
2,30.029,24576,64
2,30.044,24576,64
2,30.05,24576,64
2,30.05,24576,64
2,30.043,24576,64
2,30.043,24576,64
2,30.043,24576,64
2,30.043,24576,64
2,30.032,24576,64
2,30.032,24576,64
2,30.038,24576,64
2,30.038,24576,64
2,30.038,24576,64
2,30.038,24576,64
2,30.029,24576,64
2,30.029,24576,64
2,30.028,24576,64
2,30.028,24576,64
2,30.022,24576,64
2,30.022,24576,64
2,30.042,24576,64
2,30.027,24576,64
2,30.021,24576,64
2,30.021,24576,64
2,30.037,24576,64
2,30.037,24576,64
2,30.095,24576,64
2,30.08,24576,64
2,30.027,24576,64
2,30.027,24576,64
2,30.041,24576,64
2,30.041,24576,64
2,30.035,24576,64
2,30.035,24576,64
2,30.029,24576,64
2,30.029,24576,64
2,30.03,24576,64
2,30.03,24576,64
2,30.03,24576,64
2,30.03,24576,64
2,30.031,24576,64
2,30.031,24576,64
2,30.038,24576,64
2,30.038,24576,64
2,30.037,24576,64
2,30.037,24576,64
2,30.025,24576,64
2,30.025,24576,64
2,30.029,24576,64
2,30.029,24576,64
2,30.033,24576,64
2,30.033,24576,64
2,30.034,24576,64
2,30.034,24576,64
2,30.059,24576,64
2,30.043,24576,64
2,30.053,24576,64
2,30.037,24576,64
2,30.031,24576,64
2,30.031,24576,64
2,30.027,24576,64
2,30.027,24576,64
2,30.039,24576,64
2,30.039,24576,64
2,30.037,24576,64
2,30.037,24576,64
2,30.026,24576,64
2,30.026,24576,64
2,30.037,24576,64
2,30.037,24576,64
2,30.053,24576,64
2,30.053,24576,64
2,30.04,24576,64
2,30.04,24576,64
2,30.041,24576,64
2,30.041,24576,64
2,30.043,24576,64
2,30.027,24576,64
2,30.032,24576,64
2,30.016,24576,64
2,30.042,24576,64
2,30.042,24576,64
2,30.042,24576,64
2,30.026,24576,64
2,30.033,24576,64
2,30.033,24576,64
2,30.026,24576,64
2,30.026,24576,64
2,30.036,24576,64
2,30.036,24576,64
2,30.022,24576,64
2,30.022,24576,64
2,30.028,24576,64
2,30.028,24576,64
2,30.04,24576,64
2,30.04,24576,64
2,30.034,24576,64
2,30.031,24576,64
2,30.04,24576,64
2,30.04,24576,64
2,30.034,24576,64
2,30.034,24576,64
2,30.047,24576,64
2,30.047,24576,64
2,30.031,24576,64
2,30.031,24576,64
2,30.022,24576,64
2,30.007,24576,64
2,30.032,24576,64
2,30.032,24576,64
2,30.022,24576,64
2,30.022,24576,64
2,30.029,24576,64
2,30.029,24576,64
2,30.051,24576,64
2,30.051,24576,64
2,30.061,24576,64
2,30.045,24576,64
2,30.118,24576,64
2,30.118,24576,64
2,30.023,24576,64
2,30.023,24576,64
2,30.039,24576,64
2,30.039,24576,64
2,30.022,24576,64
2,30.022,24576,64
2,30.043,24576,64
2,30.043,24576,64
2,30.036,24576,64
2,30.036,24576,64
2,30.032,24576,64
2,30.032,24576,64
2,30.031,24576,64
2,30.031,24576,64
2,30.024,24576,64
2,30.024,24576,64
2,30.04,24576,64
2,30.04,24576,64
2,30.03,24576,64
2,30.03,24576,64
2,30.024,24576,64
2,30.024,24576,64
2,30.04,24576,64
2,30.04,24576,64
2,30.042,24576,64
2,30.021,24576,64
2,30.021,24576,64
2,30.026,24576,64
2,30.037,24576,64
2,30.037,24576,64
2,30.007,24576,64
2,30.007,24576,64
2,30.054,24576,64
2,30.054,24576,64
2,30.032,24576,64
2,30.032,24576,64
2,30.024,24576,64
2,30.024,24576,64
2,30.157,24576,64
2,30.157,24576,64
2,30.094,24576,64
2,30.079,24576,64
2,30.035,24576,64
2,30.035,24576,64
2,30.044,24576,64
2,30.044,24576,64
2,30.085,24576,64
2,30.085,24576,64
2,30.025,24576,64
2,30.025,24576,64
2,30.026,24576,64
2,30.026,24576,64
2,30.042,24576,64
2,30.042,24576,64
2,30.038,24576,64
2,30.038,24576,64
2,30.023,24576,64
2,30.023,24576,64
2,30.032,24576,64
2,30.032,24576,64
2,30.031,24576,64
2,30.031,24576,64
2,30.038,24576,64
2,30.038,24576,64
2,30.04,24576,64
2,30.04,24576,64
2,30.022,24576,64
2,30.022,24576,64
2,30.041,24576,64
2,30.041,24576,64
2,30.024,24576,64
2,30.024,24576,64
2,30.025,24576,64
2,30.04,24576,64
2,30.002,24576,64
2,30.04,24576,64
2,30.04,24576,64
5,29.97,8192,8192
2,30.046,24576,64
2,30.03,24576,64
2,30.035,24576,64
2,30.035,24576,64
5,29.936,8192,8192
5,29.936,8192,8192
5,29.938,8192,8192
5,29.938,8192,8192
2,30.02,24576,64
2,30.02,24576,64
5,29.939,8192,8192
5,29.939,8192,8192
5,29.924,8192,8192
5,29.924,8192,8192
2,30.021,24576,64
2,30.021,24576,64
2,30.02,24576,64
2,30.02,24576,64
2,30.027,24576,64
2,30.027,24576,64
2,30.036,24576,64
2,30.036,24576,64
5,29.956,8192,8192
5,29.956,8192,8192
2,30.03,24576,64
2,30.03,24576,64
2,30.028,24576,64
2,30.028,24576,64
2,30.041,24576,64
2,30.025,24576,64
2,30.029,24576,64
2,30.029,24576,64
3,6.314,2048,2048
2,30.037,24576,64
2,30.037,24576,64
2,30.036,24576,64
2,30.036,24576,64
2,30.027,24576,64
2,30.027,24576,64
2,30.037,24576,64
2,30.022,24576,64
2,30.027,24576,64
2,30.027,24576,64
2,30.096,24576,64
2,30.096,24576,64
2,30.037,24576,64
2,30.021,24576,64
2,30.058,24576,64
2,30.058,24576,64
2,30.026,24576,64
2,30.026,24576,64
2,30.016,24576,64
2,30.016,24576,64
2,30.024,24576,64
2,30.024,24576,64
2,30.05,24576,64
2,30.05,24576,64
2,30.036,24576,64
2,30.036,24576,64
2,30.058,24576,64
2,30.042,24576,64
2,30.072,24576,64
2,30.057,24576,64
2,30.034,24576,64
2,30.034,24576,64
2,30.035,24576,64
2,30.035,24576,64
2,30.042,24576,64
2,30.042,24576,64
2,30.032,24576,64
2,30.047,24576,64
2,30.047,24576,64
2,30.015,24576,64
2,30.012,24576,64
2,30.012,24576,64
2,30.042,24576,64
2,30.042,24576,64
2,30.027,24576,64
2,30.027,24576,64
2,30.044,24576,64
2,30.027,24576,64
2,30.025,24576,64
2,30.025,24576,64
2,30.04,24576,64
2,30.04,24576,64
2,30.022,24576,64
2,30.038,24576,64
2,30.044,24576,64
2,30.044,24576,64
2,30.037,24576,64
2,30.037,24576,64
2,30.021,24576,64
2,30.021,24576,64
2,30.034,24576,64
2,30.034,24576,64
2,30.041,24576,64
2,30.041,24576,64
2,30.016,24576,64
2,30.016,24576,64
2,30.033,24576,64
2,30.033,24576,64
2,30.044,24576,64
2,30.044,24576,64
2,30.031,24576,64
2,30.031,24576,64
2,30.029,24576,64
2,30.029,24576,64
2,30.032,24576,64
2,30.032,24576,64
2,30.024,24576,64
2,30.024,24576,64
2,30.027,24576,64
2,30.027,24576,64
2,30.037,24576,64
2,30.037,24576,64
2,30.032,24576,64
2,30.032,24576,64
2,30.024,24576,64
2,30.024,24576,64
2,30.044,24576,64
2,30.044,24576,64
2,30.023,24576,64
2,30.023,24576,64
2,30.029,24576,64
2,30.029,24576,64
2,30.026,24576,64
2,30.026,24576,64
2,30.033,24576,64
2,30.033,24576,64
2,30.03,24576,64
2,30.03,24576,64
2,30.014,24576,64
2,30.014,24576,64
2,30.032,24576,64
2,30.016,24576,64
2,30.037,24576,64
2,30.022,24576,64
2,30.03,24576,64
2,30.03,24576,64
2,30.038,24576,64
2,30.038,24576,64
2,30.041,24576,64
2,30.041,24576,64
2,30.032,24576,64
2,30.032,24576,64
2,30.026,24576,64
2,30.026,24576,64
2,30.037,24576,64
2,30.037,24576,64
2,30.02,24576,64
2,30.02,24576,64
2,30.027,24576,64
2,30.027,24576,64
2,30.032,24576,64
2,30.016,24576,64
2,30.023,24576,64
2,30.023,24576,64
2,30.036,24576,64
2,30.036,24576,64
2,30.028,24576,64
2,30.028,24576,64
2,30.051,24576,64
2,30.051,24576,64
2,30.027,24576,64
2,30.027,24576,64
2,30.042,24576,64
2,30.042,24576,64
2,30.031,24576,64
2,30.016,24576,64
2,30.045,24576,64
2,30.03,24576,64
2,30.025,24576,64
2,30.025,24576,64
2,30.021,24576,64
2,30.021,24576,64
2,30.021,24576,64
2,30.021,24576,64
2,30.025,24576,64
2,30.025,24576,64
2,30.024,24576,64
2,30.024,24576,64
2,30.032,24576,64
2,30.032,24576,64
2,30.02,24576,64
2,30.02,24576,64
2,30.026,24576,64
2,30.026,24576,64
2,30.04,24576,64
2,30.025,24576,64
2,30.028,24576,64
2,30.043,24576,64
2,30.032,24576,64
2,30.032,24576,64
2,30.053,24576,64
2,30.053,24576,64
2,30.037,24576,64
2,30.037,24576,64
2,30.036,24576,64
2,30.036,24576,64
2,30.028,24576,64
2,30.028,24576,64
2,30.015,24576,64
2,30.015,24576,64
2,30.052,24576,64
2,30.052,24576,64
2,30.026,24576,64
2,30.026,24576,64
2,30.047,24576,64
2,30.047,24576,64
2,30.11,24576,64
2,30.11,24576,64
2,30.032,24576,64
2,30.032,24576,64
2,30.019,24576,64
2,30.019,24576,64
2,30.026,24576,64
2,30.026,24576,64
2,30.031,24576,64
2,30.031,24576,64
2,30.035,24576,64
2,30.035,24576,64
2,30.038,24576,64
2,30.038,24576,64
1,0.015,1024,64
2,30.021,24576,64
2,30.021,24576,64
2,30.032,24576,64
2,30.045,24576,64
2,30.022,24576,64
2,30.022,24576,64
2,30.035,24576,64
2,30.035,24576,64
2,30.013,24576,64
2,30.013,24576,64
1,0.015,1024,64
2,30.027,24576,64
2,30.027,24576,64
2,30.038,24576,64
2,30.038,24576,64
2,30.098,24576,64
2,30.083,24576,64
2,30.052,24576,64
2,30.052,24576,64
2,30.026,24576,64
2,30.026,24576,64
2,30.028,24576,64
2,30.028,24576,64
2,30.032,24576,64
2,30.032,24576,64
2,30.03,24576,64
2,30.03,24576,64
2,30.059,24576,64
2,30.059,24576,64
5,29.937,8192,8192
5,29.937,8192,8192
2,30.036,24576,64
2,30.051,24576,64
5,29.953,8192,8192
5,29.937,8192,8192
2,30.011,24576,64
2,30.011,24576,64
2,30.039,24576,64
2,30.039,24576,64
2,30.109,24576,64
2,30.047,24576,64
2,30.078,24576,64
2,30.031,24576,64
2,30.027,24576,64
2,30.027,24576,64
5,29.944,8192,8192
5,29.944,8192,8192
2,30.048,24576,64
2,30.032,24576,64
2,30.015,24576,64
2,30.015,24576,64
1,0.015,1024,64
1,0.015,1024,64
2,30.041,24576,64
2,30.041,24576,64
2,30.039,24576,64
2,30.023,24576,64
2,30.013,24576,64
2,30.013,24576,64
2,30.025,24576,64
2,30.025,24576,64
5,29.958,8192,8192
5,29.958,8192,8192
2,30.049,24576,64
2,30.049,24576,64
2,30.034,24576,64
2,30.034,24576,64
2,30.037,24576,64
2,30.022,24576,64
2,30.102,24576,64
2,30.102,24576,64
2,30.023,24576,64
2,30.023,24576,64
2,30.033,24576,64
2,30.033,24576,64
2,30.026,24576,64
2,30.026,24576,64
2,30.079,24576,64
2,30.079,24576,64
2,30.102,24576,64
2,30.102,24576,64
2,30.038,24576,64
2,30.038,24576,64
2,30.032,24576,64
2,30.032,24576,64
2,30.029,24576,64
2,30.029,24576,64
2,30.055,24576,64
2,30.055,24576,64
2,30.03,24576,64
2,30.03,24576,64
2,30.04,24576,64
2,30.04,24576,64
2,30.032,24576,64
2,30.032,24576,64
2,30.012,24576,64
2,30.012,24576,64
2,30.037,24576,64
2,30.037,24576,64
2,30.024,24576,64
2,30.024,24576,64
2,30.025,24576,64
2,30.025,24576,64
2,30.055,24576,64
2,30.039,24576,64
2,30.019,24576,64
2,30.019,24576,64
2,30.043,24576,64
2,30.043,24576,64
2,30.032,24576,64
2,30.032,24576,64
2,30.035,24576,64
2,30.035,24576,64
2,30.034,24576,64
2,30.034,24576,64
2,30.038,24576,64
2,30.038,24576,64
2,30.035,24576,64
2,30.035,24576,64
2,30.029,24576,64
2,30.029,24576,64
2,30.038,24576,64
2,30.038,24576,64
2,30.041,24576,64
2,30.041,24576,64
2,30.031,24576,64
2,30.031,24576,64
2,30.018,24576,64
2,30.018,24576,64
2,30.027,24576,64
2,30.027,24576,64
2,30.027,24576,64
2,30.027,24576,64
2,30.037,24576,64
2,30.021,24576,64
2,30.032,24576,64
2,30.032,24576,64
2,30.035,24576,64
2,30.035,24576,64
1,0.018,1024,64
2,30.017,24576,64
2,30.017,24576,64
2,30.033,24576,64
2,30.033,24576,64
1,0.014,1024,64
2,30.031,24576,64
2,30.031,24576,64
1,0.015,1024,64
2,30.038,24576,64
2,30.038,24576,64
1,0.012,1024,64
2,30.035,24576,64
2,30.035,24576,64
2,30.036,24576,64
2,30.036,24576,64
1,0.012,1024,64
1,0.012,1024,64
1,0.012,1024,64
1,0.034,1024,64
2,30.033,24576,64
2,30.033,24576,64
2,30.033,24576,64
2,30.017,24576,64
1,0.013,1024,64
2,30.038,24576,64
2,30.038,24576,64
2,30.02,24576,64
2,30.035,24576,64
1,0.027,1024,64
1,0.013,1024,64
1,0.011,1024,64
2,30.025,24576,64
2,30.025,24576,64
1,0.013,1024,64
2,30.075,24576,64
2,30.04,24576,64
1,0.012,1024,64
2,30.037,24576,64
2,30.022,24576,64
2,30.019,24576,64
2,30.019,24576,64
1,0.014,1024,64
2,30.017,24576,64
2,30.017,24576,64
2,30.033,24576,64
2,30.033,24576,64
2,30.039,24576,64
2,30.039,24576,64
2,30.043,24576,64
2,30.043,24576,64
2,30.034,24576,64
2,30.018,24576,64
2,30.022,24576,64
2,30.022,24576,64
2,30.025,24576,64
2,30.025,24576,64
2,30.039,24576,64
2,30.039,24576,64
2,30.026,24576,64
2,30.026,24576,64
2,30.032,24576,64
2,30.032,24576,64
2,30.037,24576,64
2,30.037,24576,64
2,30.03,24576,64
2,30.014,24576,64
2,30.033,24576,64
2,30.033,24576,64
2,30.03,24576,64
2,30.03,24576,64
2,30.022,24576,64
2,30.022,24576,64
2,30.048,24576,64
2,30.048,24576,64
2,30.032,24576,64
2,30.032,24576,64
3,8.573,4096,4096
2,30.048,24576,64
2,30.048,24576,64
2,30.032,24576,64
2,30.032,24576,64
2,30.021,24576,64
2,30.021,24576,64
5,29.965,8192,8192
5,29.965,8192,8192
2,30.033,24576,64
2,30.017,24576,64
5,29.929,8192,8192
5,29.929,8192,8192
2,30.026,24576,64
2,30.026,24576,64
2,30.033,24576,64
2,30.033,24576,64
2,30.034,24576,64
2,30.034,24576,64
2,30.258,24576,64
2,30.258,24576,64
2,30.032,24576,64
2,30.032,24576,64
2,30.037,24576,64
2,30.037,24576,64
2,30.031,24576,64
2,30.031,24576,64
2,30.061,24576,64
2,30.036,24576,64
2,30.036,24576,64
2,30.045,24576,64
2,30.043,24576,64
2,30.043,24576,64
2,30.027,24576,64
2,30.027,24576,64
2,30.033,24576,64
2,30.033,24576,64
2,30.037,24576,64
2,30.037,24576,64
2,30.032,24576,64
2,30.032,24576,64
2,30.032,24576,64
2,30.032,24576,64
2,30.052,24576,64
2,30.052,24576,64
2,30.039,24576,64
2,30.039,24576,64
5,29.952,8192,8192
5,29.952,8192,8192
2,30.033,24576,64
2,30.033,24576,64
2,30.016,24576,64
2,30.016,24576,64
2,30.049,24576,64
2,30.049,24576,64
2,30.048,24576,64
2,30.048,24576,64
2,30.036,24576,64
2,30.036,24576,64
2,30.027,24576,64
2,30.027,24576,64
2,30.014,24576,64
2,30.014,24576,64
2,30.035,24576,64
2,30.035,24576,64
2,30.026,24576,64
2,30.026,24576,64
2,30.033,24576,64
2,30.033,24576,64
2,30.044,24576,64
2,30.044,24576,64
2,30.047,24576,64
2,30.047,24576,64
5,29.935,8192,8192
5,29.935,8192,8192
2,30.038,24576,64
2,30.038,24576,64
2,30.037,24576,64
2,30.037,24576,64
2,30.037,24576,64
2,30.037,24576,64
2,30.053,24576,64
2,30.053,24576,64
2,30.052,24576,64
2,30.036,24576,64
2,30.056,24576,64
2,30.04,24576,64
2,30.045,24576,64
2,30.045,24576,64
2,30.027,24576,64
2,30.027,24576,64
2,30.053,24576,64
2,30.053,24576,64
2,30.036,24576,64
2,30.02,24576,64
2,30.042,24576,64
2,30.042,24576,64
2,30.016,24576,64
2,30.016,24576,64
2,30.042,24576,64
2,30.042,24576,64
2,30.021,24576,64
2,30.021,24576,64
2,30.04,24576,64
2,30.04,24576,64
2,30.043,24576,64
2,30.028,24576,64
2,30.022,24576,64
2,30.022,24576,64
2,30.059,24576,64
2,30.059,24576,64
2,30.031,24576,64
2,30.031,24576,64
2,30.02,24576,64
2,30.02,24576,64
2,30.038,24576,64
2,30.038,24576,64
2,30.027,24576,64
2,30.027,24576,64
2,30.037,24576,64
2,30.037,24576,64
2,30.06,24576,64
2,30.044,24576,64
2,30.047,24576,64
2,30.047,24576,64
2,30.053,24576,64
2,30.037,24576,64
2,30.028,24576,64
2,30.028,24576,64
2,30.043,24576,64
2,30.043,24576,64
2,30.043,24576,64
2,30.043,24576,64
2,30.047,24576,64
2,30.032,24576,64
2,30.036,24576,64
2,30.036,24576,64
2,30.022,24576,64
2,30.022,24576,64
2,30.019,24576,64
2,30.019,24576,64
2,30.043,24576,64
2,30.028,24576,64
2,30.037,24576,64
2,30.037,24576,64
2,30.033,24576,64
2,30.033,24576,64
2,30.033,24576,64
2,30.033,24576,64
2,30.104,24576,64
2,30.104,24576,64
2,30.024,24576,64
2,30.024,24576,64
2,30.021,24576,64
2,30.021,24576,64
2,30.033,24576,64
2,30.033,24576,64
2,30.038,24576,64
2,30.038,24576,64
2,30.037,24576,64
2,30.037,24576,64
2,30.026,24576,64
2,30.026,24576,64
2,30.038,24576,64
2,30.038,24576,64
2,30.031,24576,64
2,30.031,24576,64
2,30.048,24576,64
2,30.048,24576,64
2,30.054,24576,64
2,30.054,24576,64
2,30.038,24576,64
2,30.038,24576,64
2,30.037,24576,64
2,30.037,24576,64
2,30.116,24576,64
2,30.116,24576,64
2,30.036,24576,64
2,30.036,24576,64
2,30.043,24576,64
2,30.043,24576,64
2,30.022,24576,64
2,30.022,24576,64
2,30.034,24576,64
2,30.034,24576,64
2,30.045,24576,64
2,30.029,24576,64
2,30.025,24576,64
2,30.025,24576,64
2,30.033,24576,64
2,30.033,24576,64
2,30.031,24576,64
2,30.031,24576,64
2,30.034,24576,64
2,30.034,24576,64
2,30.05,24576,64
2,30.05,24576,64
2,30.027,24576,64
2,30.027,24576,64
2,30.042,24576,64
2,30.042,24576,64
2,30.041,24576,64
2,30.041,24576,64
2,30.034,24576,64
2,30.034,24576,64
2,30.025,24576,64
2,30.025,24576,64
2,30.022,24576,64
2,30.022,24576,64
2,30.04,24576,64
2,30.04,24576,64
2,30.033,24576,64
2,30.033,24576,64
2,30.035,24576,64
2,30.035,24576,64
2,30.042,24576,64
2,30.042,24576,64
2,30.035,24576,64
2,30.035,24576,64
2,30.038,24576,64
2,30.038,24576,64
2,30.025,24576,64
2,30.025,24576,64
2,30.053,24576,64
2,30.039,24576,64
2,30.044,24576,64
2,30.028,24576,64
2,30.053,24576,64
2,30.02,24576,64
2,30.02,24576,64
2,30.038,24576,64
2,30.042,24576,64
2,30.042,24576,64
2,30.036,24576,64
2,30.036,24576,64
2,30.048,24576,64
2,30.048,24576,64
2,30.042,24576,64
2,30.042,24576,64
2,30.042,24576,64
2,30.042,24576,64
2,30.041,24576,64
2,30.041,24576,64
2,30.028,24576,64
2,30.028,24576,64
2,30.021,24576,64
2,30.021,24576,64
2,30.022,24576,64
2,30.022,24576,64
2,30.02,24576,64
2,30.02,24576,64
2,30.044,24576,64
2,30.044,24576,64
2,30.041,24576,64
2,30.041,24576,64
2,30.037,24576,64
2,30.037,24576,64
2,30.048,24576,64
2,30.048,24576,64
2,30.027,24576,64
2,30.027,24576,64
2,30.047,24576,64
2,30.047,24576,64
2,30.03,24576,64
2,30.03,24576,64
2,30.035,24576,64
2,30.035,24576,64
2,30.029,24576,64
2,30.029,24576,64
2,30.032,24576,64
2,30.032,24576,64
2,30.027,24576,64
2,30.027,24576,64
2,30.027,24576,64
2,30.027,24576,64
2,30.032,24576,64
2,30.032,24576,64
2,30.028,24576,64
2,30.046,24576,64
2,30.034,24576,64
2,30.018,24576,64
2,30.022,24576,64
2,30.022,24576,64
5,29.957,8192,8192
5,29.957,8192,8192
2,30.044,24576,64
2,30.044,24576,64
2,30.05,24576,64
2,30.05,24576,64
2,30.038,24576,64
2,30.038,24576,64
2,30.031,24576,64
2,30.031,24576,64
2,30.055,24576,64
2,30.055,24576,64
2,30.048,24576,64
2,30.033,24576,64
2,30.046,24576,64
2,30.03,24576,64
2,30.04,24576,64
2,30.04,24576,64
2,30.035,24576,64
2,30.035,24576,64
5,29.967,8192,8192
5,29.967,8192,8192
2,30.019,24576,64
2,30.019,24576,64
2,30.029,24576,64
2,30.029,24576,64
2,30.108,24576,64
2,30.108,24576,64
2,30.04,24576,64
2,30.04,24576,64
2,30.038,24576,64
2,30.038,24576,64
2,30.017,24576,64
2,30.017,24576,64
2,30.026,24576,64
2,30.026,24576,64
2,30.023,24576,64
2,30.023,24576,64
2,30.037,24576,64
2,30.037,24576,64
2,30.035,24576,64
2,30.035,24576,64
2,30.053,24576,64
2,30.053,24576,64
2,30.046,24576,64
2,30.046,24576,64
5,29.943,8192,8192
5,29.943,8192,8192
2,30.032,24576,64
2,30.032,24576,64
2,30.043,24576,64
2,30.043,24576,64
2,30.025,24576,64
2,30.025,24576,64
2,30.052,24576,64
2,30.033,24576,64
2,30.073,24576,64
2,30.073,24576,64
5,29.939,8192,8192
5,29.939,8192,8192
2,30.094,24576,64
2,30.094,24576,64
2,30.051,24576,64
2,30.051,24576,64
2,30.029,24576,64
2,30.029,24576,64
2,30.039,24576,64
2,30.039,24576,64
2,30.024,24576,64
2,30.024,24576,64
2,30.048,24576,64
2,30.048,24576,64
2,30.034,24576,64
2,30.034,24576,64
2,30.076,24576,64
2,30.076,24576,64
2,30.047,24576,64
2,30.032,24576,64
5,29.955,8192,8192
5,29.955,8192,8192
2,30.038,24576,64
2,30.038,24576,64
2,30.043,24576,64
2,30.043,24576,64
2,30.035,24576,64
2,30.035,24576,64
2,30.031,24576,64
2,30.031,24576,64
2,30.034,24576,64
2,30.034,24576,64
2,30.028,24576,64
2,30.028,24576,64
2,30.029,24576,64
2,30.029,24576,64
2,30.028,24576,64
2,30.028,24576,64
2,30.034,24576,64
2,30.034,24576,64
2,30.024,24576,64
2,30.024,24576,64
2,30.042,24576,64
2,30.026,24576,64
2,30.042,24576,64
2,30.042,24576,64
2,30.027,24576,64
2,30.027,24576,64
2,30.044,24576,64
2,30.045,24576,64
2,30.045,24576,64
2,30.028,24576,64
2,30.029,24576,64
2,30.029,24576,64
2,30.039,24576,64
2,30.039,24576,64
2,30.042,24576,64
2,30.042,24576,64
2,30.035,24576,64
2,30.035,24576,64
2,30.059,24576,64
2,30.059,24576,64
2,30.038,24576,64
2,30.038,24576,64
2,30.04,24576,64
2,30.04,24576,64
2,30.038,24576,64
2,30.038,24576,64
2,30.034,24576,64
2,30.034,24576,64
2,30.085,24576,64
2,30.085,24576,64
2,30.038,24576,64
2,30.038,24576,64
2,30.045,24576,64
2,30.045,24576,64
5,29.969,8192,8192
5,29.969,8192,8192
2,30.037,24576,64
2,30.037,24576,64
2,30.034,24576,64
2,30.034,24576,64
2,30.048,24576,64
2,30.048,24576,64
2,30.126,24576,64
2,30.028,24576,64
2,30.028,24576,64
2,30.111,24576,64
2,30.016,24576,64
2,30.016,24576,64
2,30.037,24576,64
2,30.037,24576,64
2,30.04,24576,64
2,30.04,24576,64
2,30.037,24576,64
2,30.021,24576,64
2,30.041,24576,64
2,30.041,24576,64
2,30.102,24576,64
2,30.102,24576,64
2,30.037,24576,64
2,30.037,24576,64
2,30.055,24576,64
2,30.055,24576,64
2,30.03,24576,64
2,30.03,24576,64
2,30.037,24576,64
2,30.037,24576,64
2,30.02,24576,64
2,30.02,24576,64
2,30.037,24576,64
2,30.037,24576,64
2,30.039,24576,64
2,30.024,24576,64
2,30.04,24576,64
2,30.04,24576,64
2,30.042,24576,64
2,30.042,24576,64
2,30.024,24576,64
2,30.039,24576,64
2,30.042,24576,64
2,30.042,24576,64
2,30.031,24576,64
2,30.031,24576,64
2,30.023,24576,64
2,30.023,24576,64
2,30.042,24576,64
2,30.042,24576,64
2,30.033,24576,64
2,30.033,24576,64
2,30.014,24576,64
2,30.014,24576,64
2,30.05,24576,64
2,30.05,24576,64
2,30.022,24576,64
2,30.022,24576,64
2,30.033,24576,64
2,30.033,24576,64
2,30.036,24576,64
2,30.036,24576,64
2,30.033,24576,64
2,30.033,24576,64
2,30.017,24576,64
2,30.017,24576,64
2,30.034,24576,64
2,30.034,24576,64
2,30.027,24576,64
2,30.027,24576,64
2,30.059,24576,64
2,30.059,24576,64
2,30.037,24576,64
2,30.037,24576,64
2,30.042,24576,64
2,30.042,24576,64
2,30.062,24576,64
2,30.046,24576,64
2,30.033,24576,64
2,30.033,24576,64
2,30.067,24576,64
2,30.067,24576,64
2,30.033,24576,64
2,30.033,24576,64
2,30.04,24576,64
2,30.04,24576,64
2,30.031,24576,64
2,30.031,24576,64
2,30.084,24576,64
2,30.03,24576,64
2,30.038,24576,64
2,30.038,24576,64
2,30.026,24576,64
2,30.033,24576,64
2,30.035,24576,64
2,30.035,24576,64
2,30.01,24576,64
2,30.01,24576,64
2,30.027,24576,64
2,30.027,24576,64
2,30.042,24576,64
2,30.042,24576,64
2,30.024,24576,64
2,30.024,24576,64
2,30.046,24576,64
2,30.046,24576,64
2,30.021,24576,64
2,30.021,24576,64
2,30.03,24576,64
2,30.03,24576,64
2,30.027,24576,64
2,30.027,24576,64
2,30.052,24576,64
2,30.052,24576,64
2,30.031,24576,64
2,30.031,24576,64
2,30.022,24576,64
2,30.022,24576,64
2,30.032,24576,64
2,30.032,24576,64
2,30.033,24576,64
2,30.033,24576,64
2,30.026,24576,64
2,30.026,24576,64
2,30.036,24576,64
2,30.036,24576,64
2,30.028,24576,64
2,30.028,24576,64
2,30.023,24576,64
2,30.023,24576,64
2,30.03,24576,64
2,30.03,24576,64
2,30.03,24576,64
2,30.03,24576,64
2,30.047,24576,64
2,30.047,24576,64
2,30.031,24576,64
2,30.031,24576,64
2,30.039,24576,64
2,30.023,24576,64
2,30.036,24576,64
2,30.036,24576,64
2,30.032,24576,64
2,30.032,24576,64
2,30.031,24576,64
2,30.031,24576,64
5,29.975,8192,8192
5,29.959,8192,8192
2,30.031,24576,64
2,30.031,24576,64
2,30.034,24576,64
2,30.034,24576,64
2,30.025,24576,64
2,30.025,24576,64
2,30.032,24576,64
2,30.032,24576,64
2,30.037,24576,64
2,30.037,24576,64
2,30.026,24576,64
2,30.026,24576,64
2,30.146,24576,64
2,30.146,24576,64
2,30.028,24576,64
2,30.028,24576,64
2,30.021,24576,64
2,30.021,24576,64
2,30.043,24576,64
2,30.043,24576,64
2,30.029,24576,64
2,30.029,24576,64
2,30.041,24576,64
2,30.041,24576,64
2,30.025,24576,64
2,30.025,24576,64
2,30.041,24576,64
2,30.041,24576,64
2,30.046,24576,64
2,30.046,24576,64
2,30.04,24576,64
2,30.04,24576,64
2,30.048,24576,64
2,30.032,24576,64
2,30.029,24576,64
2,30.029,24576,64
2,30.037,24576,64
2,30.037,24576,64
2,30.033,24576,64
2,30.033,24576,64
2,30.037,24576,64
2,30.021,24576,64
2,30.043,24576,64
2,30.027,24576,64
2,30.042,24576,64
2,30.043,24576,64
2,30.043,24576,64
2,30.027,24576,64
2,30.031,24576,64
2,30.031,24576,64
5,29.951,8192,8192
5,29.951,8192,8192
2,30.014,24576,64
2,30.014,24576,64
2,30.021,24576,64
2,30.021,24576,64
2,30.033,24576,64
2,30.033,24576,64
2,30.03,24576,64
2,30.03,24576,64
2,30.044,24576,64
2,30.044,24576,64
2,30.027,24576,64
2,30.027,24576,64
2,30.043,24576,64
2,30.043,24576,64
2,30.037,24576,64
2,30.037,24576,64
2,30.043,24576,64
2,30.043,24576,64
2,30.034,24576,64
2,30.018,24576,64
2,30.032,24576,64
2,30.032,24576,64
2,30.044,24576,64
2,30.044,24576,64
2,30.047,24576,64
2,30.047,24576,64
2,30.019,24576,64
2,30.019,24576,64
5,29.952,8192,8192
2,30.021,24576,64
2,30.021,24576,64
5,29.936,8192,8192
2,30.031,24576,64
2,30.031,24576,64
2,30.037,24576,64
2,30.037,24576,64
2,30.025,24576,64
2,30.025,24576,64
5,29.957,8192,8192
5,29.957,8192,8192
2,30.02,24576,64
2,30.02,24576,64
2,30.026,24576,64
2,30.026,24576,64
2,30.074,24576,64
2,30.074,24576,64
2,30.02,24576,64
2,30.02,24576,64
2,30.027,24576,64
2,30.027,24576,64
2,30.044,24576,64
2,30.044,24576,64
2,30.036,24576,64
2,30.036,24576,64
2,30.035,24576,64
2,30.019,24576,64
2,30.021,24576,64
2,30.021,24576,64
2,30.027,24576,64
2,30.027,24576,64
2,30.026,24576,64
2,30.026,24576,64
2,30.042,24576,64
2,30.042,24576,64
2,30.019,24576,64
2,30.019,24576,64
2,30.034,24576,64
2,30.034,24576,64
5,29.954,8192,8192
5,29.954,8192,8192
2,30.027,24576,64
2,30.027,24576,64
2,30.031,24576,64
2,30.031,24576,64
2,30.04,24576,64
2,30.024,24576,64
2,30.044,24576,64
2,30.028,24576,64
2,30.024,24576,64
2,30.024,24576,64
2,30.04,24576,64
2,30.024,24576,64
2,30.035,24576,64
2,30.015,24576,64
2,30.042,24576,64
2,30.042,24576,64
2,30.017,24576,64
2,30.017,24576,64
2,30.041,24576,64
2,30.041,24576,64
2,30.035,24576,64
2,30.035,24576,64
2,30.055,24576,64
2,30.055,24576,64
2,30.02,24576,64
2,30.02,24576,64
2,30.034,24576,64
2,30.034,24576,64
2,30.047,24576,64
2,30.047,24576,64
2,30.042,24576,64
2,30.042,24576,64
2,30.036,24576,64
2,30.021,24576,64
2,30.021,24576,64
2,30.021,24576,64
2,30.034,24576,64
2,30.034,24576,64
2,30.038,24576,64
2,30.038,24576,64
2,30.026,24576,64
2,30.026,24576,64
2,30.073,24576,64
2,30.073,24576,64
2,30.046,24576,64
2,30.046,24576,64
2,30.029,24576,64
2,30.029,24576,64
2,30.045,24576,64
2,30.045,24576,64
2,30.024,24576,64
2,30.024,24576,64
2,30.036,24576,64
2,30.021,24576,64
2,30.058,24576,64
2,30.058,24576,64
2,30.025,24576,64
2,30.025,24576,64
2,30.021,24576,64
2,30.021,24576,64
2,30.041,24576,64
2,30.041,24576,64
2,30.02,24576,64
2,30.02,24576,64
2,30.017,24576,64
2,30.017,24576,64
5,29.953,8192,8192
5,29.953,8192,8192
2,30.037,24576,64
2,30.037,24576,64
2,30.02,24576,64
2,30.02,24576,64
2,30.047,24576,64
2,30.047,24576,64
2,30.038,24576,64
2,30.038,24576,64
2,30.024,24576,64
2,30.024,24576,64
2,30.114,24576,64
2,30.144,24576,64
2,30.03,24576,64
2,30.03,24576,64
2,30.044,24576,64
2,30.044,24576,64
2,30.027,24576,64
2,30.027,24576,64
2,30.037,24576,64
2,30.037,24576,64
2,30.021,24576,64
2,30.021,24576,64
2,30.038,24576,64
2,30.038,24576,64
2,30.042,24576,64
2,30.042,24576,64
2,30.051,24576,64
2,30.051,24576,64
2,30.016,24576,64
2,30.016,24576,64
2,30.039,24576,64
2,30.039,24576,64
2,30.031,24576,64
2,30.031,24576,64
2,30.022,24576,64
2,30.022,24576,64
2,30.06,24576,64
2,30.06,24576,64
2,30.026,24576,64
2,30.026,24576,64
2,30.048,24576,64
2,30.048,24576,64
2,30.038,24576,64
2,30.038,24576,64
2,30.205,24576,64
2,30.205,24576,64
2,30.03,24576,64
2,30.03,24576,64
2,30.097,24576,64
2,30.097,24576,64
2,30.033,24576,64
2,30.033,24576,64
2,30.032,24576,64
2,30.032,24576,64
2,30.035,24576,64
2,30.035,24576,64
3,5.216,2048,2048
2,30.033,24576,64
2,30.033,24576,64
2,30.042,24576,64
2,30.026,24576,64
2,30.04,24576,64
2,30.04,24576,64
2,30.027,24576,64
2,30.027,24576,64
2,30.029,24576,64
2,30.029,24576,64
2,30.057,24576,64
2,30.076,24576,64
2,30.032,24576,64
2,30.032,24576,64
2,30.027,24576,64
2,30.027,24576,64
2,58.031,24576,64
2,58.031,24576,64
2,30.039,24576,64
2,30.039,24576,64
2,57.946,24576,64
2,57.946,24576,64
2,30.032,24576,64
2,30.016,24576,64
2,30.021,24576,64
2,30.021,24576,64
2,30.012,24576,64
2,30.012,24576,64
2,30.111,24576,64
2,30.111,24576,64
2,30.03,24576,64
2,30.03,24576,64
2,30.041,24576,64
2,30.041,24576,64
2,30.077,24576,64
2,30.041,24576,64
2,30.027,24576,64
2,30.025,24576,64
2,30.043,24576,64
2,30.027,24576,64
2,30.041,24576,64
2,30.041,24576,64
2,30.052,24576,64
2,30.052,24576,64
2,30.067,24576,64
2,30.067,24576,64
2,30.037,24576,64
2,30.027,24576,64
2,30.027,24576,64
2,30.022,24576,64
2,30.039,24576,64
2,30.039,24576,64
2,30.041,24576,64
2,30.041,24576,64
2,30.042,24576,64
2,30.042,24576,64
2,56.17,24576,64
2,56.156,24576,64
2,30.038,24576,64
2,30.038,24576,64
2,30.057,24576,64
2,30.038,24576,64
2,30.129,24576,64
2,30.129,24576,64
2,30.037,24576,64
2,30.037,24576,64
2,30.031,24576,64
2,30.031,24576,64
2,30.034,24576,64
2,30.034,24576,64
2,30.032,24576,64
2,30.047,24576,64
2,30.022,24576,64
2,30.022,24576,64
2,30.038,24576,64
2,30.038,24576,64
2,30.035,24576,64
2,30.035,24576,64
2,30.035,24576,64
2,30.035,24576,64
2,30.052,24576,64
2,30.052,24576,64
2,30.035,24576,64
2,30.035,24576,64
2,30.031,24576,64
2,30.031,24576,64
2,55.022,24576,64
2,55.022,24576,64
2,30.08,24576,64
2,30.08,24576,64
2,30.025,24576,64
2,30.025,24576,64
2,30.037,24576,64
2,30.037,24576,64
2,30.04,24576,64
2,30.04,24576,64
2,30.032,24576,64
2,30.032,24576,64
2,30.038,24576,64
2,30.038,24576,64
2,30.046,24576,64
2,30.046,24576,64
2,30.041,24576,64
2,30.041,24576,64
2,30.038,24576,64
2,30.023,24576,64
2,30.032,24576,64
2,30.032,24576,64
2,30.027,24576,64
2,30.027,24576,64
2,30.036,24576,64
2,30.036,24576,64
2,30.038,24576,64
2,30.038,24576,64
2,30.035,24576,64
2,30.035,24576,64
2,30.035,24576,64
2,30.035,24576,64
2,30.067,24576,64
2,30.082,24576,64
2,30.028,24576,64
2,30.028,24576,64
2,30.138,24576,64
2,30.023,24576,64
2,30.023,24576,64
2,30.12,24576,64
2,30.032,24576,64
2,30.032,24576,64
2,30.039,24576,64
2,30.039,24576,64
2,30.032,24576,64
2,30.032,24576,64
2,30.034,24576,64
2,30.034,24576,64
2,30.026,24576,64
2,30.026,24576,64
2,30.019,24576,64
2,30.019,24576,64
2,30.034,24576,64
2,30.034,24576,64
2,30.023,24576,64
2,30.023,24576,64
2,30.031,24576,64
2,30.015,24576,64
2,30.034,24576,64
2,30.034,24576,64
2,30.039,24576,64
2,30.039,24576,64
2,54.317,24576,64
2,54.317,24576,64
2,30.036,24576,64
2,30.036,24576,64
2,30.033,24576,64
2,30.033,24576,64
2,30.035,24576,64
2,30.035,24576,64
2,30.034,24576,64
2,30.034,24576,64
2,30.015,24576,64
2,30.015,24576,64
2,30.037,24576,64
2,30.037,24576,64
2,30.034,24576,64
2,30.034,24576,64
2,30.054,24576,64
2,30.054,24576,64
2,30.038,24576,64
2,30.038,24576,64
2,30.033,24576,64
2,30.033,24576,64
2,30.035,24576,64
2,30.035,24576,64
2,30.064,24576,64
2,30.064,24576,64
2,30.022,24576,64
2,30.022,24576,64
2,30.032,24576,64
2,30.032,24576,64
2,30.035,24576,64
2,30.035,24576,64
2,30.037,24576,64
2,30.037,24576,64
2,30.041,24576,64
2,30.041,24576,64
2,30.028,24576,64
2,30.028,24576,64
2,30.04,24576,64
2,30.032,24576,64
2,30.032,24576,64
2,30.021,24576,64
2,30.041,24576,64
2,30.041,24576,64
2,30.046,24576,64
2,30.046,24576,64
2,30.035,24576,64
2,30.035,24576,64
2,30.054,24576,64
2,30.054,24576,64
2,30.036,24576,64
2,30.036,24576,64
2,30.158,24576,64
2,30.142,24576,64
2,30.038,24576,64
2,30.038,24576,64
2,30.022,24576,64
2,30.022,24576,64
2,30.023,24576,64
2,30.023,24576,64
2,30.022,24576,64
2,30.022,24576,64
2,30.04,24576,64
2,30.04,24576,64
2,30.032,24576,64
2,30.032,24576,64
2,30.038,24576,64
2,30.038,24576,64
2,53.685,24576,64
2,53.685,24576,64
2,30.032,24576,64
2,30.032,24576,64
2,30.04,24576,64
2,30.04,24576,64
2,53.653,24576,64
2,53.653,24576,64
2,30.038,24576,64
2,30.038,24576,64
2,30.021,24576,64
2,30.021,24576,64
2,30.021,24576,64
2,30.021,24576,64
2,30.051,24576,64
2,30.051,24576,64
2,30.037,24576,64
2,30.037,24576,64
2,30.031,24576,64
2,30.031,24576,64
2,30.033,24576,64
2,30.033,24576,64
2,30.022,24576,64
2,30.022,24576,64
2,30.04,24576,64
2,30.04,24576,64
2,30.038,24576,64
2,30.038,24576,64
2,30.08,24576,64
2,30.08,24576,64
2,30.032,24576,64
2,30.032,24576,64
2,30.031,24576,64
2,30.031,24576,64
2,30.036,24576,64
2,30.036,24576,64
2,30.04,24576,64
2,30.04,24576,64
2,30.022,24576,64
2,30.022,24576,64
2,30.037,24576,64
2,30.037,24576,64
2,30.035,24576,64
2,30.035,24576,64
2,30.043,24576,64
2,30.043,24576,64
2,30.048,24576,64
2,30.048,24576,64
2,30.031,24576,64
2,30.031,24576,64
5,29.958,8192,8192
5,29.958,8192,8192
2,30.037,24576,64
2,30.037,24576,64
2,30.048,24576,64
2,30.048,24576,64
2,30.022,24576,64
2,30.022,24576,64
2,30.041,24576,64
2,30.041,24576,64
2,30.047,24576,64
2,30.027,24576,64
2,30.027,24576,64
2,30.032,24576,64
2,30.049,24576,64
2,30.049,24576,64
2,30.022,24576,64
2,30.022,24576,64
2,30.038,24576,64
2,30.038,24576,64
2,30.054,24576,64
2,30.054,24576,64
2,30.048,24576,64
2,30.048,24576,64
2,30.048,24576,64
2,30.048,24576,64
2,30.054,24576,64
2,30.039,24576,64
2,30.101,24576,64
2,30.024,24576,64
2,30.024,24576,64
2,30.04,24576,64
2,30.04,24576,64
2,30.039,24576,64
2,30.038,24576,64
2,30.038,24576,64
2,30.032,24576,64
2,30.032,24576,64
5,29.958,8192,8192
5,29.945,8192,8192
2,30.024,24576,64
2,30.024,24576,64
2,30.047,24576,64
2,30.047,24576,64
2,30.038,24576,64
2,30.038,24576,64
2,30.05,24576,64
2,30.033,24576,64
2,30.033,24576,64
2,30.067,24576,64
2,30.032,24576,64
2,30.032,24576,64
2,30.034,24576,64
2,30.036,24576,64
2,30.027,24576,64
2,30.027,24576,64
2,30.037,24576,64
2,30.037,24576,64
2,30.033,24576,64
2,30.033,24576,64
2,30.018,24576,64
2,30.018,24576,64
2,30.032,24576,64
2,30.032,24576,64
2,30.033,24576,64
2,30.033,24576,64
2,30.033,24576,64
2,30.048,24576,64
2,30.027,24576,64
2,30.021,24576,64
2,52.786,24576,64
2,52.786,24576,64
2,30.033,24576,64
2,30.033,24576,64
2,30.032,24576,64
2,30.032,24576,64
2,30.064,24576,64
2,30.064,24576,64
2,30.036,24576,64
2,30.036,24576,64
2,30.037,24576,64
2,30.037,24576,64
2,30.037,24576,64
2,30.037,24576,64
2,30.032,24576,64
2,30.032,24576,64
2,30.085,24576,64
2,30.085,24576,64
2,30.018,24576,64
2,30.018,24576,64
2,30.013,24576,64
2,30.013,24576,64
2,30.081,24576,64
2,30.081,24576,64
2,30.057,24576,64
2,30.057,24576,64
2,30.041,24576,64
2,30.056,24576,64
2,30.056,24576,64
2,30.025,24576,64
2,30.018,24576,64
2,30.018,24576,64
2,30.044,24576,64
2,30.044,24576,64
2,52.424,24576,64
2,52.409,24576,64
2,30.026,24576,64
2,30.026,24576,64
2,30.05,24576,64
2,30.05,24576,64
2,30.028,24576,64
2,30.028,24576,64
2,30.022,24576,64
2,30.022,24576,64
2,30.03,24576,64
2,30.03,24576,64
2,30.03,24576,64
2,30.03,24576,64
2,30.05,24576,64
2,30.05,24576,64
5,29.956,8192,8192
5,29.956,8192,8192
2,30.038,24576,64
2,30.038,24576,64
2,30.022,24576,64
2,30.022,24576,64
2,30.036,24576,64
2,30.036,24576,64
2,30.045,24576,64
2,30.045,24576,64
5,29.974,8192,8192
5,29.974,8192,8192
2,30.037,24576,64
2,30.037,24576,64
2,30.044,24576,64
2,30.044,24576,64
2,30.038,24576,64
2,30.038,24576,64
2,30.044,24576,64
2,30.044,24576,64
2,30.03,24576,64
2,30.03,24576,64
2,30.013,24576,64
2,30.013,24576,64
2,30.025,24576,64
2,30.025,24576,64
2,30.028,24576,64
2,30.028,24576,64
2,30.016,24576,64
2,30.016,24576,64
2,30.038,24576,64
2,30.038,24576,64
2,30.036,24576,64
2,30.036,24576,64
2,30.052,24576,64
2,30.052,24576,64
2,30.035,24576,64
2,30.035,24576,64
2,30.037,24576,64
2,30.037,24576,64
2,30.031,24576,64
2,30.031,24576,64
2,30.026,24576,64
2,30.026,24576,64
2,30.035,24576,64
2,30.035,24576,64
2,30.038,24576,64
2,30.038,24576,64
2,30.05,24576,64
2,30.05,24576,64
2,30.039,24576,64
2,30.039,24576,64
2,51.607,24576,64
2,51.607,24576,64
2,30.015,24576,64
2,30.015,24576,64
2,30.023,24576,64
2,30.023,24576,64
2,30.029,24576,64
2,30.029,24576,64
5,29.958,8192,8192
5,29.958,8192,8192
2,30.036,24576,64
2,30.031,24576,64
2,30.029,24576,64
2,30.014,24576,64
2,30.017,24576,64
2,30.017,24576,64
2,30.043,24576,64
2,30.058,24576,64
2,30.051,24576,64
2,30.051,24576,64
5,29.943,8192,8192
5,29.943,8192,8192
2,30.045,24576,64
2,30.045,24576,64
2,30.02,24576,64
2,30.02,24576,64
5,29.958,8192,8192
5,29.958,8192,8192
5,29.941,8192,8192
5,29.941,8192,8192
2,30.037,24576,64
2,30.037,24576,64
2,30.034,24576,64
2,30.034,24576,64
2,30.033,24576,64
2,30.033,24576,64
2,30.035,24576,64
2,30.035,24576,64
2,30.023,24576,64
2,30.023,24576,64
2,30.019,24576,64
2,30.019,24576,64
2,30.051,24576,64
2,30.035,24576,64
2,30.039,24576,64
2,30.039,24576,64
2,30.068,24576,64
2,30.068,24576,64
2,30.031,24576,64
2,30.031,24576,64
2,30.03,24576,64
2,30.03,24576,64
2,30.037,24576,64
2,30.037,24576,64
2,30.026,24576,64
2,30.026,24576,64
2,30.03,24576,64
2,30.03,24576,64
2,30.03,24576,64
2,30.03,24576,64
2,30.02,24576,64
2,30.02,24576,64
2,30.034,24576,64
2,30.034,24576,64
2,30.03,24576,64
2,30.03,24576,64
2,30.036,24576,64
2,30.036,24576,64
2,30.016,24576,64
2,30.016,24576,64
2,30.028,24576,64
2,30.028,24576,64
2,30.04,24576,64
2,30.04,24576,64
5,29.974,8192,8192
5,29.959,8192,8192
2,30.062,24576,64
5,29.943,8192,8192
5,29.943,8192,8192
2,30.029,24576,64
2,30.032,24576,64
2,30.032,24576,64
2,30.029,24576,64
2,30.029,24576,64
5,29.946,8192,8192
5,29.946,8192,8192
2,30.036,24576,64
2,30.036,24576,64
2,30.042,24576,64
2,30.042,24576,64
2,30.034,24576,64
2,30.034,24576,64
2,30.03,24576,64
2,30.03,24576,64
2,30.071,24576,64
2,30.071,24576,64
2,30.044,24576,64
2,30.044,24576,64
2,30.029,24576,64
2,30.029,24576,64
2,30.027,24576,64
2,30.027,24576,64
2,30.052,24576,64
2,30.052,24576,64
2,30.03,24576,64
2,30.03,24576,64
2,30.03,24576,64
2,30.03,24576,64
2,30.029,24576,64
2,30.044,24576,64
2,30.02,24576,64
2,30.02,24576,64
2,30.025,24576,64
2,30.025,24576,64
2,30.044,24576,64
2,30.044,24576,64
2,46.978,24576,64
2,46.978,24576,64
2,30.028,24576,64
2,30.028,24576,64
2,30.035,24576,64
2,30.035,24576,64
2,30.037,24576,64
2,30.037,24576,64
2,30.037,24576,64
2,30.022,24576,64
2,30.032,24576,64
2,30.032,24576,64
2,30.052,24576,64
2,30.052,24576,64
2,46.417,24576,64
2,46.398,24576,64
2,30.038,24576,64
2,30.04,24576,64
2,30.04,24576,64
2,30.023,24576,64
2,30.029,24576,64
2,30.029,24576,64
2,30.046,24576,64
2,30.046,24576,64
2,30.026,24576,64
2,30.026,24576,64
2,30.032,24576,64
2,30.032,24576,64
2,30.02,24576,64
2,30.02,24576,64
2,30.039,24576,64
2,30.023,24576,64
2,30.025,24576,64
2,30.025,24576,64
2,30.023,24576,64
2,30.023,24576,64
2,30.022,24576,64
2,30.022,24576,64
2,30.039,24576,64
2,30.024,24576,64
2,30.043,24576,64
2,30.043,24576,64
2,30.036,24576,64
2,30.02,24576,64
2,44.915,24576,64
2,44.93,24576,64
2,30.032,24576,64
2,30.032,24576,64
2,30.02,24576,64
2,30.02,24576,64
2,30.035,24576,64
2,30.02,24576,64
2,30.042,24576,64
2,30.042,24576,64
2,30.046,24576,64
2,30.046,24576,64
2,30.11,24576,64
2,30.11,24576,64
2,30.06,24576,64
2,30.06,24576,64
2,30.046,24576,64
2,30.046,24576,64
2,30.066,24576,64
2,30.066,24576,64
2,30.038,24576,64
2,30.038,24576,64
2,30.031,24576,64
2,30.031,24576,64
2,30.036,24576,64
2,30.036,24576,64
2,30.021,24576,64
2,30.021,24576,64
2,30.042,24576,64
2,30.026,24576,64
2,30.026,24576,64
2,30.026,24576,64
2,30.022,24576,64
2,30.022,24576,64
2,30.049,24576,64
2,30.049,24576,64
2,30.08,24576,64
2,30.064,24576,64
2,30.026,24576,64
2,30.026,24576,64
2,30.031,24576,64
2,30.031,24576,64
2,30.03,24576,64
2,30.03,24576,64
2,30.055,24576,64
2,30.039,24576,64
2,30.032,24576,64
2,30.032,24576,64
2,30.027,24576,64
2,30.027,24576,64
2,30.026,24576,64
2,30.026,24576,64
2,30.03,24576,64
2,30.03,24576,64
5,29.956,8192,8192
5,29.956,8192,8192
2,30.044,24576,64
2,30.044,24576,64
2,30.032,24576,64
2,30.032,24576,64
2,30.035,24576,64
2,30.035,24576,64
2,30.055,24576,64
2,30.055,24576,64
2,30.031,24576,64
2,30.031,24576,64
2,30.034,24576,64
2,30.034,24576,64
2,30.057,24576,64
2,30.042,24576,64
2,30.02,24576,64
2,30.02,24576,64
2,30.041,24576,64
2,30.041,24576,64
2,30.042,24576,64
2,30.026,24576,64
2,30.025,24576,64
2,30.025,24576,64
5,29.967,8192,8192
5,29.967,8192,8192
2,30.025,24576,64
2,30.025,24576,64
2,30.048,24576,64
2,30.048,24576,64
2,30.018,24576,64
2,30.018,24576,64
2,30.036,24576,64
2,30.036,24576,64
2,30.037,24576,64
2,30.037,24576,64
2,30.041,24576,64
2,30.041,24576,64
2,30.028,24576,64
2,30.028,24576,64
2,30.016,24576,64
2,30.016,24576,64
2,30.024,24576,64
2,30.024,24576,64
2,30.034,24576,64
2,30.034,24576,64
2,30.042,24576,64
2,30.042,24576,64
2,38.616,24576,64
2,38.599,24576,64
2,30.046,24576,64
2,30.046,24576,64
2,38.467,24576,64
2,38.467,24576,64
2,30.029,24576,64
2,30.029,24576,64
2,30.032,24576,64
2,30.032,24576,64
2,30.025,24576,64
2,30.025,24576,64
2,30.029,24576,64
2,30.029,24576,64
2,30.028,24576,64
2,30.028,24576,64
2,30.031,24576,64
2,30.031,24576,64
2,30.041,24576,64
2,30.041,24576,64
2,30.039,24576,64
2,30.039,24576,64
2,30.04,24576,64
2,30.04,24576,64
2,30.024,24576,64
2,30.024,24576,64
2,30.036,24576,64
2,30.036,24576,64
2,30.041,24576,64
2,30.041,24576,64
2,30.023,24576,64
2,30.023,24576,64
2,30.043,24576,64
2,30.043,24576,64
2,30.053,24576,64
2,30.053,24576,64
2,30.032,24576,64
2,30.032,24576,64
1,0.015,1024,64
2,30.04,24576,64
2,30.04,24576,64
2,30.024,24576,64
2,30.024,24576,64
2,30.031,24576,64
2,30.031,24576,64
5,29.958,8192,8192
5,29.958,8192,8192
2,30.038,24576,64
2,30.038,24576,64
2,30.031,24576,64
2,30.031,24576,64
2,30.044,24576,64
2,30.044,24576,64
2,30.026,24576,64
2,30.026,24576,64
2,35.41,24576,64
2,35.41,24576,64
2,30.06,24576,64
2,30.044,24576,64
2,30.044,24576,64
2,30.044,24576,64
2,30.041,24576,64
5,29.958,8192,8192
5,29.973,8192,8192
2,30.025,24576,64
2,30.063,24576,64
2,30.063,24576,64
2,34.998,24576,64
2,34.998,24576,64
2,30.039,24576,64
2,30.039,24576,64
2,30.03,24576,64
2,30.03,24576,64
2,30.022,24576,64
2,30.022,24576,64
2,30.064,24576,64
2,30.03,24576,64
2,30.16,24576,64
2,30.16,24576,64
2,30.02,24576,64
2,30.02,24576,64
2,30.033,24576,64
2,30.033,24576,64
2,30.033,24576,64
2,30.033,24576,64
2,30.042,24576,64
2,30.042,24576,64
2,30.121,24576,64
2,30.138,24576,64
2,30.026,24576,64
2,30.026,24576,64
2,30.019,24576,64
2,30.019,24576,64
2,30.037,24576,64
2,30.037,24576,64
2,30.036,24576,64
2,30.036,24576,64
2,30.024,24576,64
2,30.024,24576,64
2,30.025,24576,64
2,30.025,24576,64
2,30.032,24576,64
2,30.032,24576,64
2,30.032,24576,64
2,30.032,24576,64
2,30.016,24576,64
2,30.016,24576,64
2,30.042,24576,64
2,30.042,24576,64
5,29.95,8192,8192
5,29.95,8192,8192
2,30.086,24576,64
2,30.086,24576,64
5,29.95,8192,8192
5,29.95,8192,8192
2,30.033,24576,64
2,30.033,24576,64
2,30.02,24576,64
2,30.02,24576,64
2,30.036,24576,64
2,30.036,24576,64
2,30.036,24576,64
2,30.036,24576,64
2,30.029,24576,64
2,30.029,24576,64
2,30.037,24576,64
2,30.037,24576,64
1,0.031,1024,64
1,0.031,1024,64
2,30.048,24576,64
2,30.032,24576,64
2,30.032,24576,64
2,30.032,24576,64
2,30.036,24576,64
2,30.036,24576,64
2,30.033,24576,64
2,30.033,24576,64
2,30.048,24576,64
2,30.032,24576,64
2,30.047,24576,64
2,30.047,24576,64
2,30.028,24576,64
2,30.012,24576,64
2,30.025,24576,64
2,30.025,24576,64
2,30.056,24576,64
2,30.04,24576,64
2,30.027,24576,64
2,30.027,24576,64
2,30.033,24576,64
2,30.033,24576,64
2,30.041,24576,64
2,30.041,24576,64
2,30.039,24576,64
2,30.039,24576,64
2,30.037,24576,64
2,30.037,24576,64
2,30.045,24576,64
2,30.045,24576,64
2,30.04,24576,64
2,30.04,24576,64
2,30.045,24576,64
2,30.03,24576,64
2,30.043,24576,64
2,30.043,24576,64
2,30.02,24576,64
2,30.02,24576,64
2,30.047,24576,64
2,30.047,24576,64
2,30.15,24576,64
2,30.15,24576,64
2,30.027,24576,64
2,30.027,24576,64
2,30.036,24576,64
2,30.036,24576,64
2,30.035,24576,64
2,30.035,24576,64
2,30.048,24576,64
2,30.033,24576,64
2,30.023,24576,64
2,30.023,24576,64
2,30.035,24576,64
2,30.035,24576,64
2,30.019,24576,64
2,30.019,24576,64
2,30.05,24576,64
2,30.05,24576,64
2,30.039,24576,64
2,30.039,24576,64
2,30.108,24576,64
2,30.108,24576,64
2,30.031,24576,64
2,30.031,24576,64
2,30.054,24576,64
2,30.038,24576,64
2,30.044,24576,64
2,30.044,24576,64
2,30.022,24576,64
2,30.022,24576,64
2,30.015,24576,64
2,30.015,24576,64
2,30.043,24576,64
2,30.043,24576,64
2,30.043,24576,64
2,30.043,24576,64
2,30.029,24576,64
2,30.029,24576,64
2,30.029,24576,64
2,30.029,24576,64
2,30.034,24576,64
2,30.034,24576,64
2,30.071,24576,64
2,30.071,24576,64
2,30.035,24576,64
2,30.035,24576,64
2,30.107,24576,64
2,30.122,24576,64
2,30.03,24576,64
2,30.03,24576,64
2,30.036,24576,64
2,30.036,24576,64
2,30.032,24576,64
2,30.032,24576,64
2,30.027,24576,64
2,30.027,24576,64
2,30.026,24576,64
2,30.042,24576,64
2,30.027,24576,64
2,30.027,24576,64
2,30.026,24576,64
2,30.026,24576,64
2,30.115,24576,64
2,30.115,24576,64
2,30.043,24576,64
2,30.028,24576,64
2,30.058,24576,64
2,30.042,24576,64
2,30.031,24576,64
2,30.016,24576,64
2,30.069,24576,64
2,30.069,24576,64
2,30.061,24576,64
2,30.061,24576,64
2,30.047,24576,64
2,30.047,24576,64
2,30.033,24576,64
2,30.033,24576,64
2,30.041,24576,64
2,30.056,24576,64
2,30.038,24576,64
2,30.038,24576,64
2,30.03,24576,64
2,30.03,24576,64
2,30.039,24576,64
2,30.023,24576,64
2,30.036,24576,64
2,30.036,24576,64
2,30.036,24576,64
2,30.036,24576,64
2,30.05,24576,64
2,30.05,24576,64
2,30.023,24576,64
2,30.023,24576,64
2,30.035,24576,64
2,30.035,24576,64
2,30.022,24576,64
2,30.022,24576,64
2,30.057,24576,64
2,30.057,24576,64
2,30.072,24576,64
2,30.072,24576,64
2,30.036,24576,64
2,30.036,24576,64
2,30.025,24576,64
2,30.025,24576,64
2,30.043,24576,64
2,30.043,24576,64
2,30.025,24576,64
2,30.025,24576,64
5,29.985,8192,8192
5,29.966,8192,8192
2,30.045,24576,64
2,30.03,24576,64
2,30.069,24576,64
2,30.035,24576,64
2,30.057,24576,64
2,30.057,24576,64
2,30.036,24576,64
2,30.036,24576,64
2,30.027,24576,64
2,30.027,24576,64
2,30.032,24576,64
2,30.032,24576,64
2,30.043,24576,64
2,30.027,24576,64
5,29.969,8192,8192
5,29.969,8192,8192
2,30.042,24576,64
2,30.042,24576,64
2,30.063,24576,64
2,30.063,24576,64
2,30.039,24576,64
2,30.039,24576,64
2,30.032,24576,64
2,30.032,24576,64
2,30.038,24576,64
2,30.038,24576,64
2,30.025,24576,64
2,30.025,24576,64
2,30.022,24576,64
2,30.022,24576,64
2,30.034,24576,64
2,30.034,24576,64
5,29.967,8192,8192
5,29.967,8192,8192
2,30.032,24576,64
2,30.032,24576,64
2,30.039,24576,64
2,30.039,24576,64
2,30.071,24576,64
2,30.121,24576,64
2,30.121,24576,64
2,30.04,24576,64
2,30.024,24576,64
2,30.024,24576,64
2,30.023,24576,64
2,30.023,24576,64
2,30.021,24576,64
2,30.021,24576,64
2,30.042,24576,64
2,30.027,24576,64
2,30.041,24576,64
2,30.041,24576,64
2,30.034,24576,64
2,30.034,24576,64
2,30.047,24576,64
2,30.047,24576,64
2,30.041,24576,64
2,30.041,24576,64
2,30.037,24576,64
2,30.037,24576,64
2,30.04,24576,64
2,30.04,24576,64
2,30.032,24576,64
2,30.032,24576,64
2,30.038,24576,64
2,30.038,24576,64
2,30.031,24576,64
2,30.031,24576,64
2,30.026,24576,64
2,30.026,24576,64
2,30.034,24576,64
2,30.034,24576,64
2,30.027,24576,64
2,30.027,24576,64
2,30.038,24576,64
2,30.038,24576,64
2,30.046,24576,64
2,30.046,24576,64
2,30.03,24576,64
2,30.03,24576,64
2,30.187,24576,64
2,30.187,24576,64
2,30.029,24576,64
2,30.029,24576,64
2,30.022,24576,64
2,30.022,24576,64
2,30.024,24576,64
2,30.024,24576,64
2,30.092,24576,64
2,30.092,24576,64
2,30.024,24576,64
2,30.024,24576,64
2,30.035,24576,64
2,30.035,24576,64
2,30.021,24576,64
2,30.021,24576,64
2,30.024,24576,64
2,30.024,24576,64
2,30.206,24576,64
2,30.206,24576,64
2,30.03,24576,64
2,30.014,24576,64
2,30.032,24576,64
2,30.032,24576,64
2,30.132,24576,64
2,30.132,24576,64
2,30.027,24576,64
2,30.027,24576,64
2,30.038,24576,64
2,30.038,24576,64
2,30.019,24576,64
2,30.019,24576,64
2,30.076,24576,64
2,30.092,24576,64
2,30.029,24576,64
2,30.029,24576,64
2,30.062,24576,64
2,30.062,24576,64
2,30.036,24576,64
2,30.036,24576,64
2,30.033,24576,64
2,30.033,24576,64
2,30.122,24576,64
2,30.109,24576,64
2,30.022,24576,64
2,30.022,24576,64
2,30.041,24576,64
2,30.024,24576,64
2,30.046,24576,64
2,30.046,24576,64
2,30.043,24576,64
2,30.043,24576,64
2,30.018,24576,64
2,30.018,24576,64
2,30.042,24576,64
2,30.042,24576,64
2,30.032,24576,64
2,30.032,24576,64
2,30.04,24576,64
2,30.04,24576,64
2,30.014,24576,64
2,30.014,24576,64
2,30.044,24576,64
2,30.044,24576,64
2,30.022,24576,64
2,30.022,24576,64
2,30.018,24576,64
2,30.018,24576,64
2,30.033,24576,64
2,30.033,24576,64
2,30.034,24576,64
2,30.034,24576,64
2,30.024,24576,64
2,30.024,24576,64
2,30.016,24576,64
2,30.016,24576,64
2,30.038,24576,64
2,30.038,24576,64
2,30.051,24576,64
2,30.051,24576,64
2,30.052,24576,64
2,30.052,24576,64
1,0.019,1024,64
2,30.032,24576,64
2,30.032,24576,64
5,29.965,8192,8192
5,29.965,8192,8192
2,30.041,24576,64
2,30.041,24576,64
2,30.094,24576,64
2,30.094,24576,64
2,30.035,24576,64
2,30.035,24576,64
2,30.038,24576,64
2,30.038,24576,64
1,0.011,1024,64
2,30.027,24576,64
2,30.027,24576,64
1,0.011,1024,64
1,0.013,1024,64
2,30.049,24576,64
2,30.049,24576,64
2,30.059,24576,64
2,30.059,24576,64
1,0.012,1024,64
2,30.057,24576,64
2,30.039,24576,64
1,0.015,1024,64
1,0.012,1024,64
2,30.045,24576,64
2,30.045,24576,64
2,30.082,24576,64
2,30.082,24576,64
1,0.013,1024,64
2,30.034,24576,64
2,30.034,24576,64
1,0.012,1024,64
5,29.968,8192,8192
5,29.952,8192,8192
1,0.012,1024,64
1,0.011,1024,64
2,30.032,24576,64
2,30.032,24576,64
2,30.023,24576,64
2,30.023,24576,64
1,0.015,1024,64
1,0.012,1024,64
1,0.012,1024,64
2,30.04,24576,64
2,30.04,24576,64
2,30.024,24576,64
2,30.024,24576,64
1,0.013,1024,64
2,30.044,24576,64
2,30.044,24576,64
2,30.056,24576,64
2,30.056,24576,64
2,30.03,24576,64
2,30.03,24576,64
2,30.039,24576,64
2,30.023,24576,64
2,30.045,24576,64
2,30.045,24576,64
2,30.036,24576,64
2,30.036,24576,64
2,30.042,24576,64
2,30.042,24576,64
2,30.085,24576,64
2,30.085,24576,64
2,30.057,24576,64
2,30.057,24576,64
5,29.956,8192,8192
5,29.956,8192,8192
2,30.032,24576,64
2,30.032,24576,64
2,30.044,24576,64
2,30.044,24576,64
2,30.036,24576,64
2,30.036,24576,64
2,30.031,24576,64
2,30.031,24576,64
2,30.064,24576,64
2,30.048,24576,64
2,30.037,24576,64
2,30.037,24576,64
2,30.038,24576,64
2,30.038,24576,64
2,30.032,24576,64
2,30.032,24576,64
2,30.032,24576,64
2,30.032,24576,64
5,29.956,8192,8192
5,29.956,8192,8192
2,30.037,24576,64
2,30.037,24576,64
2,30.03,24576,64
2,30.03,24576,64
2,30.021,24576,64
2,30.021,24576,64
2,30.017,24576,64
2,30.017,24576,64
2,30.031,24576,64
2,30.031,24576,64
2,30.021,24576,64
2,30.021,24576,64
2,30.039,24576,64
2,30.039,24576,64
2,30.034,24576,64
2,30.034,24576,64
2,30.046,24576,64
2,30.046,24576,64
2,30.034,24576,64
2,30.034,24576,64
2,30.021,24576,64
2,30.021,24576,64
2,30.015,24576,64
2,30.015,24576,64
2,30.023,24576,64
2,30.023,24576,64
2,30.047,24576,64
2,30.047,24576,64
2,30.037,24576,64
2,30.037,24576,64
2,30.03,24576,64
2,30.03,24576,64
2,30.066,24576,64
2,30.05,24576,64
2,30.043,24576,64
2,30.043,24576,64
2,30.027,24576,64
2,30.027,24576,64
2,30.027,24576,64
2,30.027,24576,64
2,30.047,24576,64
2,30.047,24576,64
2,30.03,24576,64
2,30.014,24576,64
2,30.03,24576,64
2,30.03,24576,64
2,30.026,24576,64
2,30.026,24576,64
2,30.091,24576,64
2,30.091,24576,64
2,30.035,24576,64
2,30.035,24576,64
2,30.02,24576,64
2,30.051,24576,64
2,30.033,24576,64
2,30.035,24576,64
2,30.03,24576,64
2,30.03,24576,64
2,30.042,24576,64
2,30.042,24576,64
2,30.047,24576,64
2,30.047,24576,64
2,30.032,24576,64
2,30.032,24576,64
2,30.017,24576,64
2,30.017,24576,64
2,30.043,24576,64
2,30.043,24576,64
2,30.043,24576,64
2,30.026,24576,64
2,30.032,24576,64
2,30.032,24576,64
2,30.05,24576,64
2,30.05,24576,64
2,30.079,24576,64
2,30.079,24576,64
2,30.061,24576,64
2,30.061,24576,64
2,30.571,24576,64
2,30.019,24576,64
2,30.019,24576,64
2,30.555,24576,64
2,30.537,24576,64
2,30.554,24576,64
2,30.02,24576,64
2,30.02,24576,64
2,30.021,24576,64
2,30.021,24576,64
2,30.094,24576,64
2,30.094,24576,64
2,30.05,24576,64
2,30.05,24576,64
2,30.039,24576,64
2,30.039,24576,64
2,30.027,24576,64
2,30.027,24576,64
5,29.962,8192,8192
5,29.962,8192,8192
2,30.043,24576,64
2,30.043,24576,64
2,30.035,24576,64
2,30.035,24576,64
2,30.042,24576,64
2,30.042,24576,64
2,30.45,24576,64
2,30.45,24576,64
2,30.123,24576,64
2,30.107,24576,64
2,30.035,24576,64
2,30.035,24576,64
2,30.037,24576,64
2,30.037,24576,64
2,30.035,24576,64
2,30.035,24576,64
2,30.153,24576,64
2,30.039,24576,64
2,30.054,24576,64
2,30.012,24576,64
2,30.047,24576,64
2,30.047,24576,64
2,30.031,24576,64
2,30.031,24576,64
2,30.035,24576,64
2,30.035,24576,64
2,30.028,24576,64
2,30.028,24576,64
2,30.04,24576,64
2,30.04,24576,64
2,30.087,24576,64
2,30.087,24576,64
2,30.03,24576,64
2,30.03,24576,64
2,30.07,24576,64
2,30.07,24576,64
2,30.027,24576,64
2,30.027,24576,64
2,30.039,24576,64
2,30.039,24576,64
2,30.042,24576,64
2,30.042,24576,64
2,30.043,24576,64
2,30.043,24576,64
2,30.038,24576,64
2,30.038,24576,64
2,30.029,24576,64
2,30.029,24576,64
2,30.022,24576,64
2,30.022,24576,64
2,30.04,24576,64
2,30.04,24576,64
2,30.029,24576,64
2,30.029,24576,64
2,30.042,24576,64
2,30.042,24576,64
2,30.045,24576,64
2,30.045,24576,64
2,30.025,24576,64
2,30.025,24576,64
2,30.036,24576,64
2,30.036,24576,64
2,30.028,24576,64
2,30.028,24576,64
2,30.032,24576,64
2,30.032,24576,64
2,30.034,24576,64
2,30.034,24576,64
2,30.031,24576,64
2,30.031,24576,64
2,30.034,24576,64
2,30.018,24576,64
2,30.031,24576,64
2,30.031,24576,64
2,30.02,24576,64
2,30.02,24576,64
2,30.029,24576,64
2,30.029,24576,64
2,30.077,24576,64
2,30.077,24576,64
2,30.075,24576,64
2,30.075,24576,64
2,30.027,24576,64
2,30.027,24576,64
2,30.048,24576,64
2,30.048,24576,64
2,30.033,24576,64
2,30.033,24576,64
2,30.037,24576,64
2,30.037,24576,64
2,30.03,24576,64
2,30.03,24576,64
2,30.033,24576,64
2,30.033,24576,64
2,30.041,24576,64
2,30.041,24576,64
2,30.031,24576,64
2,30.031,24576,64
2,30.031,24576,64
2,30.031,24576,64
2,30.028,24576,64
2,30.028,24576,64
2,30.032,24576,64
2,30.032,24576,64
2,30.036,24576,64
2,30.036,24576,64
2,30.036,24576,64
2,30.019,24576,64
2,30.028,24576,64
2,30.028,24576,64
2,30.043,24576,64
2,30.043,24576,64
2,30.033,24576,64
2,30.033,24576,64
2,30.027,24576,64
2,30.027,24576,64
5,29.974,8192,8192
5,29.974,8192,8192
2,30.043,24576,64
2,30.028,24576,64
2,30.057,24576,64
2,30.057,24576,64
2,30.032,24576,64
2,30.032,24576,64
5,29.966,8192,8192
5,29.966,8192,8192
2,30.028,24576,64
2,30.012,24576,64
2,30.02,24576,64
2,30.02,24576,64
2,30.053,24576,64
2,30.053,24576,64
2,30.02,24576,64
2,30.02,24576,64
2,30.079,24576,64
2,30.041,24576,64
2,30.041,24576,64
2,30.064,24576,64
2,30.11,24576,64
2,30.11,24576,64
2,30.077,24576,64
2,30.077,24576,64
2,30.03,24576,64
2,30.03,24576,64
5,29.951,8192,8192
5,29.951,8192,8192
2,30.037,24576,64
2,30.037,24576,64
2,30.021,24576,64
2,30.036,24576,64
2,30.02,24576,64
2,30.02,24576,64
2,30.036,24576,64
2,30.036,24576,64
5,29.937,8192,8192
5,29.937,8192,8192
2,30.042,24576,64
2,30.042,24576,64
2,30.031,24576,64
2,30.031,24576,64
2,30.024,24576,64
2,30.024,24576,64
2,30.036,24576,64
2,30.036,24576,64
2,30.032,24576,64
2,30.032,24576,64
2,30.024,24576,64
2,30.024,24576,64
2,30.042,24576,64
2,30.042,24576,64
2,30.039,24576,64
2,30.039,24576,64
2,30.032,24576,64
2,30.032,24576,64
1,0.014,1024,64
1,0.014,1024,64
2,30.037,24576,64
2,30.037,24576,64
2,30.032,24576,64
2,30.032,24576,64
2,30.049,24576,64
2,30.049,24576,64
2,30.118,24576,64
2,30.118,24576,64
2,30.047,24576,64
2,30.047,24576,64
2,30.042,24576,64
2,30.042,24576,64
2,30.035,24576,64
2,30.035,24576,64
2,30.034,24576,64
2,30.034,24576,64
2,30.036,24576,64
2,30.036,24576,64
2,30.034,24576,64
2,30.034,24576,64
2,30.075,24576,64
2,30.075,24576,64
2,30.067,24576,64
2,30.067,24576,64
2,30.018,24576,64
2,30.018,24576,64
2,30.037,24576,64
2,30.037,24576,64
2,30.034,24576,64
2,30.034,24576,64
2,30.026,24576,64
2,30.026,24576,64
2,30.037,24576,64
2,30.037,24576,64
2,30.05,24576,64
2,30.05,24576,64
2,30.027,24576,64
2,30.027,24576,64
2,30.042,24576,64
2,30.042,24576,64
2,30.037,24576,64
2,30.037,24576,64
2,30.031,24576,64
2,30.031,24576,64
2,30.038,24576,64
2,30.038,24576,64
2,30.044,24576,64
2,30.044,24576,64
2,30.037,24576,64
2,30.037,24576,64
2,30.026,24576,64
2,30.026,24576,64
2,30.039,24576,64
2,30.024,24576,64
2,30.021,24576,64
2,30.021,24576,64
2,30.071,24576,64
2,30.071,24576,64
2,30.037,24576,64
2,30.037,24576,64
2,30.069,24576,64
2,30.053,24576,64
2,30.04,24576,64
2,30.04,24576,64
2,30.024,24576,64
2,30.024,24576,64
2,30.043,24576,64
2,30.043,24576,64
2,30.042,24576,64
2,30.042,24576,64
2,30.038,24576,64
2,30.026,24576,64
2,30.038,24576,64
2,30.038,24576,64
2,30.043,24576,64
2,30.058,24576,64
2,30.039,24576,64
2,30.039,24576,64
2,30.059,24576,64
2,30.028,24576,64
2,30.028,24576,64
2,30.038,24576,64
2,30.038,24576,64
2,30.012,24576,64
2,30.041,24576,64
2,30.041,24576,64
2,30.04,24576,64
2,30.04,24576,64
2,30.027,24576,64
2,30.027,24576,64
2,30.033,24576,64
2,30.033,24576,64
2,30.024,24576,64
2,30.024,24576,64
2,30.036,24576,64
2,30.036,24576,64
2,30.078,24576,64
2,30.078,24576,64
2,30.046,24576,64
2,30.011,24576,64
2,30.039,24576,64
2,30.039,24576,64
2,30.028,24576,64
2,30.028,24576,64
2,30.021,24576,64
2,30.021,24576,64
2,30.031,24576,64
2,30.031,24576,64
2,30.026,24576,64
2,30.026,24576,64
2,30.033,24576,64
2,30.033,24576,64
2,30.022,24576,64
2,30.022,24576,64
5,29.94,8192,8192
5,29.937,8192,8192
2,30.038,24576,64
2,30.038,24576,64
2,30.023,24576,64
2,30.023,24576,64
2,30.025,24576,64
2,30.025,24576,64
2,30.032,24576,64
2,30.032,24576,64
2,30.048,24576,64
2,30.048,24576,64
5,29.962,8192,8192
5,29.952,8192,8192
2,30.015,24576,64
2,30.015,24576,64
2,30.042,24576,64
2,30.042,24576,64
2,30.032,24576,64
2,30.032,24576,64
5,29.954,8192,8192
5,29.954,8192,8192
2,30.026,24576,64
2,30.026,24576,64
2,30.079,24576,64
2,30.079,24576,64
2,30.042,24576,64
2,30.042,24576,64
2,30.021,24576,64
2,30.021,24576,64
2,30.034,24576,64
2,30.034,24576,64
2,30.029,24576,64
2,30.029,24576,64
2,30.081,24576,64
2,30.096,24576,64
2,30.029,24576,64
2,30.029,24576,64
2,30.012,24576,64
2,30.012,24576,64
2,30.027,24576,64
2,30.027,24576,64
2,30.032,24576,64
2,30.032,24576,64
2,30.022,24576,64
2,30.022,24576,64
5,29.94,8192,8192
5,29.94,8192,8192
2,30.025,24576,64
2,30.025,24576,64
2,30.043,24576,64
2,30.027,24576,64
2,30.04,24576,64
2,30.04,24576,64
2,30.039,24576,64
2,30.039,24576,64
2,30.03,24576,64
2,30.03,24576,64
2,30.03,24576,64
2,30.03,24576,64
2,30.031,24576,64
2,30.031,24576,64
2,30.036,24576,64
2,30.02,24576,64
2,30.042,24576,64
2,30.042,24576,64
2,30.029,24576,64
2,30.029,24576,64
2,30.049,24576,64
2,30.033,24576,64
2,30.021,24576,64
2,30.021,24576,64
2,30.033,24576,64
2,30.033,24576,64
2,30.041,24576,64
2,30.041,24576,64
2,30.025,24576,64
2,30.025,24576,64
2,30.032,24576,64
2,30.032,24576,64
5,29.955,8192,8192
5,29.955,8192,8192
2,30.127,24576,64
2,30.127,24576,64
2,30.015,24576,64
2,30.015,24576,64
2,30.413,24576,64
2,30.413,24576,64
2,30.018,24576,64
2,30.018,24576,64
2,30.024,24576,64
2,30.024,24576,64
2,30.022,24576,64
2,30.022,24576,64
2,30.033,24576,64
2,30.033,24576,64
2,30.443,24576,64
2,30.428,24576,64
2,30.019,24576,64
2,30.019,24576,64
2,30.06,24576,64
2,30.06,24576,64
5,29.961,8192,8192
5,29.961,8192,8192
2,30.036,24576,64
2,30.036,24576,64
2,30.041,24576,64
2,30.041,24576,64
2,30.02,24576,64
2,30.02,24576,64
2,30.036,24576,64
2,30.036,24576,64
2,30.031,24576,64
2,30.031,24576,64
2,30.043,24576,64
2,30.043,24576,64
2,30.022,24576,64
2,30.022,24576,64
2,30.04,24576,64
2,30.04,24576,64
2,30.032,24576,64
2,30.032,24576,64
1,0.017,1024,64
2,30.043,24576,64
2,30.027,24576,64
2,30.031,24576,64
2,30.031,24576,64
2,30.031,24576,64
2,30.031,24576,64
2,30.027,24576,64
2,30.027,24576,64
2,30.035,24576,64
2,30.035,24576,64
2,30.038,24576,64
2,30.024,24576,64
2,30.051,24576,64
2,30.035,24576,64
2,30.032,24576,64
2,30.032,24576,64
2,30.032,24576,64
2,30.032,24576,64
2,30.03,24576,64
2,30.03,24576,64
2,30.038,24576,64
2,30.038,24576,64
2,30.397,24576,64
2,30.397,24576,64
2,30.05,24576,64
2,30.034,24576,64
2,30.054,24576,64
2,30.054,24576,64
2,30.03,24576,64
2,30.03,24576,64
2,30.03,24576,64
2,30.03,24576,64
2,30.062,24576,64
2,30.046,24576,64
2,30.022,24576,64
2,30.022,24576,64
2,30.47,24576,64
2,30.47,24576,64
2,30.037,24576,64
2,30.021,24576,64
2,30.245,24576,64
2,30.245,24576,64
2,30.04,24576,64
2,30.04,24576,64
2,30.043,24576,64
2,30.043,24576,64
2,30.564,24576,64
2,30.564,24576,64
2,30.012,24576,64
2,30.012,24576,64
2,30.032,24576,64
2,30.032,24576,64
2,30.025,24576,64
2,30.01,24576,64
2,30.041,24576,64
2,30.041,24576,64
2,30.03,24576,64
2,30.03,24576,64
2,30.035,24576,64
2,30.035,24576,64
2,30.036,24576,64
2,30.036,24576,64
2,30.02,24576,64
2,30.02,24576,64
2,30.017,24576,64
2,30.017,24576,64
2,30.032,24576,64
2,30.032,24576,64
2,30.026,24576,64
2,30.026,24576,64
2,30.038,24576,64
2,30.038,24576,64
2,30.062,24576,64
2,30.062,24576,64
2,30.274,24576,64
2,30.274,24576,64
2,30.028,24576,64
2,30.028,24576,64
2,30.039,24576,64
2,30.039,24576,64
2,30.036,24576,64
2,30.036,24576,64
2,30.019,24576,64
2,30.019,24576,64
2,30.02,24576,64
2,30.02,24576,64
2,30.031,24576,64
2,30.031,24576,64
2,30.031,24576,64
2,30.031,24576,64
2,30.029,24576,64
2,30.029,24576,64
2,30.028,24576,64
2,30.028,24576,64
2,30.022,24576,64
2,30.022,24576,64
2,30.031,24576,64
2,30.031,24576,64
2,30.023,24576,64
2,30.023,24576,64
2,30.031,24576,64
2,30.031,24576,64
2,30.053,24576,64
2,30.053,24576,64
2,30.019,24576,64
2,30.019,24576,64
2,30.059,24576,64
2,30.059,24576,64
2,30.069,24576,64
2,30.069,24576,64
2,30.041,24576,64
2,30.041,24576,64
2,30.026,24576,64
2,30.026,24576,64
2,30.033,24576,64
2,30.033,24576,64
2,30.024,24576,64
2,30.024,24576,64
2,30.043,24576,64
2,30.043,24576,64
2,30.029,24576,64
2,30.029,24576,64
2,30.033,24576,64
2,30.033,24576,64
2,30.023,24576,64
2,30.023,24576,64
2,30.054,24576,64
2,30.054,24576,64
5,29.948,8192,8192
5,29.948,8192,8192
2,30.039,24576,64
2,30.039,24576,64
5,29.948,8192,8192
5,29.948,8192,8192
2,30.018,24576,64
2,30.018,24576,64
2,30.034,24576,64
2,30.034,24576,64
5,29.948,8192,8192
5,29.948,8192,8192
2,30.031,24576,64
2,30.031,24576,64
2,30.039,24576,64
2,30.039,24576,64
2,30.043,24576,64
2,30.043,24576,64
5,29.962,8192,8192
5,29.962,8192,8192
2,30.098,24576,64
2,30.066,24576,64
2,30.038,24576,64
2,30.038,24576,64
2,30.03,24576,64
2,30.03,24576,64
2,30.031,24576,64
2,30.031,24576,64
2,30.047,24576,64
2,30.047,24576,64
2,30.029,24576,64
2,30.029,24576,64
2,30.016,24576,64
2,30.016,24576,64
2,30.043,24576,64
2,30.043,24576,64
2,30.031,24576,64
2,30.031,24576,64
2,30.034,24576,64
2,30.034,24576,64
2,30.033,24576,64
2,30.033,24576,64
2,30.038,24576,64
2,30.038,24576,64
2,30.11,24576,64
2,30.11,24576,64
2,30.048,24576,64
2,30.048,24576,64
2,30.024,24576,64
2,30.024,24576,64
1,0.015,1024,64
1,0.015,1024,64
1,0.906,2048,64
1,0.095,1024,64
2,62.15,24576,64
2,63.772,24576,64
2,30.047,24576,64
2,30.047,24576,64
1,0.019,1024,64
1,0.019,1024,64
2,30.063,24576,64
2,30.063,24576,64
2,30.11,24576,64
2,30.094,24576,64
2,30.035,24576,64
2,30.019,24576,64
2,30.028,24576,64
2,30.028,24576,64
2,30.016,24576,64
2,30.016,24576,64
2,30.024,24576,64
2,30.024,24576,64
2,30.039,24576,64
2,30.039,24576,64
5,29.948,8192,8192
5,29.948,8192,8192
2,30.016,24576,64
2,30.016,24576,64
1,0.015,1024,64
1,0.015,1024,64
2,30.026,24576,64
2,30.026,24576,64
2,30.039,24576,64
2,30.039,24576,64
2,30.056,24576,64
2,30.056,24576,64
2,30.035,24576,64
2,30.035,24576,64
2,30.03,24576,64
2,30.014,24576,64
2,30.029,24576,64
2,30.029,24576,64
2,30.032,24576,64
2,30.017,24576,64
2,30.044,24576,64
2,30.044,24576,64
2,30.02,24576,64
2,30.02,24576,64
2,30.036,24576,64
2,30.036,24576,64
2,30.03,24576,64
2,30.03,24576,64
2,30.031,24576,64
2,30.031,24576,64
2,30.119,24576,64
2,30.119,24576,64
2,30.036,24576,64
2,30.036,24576,64
5,29.95,8192,8192
5,29.95,8192,8192
2,30.034,24576,64
2,30.034,24576,64
2,30.032,24576,64
2,30.032,24576,64
2,30.038,24576,64
2,30.038,24576,64
2,30.032,24576,64
2,30.032,24576,64
2,30.052,24576,64
2,30.052,24576,64
2,30.035,24576,64
2,30.035,24576,64
2,30.031,24576,64
2,30.031,24576,64
2,30.026,24576,64
2,30.041,24576,64
2,30.026,24576,64
2,30.026,24576,64
2,30.028,24576,64
2,30.043,24576,64
2,30.015,24576,64
2,30.015,24576,64
2,30.036,24576,64
2,30.02,24576,64
2,30.033,24576,64
2,30.033,24576,64
2,30.042,24576,64
2,30.042,24576,64
2,30.033,24576,64
2,30.024,24576,64
2,30.039,24576,64
2,30.039,24576,64
2,30.052,24576,64
2,30.036,24576,64
2,30.02,24576,64
2,30.02,24576,64
2,30.059,24576,64
2,30.059,24576,64
2,30.019,24576,64
2,30.019,24576,64
2,30.026,24576,64
2,30.026,24576,64
2,30.026,24576,64
2,30.026,24576,64
2,30.032,24576,64
2,30.032,24576,64
2,30.039,24576,64
2,30.039,24576,64
2,30.057,24576,64
2,30.057,24576,64
2,30.037,24576,64
2,30.037,24576,64
2,30.034,24576,64
2,30.034,24576,64
2,30.024,24576,64
2,30.024,24576,64
2,30.054,24576,64
2,30.054,24576,64
2,30.044,24576,64
2,30.044,24576,64
2,30.031,24576,64
2,30.031,24576,64
2,30.037,24576,64
2,30.037,24576,64
2,30.193,24576,64
2,30.193,24576,64
2,30.035,24576,64
2,30.035,24576,64
2,30.041,24576,64
2,30.025,24576,64
2,30.045,24576,64
2,30.025,24576,64
2,30.025,24576,64
2,30.036,24576,64
2,30.036,24576,64
2,30.029,24576,64
2,30.051,24576,64
2,30.051,24576,64
2,30.036,24576,64
2,30.036,24576,64
2,30.025,24576,64
2,30.025,24576,64
2,30.056,24576,64
2,30.061,24576,64
2,30.061,24576,64
2,30.025,24576,64
2,30.022,24576,64
2,30.022,24576,64
2,30.016,24576,64
2,30.016,24576,64
2,30.03,24576,64
2,30.03,24576,64
2,30.028,24576,64
2,30.028,24576,64
2,30.029,24576,64
2,30.029,24576,64
2,30.028,24576,64
2,30.028,24576,64
2,30.029,24576,64
2,30.029,24576,64
2,30.032,24576,64
2,30.032,24576,64
2,30.041,24576,64
2,30.041,24576,64
2,30.031,24576,64
2,30.031,24576,64
2,30.029,24576,64
2,30.029,24576,64
2,30.041,24576,64
2,30.041,24576,64
2,30.031,24576,64
2,30.031,24576,64
2,30.038,24576,64
2,30.038,24576,64
2,30.036,24576,64
2,30.036,24576,64
2,30.016,24576,64
2,30.016,24576,64
2,30.038,24576,64
2,30.038,24576,64
2,30.045,24576,64
2,30.045,24576,64
2,30.041,24576,64
2,30.041,24576,64
2,30.036,24576,64
2,30.036,24576,64
2,30.017,24576,64
2,30.017,24576,64
2,30.038,24576,64
2,30.022,24576,64
2,30.029,24576,64
2,30.029,24576,64
2,30.041,24576,64
2,30.041,24576,64
2,30.019,24576,64
2,30.019,24576,64
2,30.014,24576,64
2,30.014,24576,64
2,30.033,24576,64
2,30.017,24576,64
2,30.022,24576,64
2,30.022,24576,64
2,30.017,24576,64
2,30.017,24576,64
2,30.024,24576,64
2,30.024,24576,64
2,30.029,24576,64
2,30.029,24576,64
2,30.022,24576,64
2,30.022,24576,64
2,30.037,24576,64
2,30.037,24576,64
2,30.034,24576,64
2,30.034,24576,64
2,30.031,24576,64
2,30.031,24576,64
2,30.022,24576,64
2,30.022,24576,64
2,30.03,24576,64
2,30.03,24576,64
2,30.035,24576,64
2,30.035,24576,64
2,30.019,24576,64
2,30.019,24576,64
2,30.019,24576,64
2,30.019,24576,64
2,30.031,24576,64
2,30.031,24576,64
2,30.042,24576,64
2,30.042,24576,64
2,30.041,24576,64
2,30.041,24576,64
2,30.022,24576,64
2,30.022,24576,64
2,30.027,24576,64
2,30.011,24576,64
2,30.044,24576,64
2,30.044,24576,64
2,30.035,24576,64
2,30.035,24576,64
2,30.07,24576,64
2,30.07,24576,64
2,30.023,24576,64
2,30.023,24576,64
2,30.02,24576,64
2,30.02,24576,64
2,30.033,24576,64
2,30.033,24576,64
2,30.035,24576,64
2,30.019,24576,64
2,30.022,24576,64
2,30.022,24576,64
2,30.046,24576,64
2,30.046,24576,64
2,30.045,24576,64
2,30.045,24576,64
2,30.05,24576,64
2,30.05,24576,64
2,30.024,24576,64
2,30.024,24576,64
2,30.039,24576,64
2,30.039,24576,64
5,29.96,8192,8192
5,29.96,8192,8192
2,30.017,24576,64
2,30.017,24576,64
2,30.155,24576,64
2,30.155,24576,64
2,30.019,24576,64
2,30.019,24576,64
2,30.033,24576,64
2,30.033,24576,64
2,30.028,24576,64
2,30.028,24576,64
2,30.031,24576,64
2,30.031,24576,64
2,30.029,24576,64
2,30.029,24576,64
2,30.022,24576,64
2,30.022,24576,64
2,30.032,24576,64
2,30.032,24576,64
2,30.026,24576,64
2,30.026,24576,64
2,30.035,24576,64
2,30.035,24576,64
2,30.028,24576,64
2,30.028,24576,64
2,30.038,24576,64
2,30.038,24576,64
2,30.043,24576,64
2,30.043,24576,64
2,30.041,24576,64
2,30.041,24576,64
2,30.033,24576,64
2,30.033,24576,64
2,30.033,24576,64
2,30.033,24576,64
2,30.034,24576,64
2,30.034,24576,64
5,29.945,8192,8192
5,29.945,8192,8192
5,29.963,8192,8192
5,29.963,8192,8192
2,30.049,24576,64
2,30.049,24576,64
2,30.034,24576,64
2,30.034,24576,64
2,30.043,24576,64
2,30.043,24576,64
2,30.051,24576,64
2,30.047,24576,64
2,30.064,24576,64
2,30.064,24576,64
2,30.028,24576,64
2,30.028,24576,64
2,30.043,24576,64
2,30.043,24576,64
2,30.03,24576,64
2,30.03,24576,64
2,30.017,24576,64
2,30.017,24576,64
2,30.029,24576,64
2,30.029,24576,64
2,30.03,24576,64
2,30.03,24576,64
5,29.966,8192,8192
5,29.966,8192,8192
2,30.09,24576,64
2,30.09,24576,64
2,30.046,24576,64
2,30.046,24576,64
2,30.021,24576,64
2,30.021,24576,64
2,30.018,24576,64
2,30.018,24576,64
2,30.036,24576,64
2,30.036,24576,64
2,30.037,24576,64
2,30.037,24576,64
2,30.045,24576,64
2,30.029,24576,64
2,30.023,24576,64
2,30.007,24576,64
2,30.031,24576,64
2,30.031,24576,64
2,30.043,24576,64
2,30.043,24576,64
2,30.065,24576,64
2,30.049,24576,64
2,30.061,24576,64
2,30.061,24576,64
2,30.022,24576,64
2,30.022,24576,64
2,30.028,24576,64
2,30.028,24576,64
2,30.055,24576,64
2,30.055,24576,64
2,30.023,24576,64
2,30.023,24576,64
2,30.021,24576,64
2,30.021,24576,64
2,30.021,24576,64
2,30.021,24576,64
2,30.063,24576,64
2,30.044,24576,64
2,30.038,24576,64
2,30.022,24576,64
2,30.035,24576,64
2,30.035,24576,64
2,30.034,24576,64
2,30.034,24576,64
2,30.034,24576,64
2,30.034,24576,64
2,30.03,24576,64
2,30.03,24576,64
2,30.037,24576,64
2,30.021,24576,64
2,30.033,24576,64
2,30.033,24576,64
2,30.039,24576,64
2,30.039,24576,64
2,30.086,24576,64
2,30.016,24576,64
2,30.016,24576,64
2,30.023,24576,64
2,30.043,24576,64
2,30.043,24576,64
2,30.043,24576,64
2,30.027,24576,64
2,30.022,24576,64
2,30.022,24576,64
2,30.048,24576,64
2,30.048,24576,64
2,30.039,24576,64
2,30.039,24576,64
2,30.052,24576,64
2,30.052,24576,64
2,30.037,24576,64
2,30.037,24576,64
2,30.024,24576,64
2,30.024,24576,64
2,30.02,24576,64
2,30.02,24576,64
2,30.047,24576,64
2,30.032,24576,64
2,30.025,24576,64
2,30.025,24576,64
2,30.027,24576,64
2,30.027,24576,64
2,30.067,24576,64
2,30.067,24576,64
2,30.031,24576,64
2,30.031,24576,64
2,30.039,24576,64
2,30.039,24576,64
2,30.036,24576,64
2,30.036,24576,64
2,30.041,24576,64
2,30.041,24576,64
2,30.022,24576,64
2,30.022,24576,64
2,30.058,24576,64
2,30.058,24576,64
2,30.048,24576,64
2,30.033,24576,64
2,30.025,24576,64
2,30.025,24576,64
5,29.95,8192,8192
5,29.95,8192,8192
2,30.043,24576,64
2,30.043,24576,64
2,30.038,24576,64
2,30.038,24576,64
2,30.038,24576,64
2,30.038,24576,64
2,30.033,24576,64
2,30.033,24576,64
2,30.018,24576,64
2,30.018,24576,64
2,30.041,24576,64
2,30.026,24576,64
2,30.023,24576,64
2,30.023,24576,64
2,30.024,24576,64
2,30.024,24576,64
2,30.041,24576,64
2,30.041,24576,64
2,30.035,24576,64
2,30.035,24576,64
2,30.053,24576,64
2,30.053,24576,64
2,30.039,24576,64
2,30.039,24576,64
2,30.023,24576,64
2,30.023,24576,64
2,30.04,24576,64
2,30.04,24576,64
2,30.038,24576,64
2,30.038,24576,64
2,30.054,24576,64
2,30.038,24576,64
2,30.038,24576,64
2,30.038,24576,64
2,30.029,24576,64
2,30.029,24576,64
2,30.048,24576,64
2,30.048,24576,64
2,30.025,24576,64
2,30.025,24576,64
2,30.027,24576,64
2,30.027,24576,64
2,30.032,24576,64
2,30.032,24576,64
2,30.045,24576,64
2,30.045,24576,64
2,30.025,24576,64
2,30.025,24576,64
2,30.028,24576,64
2,30.028,24576,64
2,30.035,24576,64
2,30.041,24576,64
2,30.041,24576,64
2,30.02,24576,64
2,30.098,24576,64
2,30.098,24576,64
2,30.027,24576,64
2,30.027,24576,64
2,30.031,24576,64
2,30.031,24576,64
2,30.037,24576,64
2,30.037,24576,64
2,30.054,24576,64
2,30.038,24576,64
5,29.945,8192,8192
5,29.945,8192,8192
2,30.037,24576,64
2,30.037,24576,64
2,30.023,24576,64
2,30.023,24576,64
2,30.038,24576,64
2,30.038,24576,64
5,29.96,8192,8192
5,29.945,8192,8192
2,30.029,24576,64
2,30.029,24576,64
2,30.036,24576,64
2,30.036,24576,64
2,30.026,24576,64
2,30.026,24576,64
2,30.048,24576,64
2,30.048,24576,64
2,30.058,24576,64
2,30.024,24576,64
2,30.019,24576,64
2,30.019,24576,64
2,30.019,24576,64
2,30.019,24576,64
2,30.019,24576,64
2,30.019,24576,64
2,30.019,24576,64
2,30.019,24576,64
2,30.021,24576,64
2,30.021,24576,64
2,30.032,24576,64
2,30.032,24576,64
2,30.069,24576,64
2,30.069,24576,64
5,29.943,8192,8192
5,29.943,8192,8192
2,30.048,24576,64
2,30.048,24576,64
2,30.043,24576,64
2,30.043,24576,64
2,30.038,24576,64
2,30.038,24576,64
2,30.03,24576,64
2,30.03,24576,64
2,30.025,24576,64
2,30.025,24576,64
2,30.027,24576,64
2,30.027,24576,64
2,30.038,24576,64
2,30.038,24576,64
2,30.037,24576,64
2,30.037,24576,64
2,30.034,24576,64
2,30.034,24576,64
2,30.029,24576,64
2,30.029,24576,64
2,30.045,24576,64
2,30.045,24576,64
2,30.024,24576,64
2,30.024,24576,64
2,30.016,24576,64
2,30.016,24576,64
2,30.058,24576,64
2,30.058,24576,64
2,30.041,24576,64
2,30.025,24576,64
2,30.038,24576,64
2,30.038,24576,64
2,30.041,24576,64
2,30.041,24576,64
2,30.025,24576,64
2,30.025,24576,64
5,29.952,8192,8192
5,29.952,8192,8192
2,30.028,24576,64
2,30.028,24576,64
2,30.028,24576,64
2,30.028,24576,64
2,30.027,24576,64
2,30.027,24576,64
2,30.014,24576,64
2,30.014,24576,64
2,30.036,24576,64
2,30.036,24576,64
2,30.038,24576,64
2,30.038,24576,64
2,30.028,24576,64
2,30.028,24576,64
2,30.037,24576,64
2,30.04,24576,64
2,30.04,24576,64
2,30.022,24576,64
2,30.032,24576,64
2,30.032,24576,64
2,30.032,24576,64
2,30.032,24576,64
2,30.037,24576,64
2,30.037,24576,64
2,30.03,24576,64
2,30.03,24576,64
2,30.025,24576,64
2,30.025,24576,64
5,29.968,8192,8192
5,29.968,8192,8192
2,30.037,24576,64
2,30.037,24576,64
2,30.041,24576,64
2,30.041,24576,64
2,30.036,24576,64
2,30.036,24576,64
2,30.027,24576,64
2,30.027,24576,64
2,30.024,24576,64
2,30.024,24576,64
2,30.048,24576,64
2,30.048,24576,64
2,30.043,24576,64
2,30.043,24576,64
2,30.027,24576,64
2,30.027,24576,64
2,30.041,24576,64
2,30.025,24576,64
2,30.031,24576,64
2,30.031,24576,64
2,30.033,24576,64
2,30.033,24576,64
2,30.043,24576,64
2,30.043,24576,64
2,30.034,24576,64
2,30.019,24576,64
2,30.028,24576,64
2,30.028,24576,64
5,29.952,8192,8192
5,29.952,8192,8192
2,30.028,24576,64
2,30.028,24576,64
2,30.028,24576,64
2,30.028,24576,64
2,30.044,24576,64
2,30.044,24576,64
2,30.034,24576,64
2,30.034,24576,64
2,30.021,24576,64
2,30.021,24576,64
2,30.044,24576,64
2,30.044,24576,64
2,30.023,24576,64
2,30.023,24576,64
2,30.04,24576,64
2,30.04,24576,64
2,30.021,24576,64
2,30.021,24576,64
2,30.027,24576,64
2,30.027,24576,64
2,30.036,24576,64
2,30.036,24576,64
2,30.106,24576,64
2,30.106,24576,64
2,30.031,24576,64
2,30.031,24576,64
2,30.036,24576,64
2,30.036,24576,64
2,30.029,24576,64
2,30.029,24576,64
2,30.09,24576,64
2,30.09,24576,64
2,30.028,24576,64
2,30.028,24576,64
2,30.029,24576,64
2,30.029,24576,64
2,30.032,24576,64
2,30.032,24576,64
2,30.027,24576,64
2,30.027,24576,64
2,30.032,24576,64
2,30.032,24576,64
2,30.033,24576,64
2,30.033,24576,64
2,30.032,24576,64
2,30.032,24576,64
2,30.054,24576,64
2,30.054,24576,64
2,30.031,24576,64
2,30.031,24576,64
2,30.05,24576,64
2,30.05,24576,64
2,30.033,24576,64
2,30.033,24576,64
2,30.043,24576,64
2,30.058,24576,64
2,30.025,24576,64
2,30.025,24576,64
2,30.027,24576,64
2,30.027,24576,64
2,30.043,24576,64
2,30.043,24576,64
2,30.026,24576,64
2,30.026,24576,64
2,30.04,24576,64
2,30.04,24576,64
2,30.047,24576,64
2,30.047,24576,64
2,30.146,24576,64
2,30.129,24576,64
2,30.027,24576,64
2,30.027,24576,64
2,30.041,24576,64
2,30.041,24576,64
2,30.017,24576,64
2,30.017,24576,64
2,30.073,24576,64
2,30.058,24576,64
2,30.043,24576,64
2,30.043,24576,64
2,30.047,24576,64
2,30.031,24576,64
2,30.025,24576,64
2,30.025,24576,64
2,30.042,24576,64
2,30.042,24576,64
2,30.1,24576,64
2,30.052,24576,64
2,30.037,24576,64
2,30.065,24576,64
2,30.035,24576,64
2,30.049,24576,64
2,30.048,24576,64
2,30.03,24576,64
2,30.048,24576,64
2,30.048,24576,64
2,30.024,24576,64
2,30.024,24576,64
2,30.056,24576,64
2,30.037,24576,64
2,30.026,24576,64
2,30.026,24576,64
2,30.028,24576,64
2,30.028,24576,64
2,30.049,24576,64
2,30.049,24576,64
2,30.039,24576,64
2,30.039,24576,64
2,30.034,24576,64
2,30.034,24576,64
2,30.041,24576,64
2,30.041,24576,64
2,30.034,24576,64
2,30.034,24576,64
2,30.052,24576,64
2,30.052,24576,64
2,30.034,24576,64
2,30.034,24576,64
2,30.057,24576,64
2,30.057,24576,64
2,30.03,24576,64
2,30.03,24576,64
2,30.033,24576,64
2,30.033,24576,64
2,30.039,24576,64
2,30.039,24576,64
2,30.044,24576,64
2,30.029,24576,64
2,30.023,24576,64
2,30.023,24576,64
2,30.044,24576,64
2,30.044,24576,64
2,30.027,24576,64
2,30.027,24576,64
2,30.03,24576,64
2,30.03,24576,64
2,30.049,24576,64
2,30.03,24576,64
5,29.955,8192,8192
5,29.955,8192,8192
2,30.03,24576,64
2,30.03,24576,64
2,30.03,24576,64
2,30.03,24576,64
2,30.09,24576,64
2,30.09,24576,64
2,30.048,24576,64
2,30.03,24576,64
2,30.035,24576,64
2,30.035,24576,64
2,30.042,24576,64
2,30.042,24576,64
2,30.014,24576,64
2,30.014,24576,64
2,30.03,24576,64
2,30.03,24576,64
2,30.18,24576,64
2,30.18,24576,64
2,30.021,24576,64
2,30.021,24576,64
2,30.026,24576,64
2,30.026,24576,64
2,30.02,24576,64
2,30.02,24576,64
2,30.017,24576,64
2,30.017,24576,64
2,30.045,24576,64
2,30.045,24576,64
2,30.057,24576,64
2,30.041,24576,64
2,30.024,24576,64
2,30.024,24576,64
2,30.021,24576,64
2,30.021,24576,64
2,30.034,24576,64
2,30.034,24576,64
2,30.018,24576,64
2,30.018,24576,64
2,30.024,24576,64
2,30.024,24576,64
2,30.034,24576,64
2,30.034,24576,64
5,29.95,8192,8192
5,29.95,8192,8192
2,30.04,24576,64
2,30.04,24576,64
2,30.018,24576,64
2,30.018,24576,64
2,30.032,24576,64
2,30.032,24576,64
2,30.05,24576,64
2,30.034,24576,64
2,30.033,24576,64
2,30.033,24576,64
2,30.03,24576,64
2,30.03,24576,64
2,30.077,24576,64
2,30.092,24576,64
5,29.95,8192,8192
5,29.95,8192,8192
2,30.035,24576,64
2,30.035,24576,64
2,30.03,24576,64
2,30.03,24576,64
2,30.038,24576,64
2,30.022,24576,64
5,29.95,8192,8192
5,29.95,8192,8192
2,30.028,24576,64
2,30.028,24576,64
2,30.04,24576,64
2,30.04,24576,64
2,30.037,24576,64
2,30.037,24576,64
2,30.036,24576,64
2,30.036,24576,64
2,30.03,24576,64
2,30.03,24576,64
2,30.016,24576,64
2,30.016,24576,64
2,30.03,24576,64
2,30.03,24576,64
2,30.048,24576,64
2,30.048,24576,64
2,30.048,24576,64
2,30.048,24576,64
2,30.018,24576,64
2,30.018,24576,64
2,30.03,24576,64
2,30.03,24576,64
2,30.031,24576,64
2,30.015,24576,64
2,30.023,24576,64
2,30.038,24576,64
2,30.016,24576,64
2,30.016,24576,64
2,30.03,24576,64
2,30.03,24576,64
2,30.021,24576,64
2,30.021,24576,64
2,30.036,24576,64
2,30.036,24576,64
2,30.036,24576,64
2,30.019,24576,64
2,30.016,24576,64
2,30.016,24576,64
2,30.017,24576,64
2,30.017,24576,64
2,30.026,24576,64
2,30.026,24576,64
2,30.024,24576,64
2,30.024,24576,64
2,30.015,24576,64
2,30.015,24576,64
2,30.026,24576,64
2,30.026,24576,64
2,30.029,24576,64
2,30.029,24576,64
2,30.019,24576,64
2,30.019,24576,64
2,30.022,24576,64
2,30.022,24576,64
2,30.039,24576,64
2,30.039,24576,64
2,30.035,24576,64
2,30.035,24576,64
2,30.078,24576,64
2,30.078,24576,64
2,30.037,24576,64
2,30.037,24576,64
2,30.03,24576,64
2,30.03,24576,64
2,30.037,24576,64
2,30.037,24576,64
2,30.033,24576,64
2,30.033,24576,64
2,30.047,24576,64
2,30.047,24576,64
2,30.029,24576,64
2,30.029,24576,64
2,30.052,24576,64
2,30.052,24576,64
2,30.037,24576,64
2,30.037,24576,64
2,30.088,24576,64
2,30.088,24576,64
2,30.046,24576,64
2,30.046,24576,64
2,30.022,24576,64
2,30.022,24576,64
2,30.022,24576,64
2,30.022,24576,64
2,30.016,24576,64
2,30.016,24576,64
2,30.027,24576,64
2,30.012,24576,64
2,30.034,24576,64
2,30.034,24576,64
2,30.052,24576,64
2,30.052,24576,64
2,30.054,24576,64
2,30.054,24576,64
2,30.047,24576,64
2,30.047,24576,64
2,30.055,24576,64
2,30.038,24576,64
2,30.038,24576,64
2,30.04,24576,64
2,30.025,24576,64
2,30.025,24576,64
5,29.971,8192,8192
5,29.954,8192,8192
1,0.015,1024,64
1,0.015,1024,64
2,30.041,24576,64
2,30.041,24576,64
2,30.035,24576,64
2,30.035,24576,64
2,30.022,24576,64
2,30.022,24576,64
2,30.026,24576,64
2,30.026,24576,64
2,30.04,24576,64
2,30.04,24576,64
2,30.04,24576,64
2,30.04,24576,64
2,30.026,24576,64
2,30.026,24576,64
2,30.021,24576,64
2,30.021,24576,64
2,30.017,24576,64
2,30.017,24576,64
2,30.031,24576,64
2,30.031,24576,64
2,30.019,24576,64
2,30.019,24576,64
2,30.023,24576,64
2,30.023,24576,64
2,30.031,24576,64
2,30.031,24576,64
2,30.054,24576,64
2,30.054,24576,64
2,30.049,24576,64
2,30.049,24576,64
2,30.031,24576,64
2,30.016,24576,64
2,30.021,24576,64
2,30.021,24576,64
2,30.017,24576,64
2,30.017,24576,64
2,30.03,24576,64
2,30.03,24576,64
2,30.024,24576,64
2,30.024,24576,64
2,30.043,24576,64
2,30.043,24576,64
2,30.028,24576,64
2,30.028,24576,64
2,30.025,24576,64
2,30.025,24576,64
2,30.091,24576,64
2,30.091,24576,64
2,30.038,24576,64
2,30.038,24576,64
2,30.036,24576,64
2,30.036,24576,64
2,30.016,24576,64
2,30.016,24576,64
2,30.036,24576,64
2,30.028,24576,64
2,30.028,24576,64
2,30.02,24576,64
2,30.037,24576,64
2,30.037,24576,64
2,30.02,24576,64
2,30.02,24576,64
2,30.025,24576,64
2,30.025,24576,64
2,30.096,24576,64
2,30.096,24576,64
2,30.033,24576,64
5,29.955,8192,8192
5,29.955,8192,8192
2,30.036,24576,64
2,30.036,24576,64
2,30.018,24576,64
2,30.026,24576,64
2,30.026,24576,64
2,30.033,24576,64
2,30.033,24576,64
2,30.021,24576,64
2,30.021,24576,64
2,30.028,24576,64
2,30.028,24576,64
2,30.036,24576,64
2,30.036,24576,64
2,30.036,24576,64
2,30.021,24576,64
2,30.038,24576,64
2,30.038,24576,64
2,30.039,24576,64
2,30.039,24576,64
2,30.026,24576,64
2,30.026,24576,64
2,30.022,24576,64
2,30.022,24576,64
2,30.027,24576,64
2,30.027,24576,64
2,30.038,24576,64
2,30.038,24576,64
2,30.025,24576,64
2,30.025,24576,64
2,30.027,24576,64
2,30.027,24576,64
2,30.026,24576,64
2,30.026,24576,64
2,30.022,24576,64
2,30.022,24576,64
2,30.027,24576,64
2,30.027,24576,64
2,30.051,24576,64
2,30.051,24576,64
2,30.021,24576,64
2,30.021,24576,64
2,30.028,24576,64
2,30.028,24576,64
2,30.057,24576,64
2,30.057,24576,64
2,30.038,24576,64
2,30.038,24576,64
2,30.033,24576,64
2,30.033,24576,64
2,30.02,24576,64
2,30.02,24576,64
2,30.047,24576,64
2,30.047,24576,64
2,30.057,24576,64
2,30.025,24576,64
2,30.025,24576,64
2,30.032,24576,64
2,30.032,24576,64
2,30.039,24576,64
2,30.029,24576,64
2,30.029,24576,64
2,30.03,24576,64
2,30.03,24576,64
2,30.036,24576,64
2,30.036,24576,64
2,30.035,24576,64
2,30.035,24576,64
2,30.082,24576,64
2,30.082,24576,64
2,30.023,24576,64
2,30.023,24576,64
2,30.031,24576,64
2,30.031,24576,64
2,30.034,24576,64
2,30.034,24576,64
2,30.041,24576,64
2,30.041,24576,64
2,30.021,24576,64
2,30.021,24576,64
2,30.056,24576,64
2,30.056,24576,64
2,30.034,24576,64
2,30.034,24576,64
2,30.036,24576,64
2,30.036,24576,64
2,30.058,24576,64
2,30.025,24576,64
2,30.025,24576,64
2,30.033,24576,64
2,30.033,24576,64
2,30.026,24576,64
2,30.03,24576,64
2,30.03,24576,64
2,30.027,24576,64
2,30.027,24576,64
2,30.06,24576,64
2,30.06,24576,64
2,30.028,24576,64
2,30.028,24576,64
2,30.042,24576,64
2,30.042,24576,64
2,30.033,24576,64
2,30.033,24576,64
2,30.027,24576,64
2,30.027,24576,64
2,30.038,24576,64
2,30.038,24576,64
2,30.027,24576,64
2,30.027,24576,64
2,30.036,24576,64
2,30.036,24576,64
2,30.014,24576,64
2,30.014,24576,64
2,30.017,24576,64
2,30.017,24576,64
2,30.104,24576,64
2,30.104,24576,64
2,30.021,24576,64
2,30.021,24576,64
2,30.033,24576,64
2,30.033,24576,64
2,30.028,24576,64
2,30.028,24576,64
2,30.027,24576,64
2,30.027,24576,64
2,30.047,24576,64
2,30.015,24576,64
2,30.021,24576,64
2,30.021,24576,64
2,30.052,24576,64
2,30.052,24576,64
2,30.043,24576,64
2,30.043,24576,64
2,30.031,24576,64
2,30.016,24576,64
2,30.039,24576,64
2,30.02,24576,64
2,30.038,24576,64
2,30.038,24576,64
2,30.018,24576,64
2,30.018,24576,64
2,30.02,24576,64
2,30.02,24576,64
2,30.042,24576,64
2,30.042,24576,64
2,30.021,24576,64
2,30.021,24576,64
2,30.029,24576,64
2,30.029,24576,64
2,30.029,24576,64
2,30.029,24576,64
2,30.033,24576,64
2,30.033,24576,64
2,30.02,24576,64
2,30.02,24576,64
2,30.037,24576,64
2,30.037,24576,64
2,30.028,24576,64
2,30.028,24576,64
2,30.035,24576,64
2,30.035,24576,64
2,30.029,24576,64
2,30.029,24576,64
2,30.025,24576,64
2,30.025,24576,64
2,30.038,24576,64
2,30.04,24576,64
2,30.04,24576,64
2,30.023,24576,64
2,30.037,24576,64
2,30.037,24576,64
2,30.037,24576,64
2,30.037,24576,64
5,29.964,8192,8192
5,29.949,8192,8192
2,30.018,24576,64
2,30.018,24576,64
2,30.032,24576,64
2,30.032,24576,64
2,30.021,24576,64
2,30.021,24576,64
5,29.949,8192,8192
5,29.949,8192,8192
2,30.037,24576,64
2,30.037,24576,64
2,30.031,24576,64
2,30.031,24576,64
2,30.034,24576,64
2,30.034,24576,64
2,30.024,24576,64
2,30.024,24576,64
2,30.042,24576,64
2,30.042,24576,64
2,30.023,24576,64
2,30.023,24576,64
2,30.086,24576,64
2,30.086,24576,64
2,30.02,24576,64
2,30.02,24576,64
5,29.949,8192,8192
5,29.949,8192,8192
2,30.059,24576,64
2,30.043,24576,64
2,30.042,24576,64
2,30.037,24576,64
2,30.037,24576,64
2,30.03,24576,64
2,30.03,24576,64
2,30.032,24576,64
2,30.032,24576,64
2,30.026,24576,64
2,30.034,24576,64
2,30.034,24576,64
2,30.019,24576,64
2,30.019,24576,64
2,30.027,24576,64
2,30.027,24576,64
2,30.021,24576,64
2,30.021,24576,64
2,30.039,24576,64
2,30.039,24576,64
2,30.034,24576,64
2,30.034,24576,64
5,29.962,8192,8192
5,29.962,8192,8192
2,30.023,24576,64
2,30.023,24576,64
2,30.028,24576,64
2,30.028,24576,64
2,30.021,24576,64
2,30.021,24576,64
2,30.046,24576,64
2,30.036,24576,64
2,30.036,24576,64
2,30.03,24576,64
5,29.965,8192,8192
5,29.965,8192,8192
2,30.056,24576,64
2,30.056,24576,64
2,30.035,24576,64
2,30.035,24576,64
2,30.035,24576,64
2,30.02,24576,64
2,30.027,24576,64
2,30.027,24576,64
2,30.044,24576,64
2,30.044,24576,64
2,30.028,24576,64
2,30.028,24576,64
2,30.049,24576,64
2,30.049,24576,64
2,30.017,24576,64
2,30.017,24576,64
2,30.038,24576,64
2,30.038,24576,64
2,30.039,24576,64
2,30.039,24576,64
2,30.028,24576,64
2,30.028,24576,64
2,30.029,24576,64
2,30.013,24576,64
2,30.026,24576,64
2,30.026,24576,64
2,30.051,24576,64
2,30.051,24576,64
2,30.078,24576,64
2,30.078,24576,64
2,30.036,24576,64
2,30.036,24576,64
2,30.037,24576,64
2,30.037,24576,64
2,30.013,24576,64
2,30.013,24576,64
2,30.038,24576,64
2,30.038,24576,64
2,30.037,24576,64
2,30.037,24576,64
2,30.013,24576,64
2,30.013,24576,64
2,30.026,24576,64
2,30.026,24576,64
2,30.018,24576,64
2,30.018,24576,64
2,30.038,24576,64
2,30.038,24576,64
2,30.058,24576,64
2,30.058,24576,64
2,30.029,24576,64
2,30.029,24576,64
2,30.019,24576,64
2,30.019,24576,64
2,30.057,24576,64
2,30.057,24576,64
2,30.031,24576,64
2,30.031,24576,64
2,30.021,24576,64
2,30.021,24576,64
2,30.022,24576,64
2,30.022,24576,64
2,30.033,24576,64
2,30.033,24576,64
2,30.116,24576,64
2,30.084,24576,64
2,30.339,24576,64
2,30.339,24576,64
2,30.054,24576,64
2,30.054,24576,64
2,30.024,24576,64
2,30.024,24576,64
5,29.958,8192,8192
5,29.958,8192,8192
2,30.02,24576,64
2,30.02,24576,64
2,30.06,24576,64
2,30.06,24576,64
2,30.033,24576,64
2,30.033,24576,64
2,30.047,24576,64
2,30.031,24576,64
2,30.024,24576,64
2,30.024,24576,64
2,30.052,24576,64
2,30.021,24576,64
2,30.044,24576,64
2,30.029,24576,64
2,30.019,24576,64
2,30.019,24576,64
2,30.038,24576,64
2,30.038,24576,64
2,30.031,24576,64
2,30.031,24576,64
2,30.052,24576,64
2,30.052,24576,64
2,30.023,24576,64
2,30.023,24576,64
2,30.023,24576,64
2,30.023,24576,64
2,30.023,24576,64
2,30.023,24576,64
2,30.036,24576,64
2,30.036,24576,64
2,30.047,24576,64
2,30.03,24576,64
2,30.038,24576,64
2,30.023,24576,64
2,30.023,24576,64
2,30.023,24576,64
2,30.023,24576,64
2,30.023,24576,64
2,30.022,24576,64
2,30.022,24576,64
2,30.019,24576,64
2,30.019,24576,64
2,30.016,24576,64
2,30.016,24576,64
2,30.036,24576,64
2,30.036,24576,64
2,30.027,24576,64
2,30.027,24576,64
2,30.032,24576,64
2,30.032,24576,64
5,29.965,8192,8192
2,30.029,24576,64
2,30.029,24576,64
5,29.95,8192,8192
2,30.023,24576,64
2,30.023,24576,64
2,30.185,24576,64
2,30.185,24576,64
2,30.032,24576,64
2,30.032,24576,64
2,30.152,24576,64
2,30.152,24576,64
2,30.023,24576,64
2,30.023,24576,64
2,30.029,24576,64
2,30.029,24576,64
2,30.027,24576,64
2,30.027,24576,64
2,30.03,24576,64
2,30.03,24576,64
2,30.019,24576,64
2,30.019,24576,64
2,30.019,24576,64
2,30.019,24576,64
2,30.016,24576,64
2,30.016,24576,64
2,30.029,24576,64
2,30.029,24576,64
2,30.036,24576,64
2,30.036,24576,64
2,30.057,24576,64
2,30.057,24576,64
2,30.027,24576,64
2,30.027,24576,64
2,30.027,24576,64
2,30.027,24576,64
2,30.035,24576,64
2,30.035,24576,64
5,29.962,8192,8192
5,29.962,8192,8192
2,30.027,24576,64
2,30.027,24576,64
2,30.036,24576,64
2,30.036,24576,64
2,30.05,24576,64
2,30.05,24576,64
2,30.037,24576,64
2,30.037,24576,64
2,30.036,24576,64
2,30.036,24576,64
2,30.031,24576,64
2,30.031,24576,64
2,30.022,24576,64
2,30.022,24576,64
2,30.117,24576,64
2,30.117,24576,64
1,0.013,1024,64
2,30.041,24576,64
2,30.026,24576,64
2,30.021,24576,64
2,30.021,24576,64
2,30.017,24576,64
2,30.017,24576,64
2,30.039,24576,64
2,30.039,24576,64
2,30.039,24576,64
2,30.039,24576,64
2,30.053,24576,64
2,30.053,24576,64
2,30.019,24576,64
2,30.019,24576,64
2,30.032,24576,64
2,30.032,24576,64
2,30.064,24576,64
2,30.064,24576,64
2,30.019,24576,64
2,30.019,24576,64
2,30.068,24576,64
2,30.068,24576,64
2,30.08,24576,64
2,30.08,24576,64
2,30.03,24576,64
2,30.03,24576,64
2,30.02,24576,64
2,30.02,24576,64
2,30.047,24576,64
2,30.047,24576,64
2,30.034,24576,64
2,30.034,24576,64
2,30.046,24576,64
2,30.046,24576,64
2,30.032,24576,64
2,30.032,24576,64
2,30.015,24576,64
2,30.015,24576,64
2,30.03,24576,64
2,30.03,24576,64
1,0.012,1024,64
2,30.033,24576,64
2,30.033,24576,64
2,30.065,24576,64
2,30.065,24576,64
5,29.957,8192,8192
5,29.957,8192,8192
2,30.046,24576,64
2,30.046,24576,64
1,0.012,1024,64
1,0.016,1024,64
2,30.047,24576,64
2,30.031,24576,64
2,30.027,24576,64
2,30.027,24576,64
2,30.03,24576,64
2,30.03,24576,64
2,30.031,24576,64
2,30.031,24576,64
1,0.017,1024,64
2,30.049,24576,64
2,30.049,24576,64
2,30.059,24576,64
2,30.059,24576,64
2,30.041,24576,64
2,30.041,24576,64
2,30.03,24576,64
2,30.03,24576,64
2,30.034,24576,64
2,30.034,24576,64
5,29.973,8192,8192
5,29.957,8192,8192
1,0.014,1024,64
2,30.045,24576,64
2,30.029,24576,64
1,0.014,1024,64
2,30.022,24576,64
2,30.022,24576,64
5,29.957,8192,8192
5,29.957,8192,8192
1,0.013,1024,64
2,30.037,24576,64
2,30.037,24576,64
2,30.023,24576,64
2,30.023,24576,64
2,30.049,24576,64
2,30.049,24576,64
2,30.035,24576,64
2,30.035,24576,64
1,0.013,1024,64
2,30.032,24576,64
2,30.032,24576,64
2,30.016,24576,64
2,30.016,24576,64
1,0.019,1024,64
2,30.03,24576,64
2,30.03,24576,64
1,0.012,1024,64
2,30.021,24576,64
2,30.021,24576,64
2,30.035,24576,64
2,30.035,24576,64
1,0.012,1024,64
2,30.03,24576,64
2,30.03,24576,64
2,30.022,24576,64
2,30.022,24576,64
1,0.012,1024,64
2,30.04,24576,64
2,30.04,24576,64
2,30.037,24576,64
2,30.021,24576,64
1,0.013,1024,64
2,30.028,24576,64
2,30.028,24576,64
2,30.108,24576,64
1,0.028,1024,64
2,30.045,24576,64
2,30.015,24576,64
2,30.015,24576,64
2,30.027,24576,64
2,30.027,24576,64
2,30.042,24576,64
2,30.042,24576,64
2,30.026,24576,64
2,30.026,24576,64
2,30.025,24576,64
2,30.025,24576,64
2,30.026,24576,64
2,30.026,24576,64
2,30.035,24576,64
2,30.017,24576,64
2,30.037,24576,64
2,30.037,24576,64
2,30.026,24576,64
2,30.026,24576,64
2,30.033,24576,64
2,30.033,24576,64
2,30.027,24576,64
2,30.027,24576,64
2,30.063,24576,64
2,30.063,24576,64
2,30.039,24576,64
2,30.039,24576,64
2,30.025,24576,64
2,30.025,24576,64
2,30.034,24576,64
2,30.034,24576,64
2,30.031,24576,64
2,30.031,24576,64
2,30.161,24576,64
2,30.161,24576,64
2,30.045,24576,64
2,30.045,24576,64
2,30.035,24576,64
2,30.035,24576,64
2,30.029,24576,64
2,30.029,24576,64
2,30.017,24576,64
2,30.017,24576,64
2,30.037,24576,64
2,30.037,24576,64
2,30.166,24576,64
2,30.166,24576,64
2,30.027,24576,64
2,30.027,24576,64
2,30.046,24576,64
2,30.046,24576,64
2,30.036,24576,64
2,30.036,24576,64
2,30.047,24576,64
2,30.047,24576,64
2,30.032,24576,64
2,30.032,24576,64
2,30.035,24576,64
2,30.035,24576,64
5,29.959,8192,8192
5,29.959,8192,8192
2,30.026,24576,64
2,30.026,24576,64
2,30.042,24576,64
2,30.026,24576,64
2,30.037,24576,64
2,30.037,24576,64
2,30.021,24576,64
2,30.021,24576,64
2,30.032,24576,64
2,30.032,24576,64
2,30.053,24576,64
2,30.053,24576,64
2,30.028,24576,64
2,30.028,24576,64
2,30.029,24576,64
2,30.029,24576,64
2,30.026,24576,64
2,30.026,24576,64
2,30.03,24576,64
2,30.03,24576,64
2,30.054,24576,64
2,30.054,24576,64
2,30.041,24576,64
2,30.041,24576,64
2,30.026,24576,64
2,30.026,24576,64
2,30.027,24576,64
2,30.027,24576,64
2,30.032,24576,64
2,30.032,24576,64
2,30.026,24576,64
2,30.026,24576,64
2,30.033,24576,64
2,30.033,24576,64
2,30.108,24576,64
2,30.108,24576,64
2,30.023,24576,64
2,30.023,24576,64
3,7.246,2048,2048
2,30.033,24576,64
2,30.033,24576,64
5,29.959,8192,8192
5,29.959,8192,8192
2,30.019,24576,64
2,30.019,24576,64
2,30.039,24576,64
2,30.039,24576,64
2,30.029,24576,64
2,30.044,24576,64
2,30.038,24576,64
2,30.038,24576,64
2,30.046,24576,64
2,30.046,24576,64
2,30.027,24576,64
2,30.027,24576,64
2,30.034,24576,64
2,30.034,24576,64
2,30.042,24576,64
2,30.042,24576,64
2,30.033,24576,64
2,30.018,24576,64
2,30.037,24576,64
2,30.037,24576,64
2,30.035,24576,64
2,30.035,24576,64
2,30.029,24576,64
2,30.029,24576,64
2,30.051,24576,64
2,30.051,24576,64
2,30.022,24576,64
2,30.022,24576,64
2,30.012,24576,64
2,30.012,24576,64
2,30.027,24576,64
2,30.027,24576,64
2,30.034,24576,64
2,30.034,24576,64
2,30.035,24576,64
2,30.019,24576,64
2,30.047,24576,64
2,30.047,24576,64
2,30.013,24576,64
2,30.013,24576,64
2,30.043,24576,64
2,30.027,24576,64
2,30.041,24576,64
2,30.026,24576,64
2,30.027,24576,64
2,30.027,24576,64
2,30.052,24576,64
2,30.052,24576,64
2,30.043,24576,64
2,30.027,24576,64
2,30.015,24576,64
2,30.015,24576,64
5,29.961,8192,8192
5,29.961,8192,8192
2,30.04,24576,64
2,30.04,24576,64
2,30.053,24576,64
2,30.053,24576,64
2,30.033,24576,64
2,30.033,24576,64
2,30.04,24576,64
2,30.04,24576,64
2,30.04,24576,64
2,30.04,24576,64
2,30.032,24576,64
2,30.032,24576,64
2,30.032,24576,64
2,30.032,24576,64
2,30.034,24576,64
2,30.034,24576,64
2,30.035,24576,64
2,30.035,24576,64
5,29.958,8192,8192
5,29.958,8192,8192
2,30.032,24576,64
2,30.032,24576,64
2,30.031,24576,64
2,30.031,24576,64
2,30.019,24576,64
2,30.019,24576,64
2,30.038,24576,64
2,30.038,24576,64
2,30.037,24576,64
2,30.037,24576,64
2,30.039,24576,64
2,30.039,24576,64
2,30.031,24576,64
2,30.031,24576,64
2,30.037,24576,64
2,30.037,24576,64
2,30.041,24576,64
2,30.041,24576,64
2,30.037,24576,64
2,30.037,24576,64
2,30.036,24576,64
2,30.048,24576,64
2,30.042,24576,64
2,30.027,24576,64
2,30.041,24576,64
2,30.041,24576,64
2,30.04,24576,64
2,30.027,24576,64
2,30.03,24576,64
2,30.03,24576,64
2,30.077,24576,64
2,30.077,24576,64
2,30.026,24576,64
2,30.026,24576,64
2,30.037,24576,64
2,30.037,24576,64
2,30.034,24576,64
2,30.019,24576,64
2,30.033,24576,64
2,30.033,24576,64
2,30.049,24576,64
2,30.049,24576,64
2,30.039,24576,64
2,30.039,24576,64
2,30.067,24576,64
2,30.067,24576,64
2,30.037,24576,64
2,30.037,24576,64
2,30.043,24576,64
2,30.043,24576,64
2,30.021,24576,64
2,30.021,24576,64
2,30.049,24576,64
2,30.049,24576,64
2,30.029,24576,64
2,30.029,24576,64
2,30.03,24576,64
2,30.03,24576,64
2,30.032,24576,64
2,30.032,24576,64
2,30.064,24576,64
2,30.064,24576,64
2,30.043,24576,64
2,30.043,24576,64
2,30.043,24576,64
2,30.043,24576,64
2,30.088,24576,64
2,30.088,24576,64
2,30.031,24576,64
2,30.031,24576,64
2,30.056,24576,64
2,30.056,24576,64
2,30.04,24576,64
2,30.04,24576,64
2,30.031,24576,64
2,30.031,24576,64
2,30.066,24576,64
2,30.066,24576,64
2,30.041,24576,64
2,30.029,24576,64
5,29.955,8192,8192
5,29.955,8192,8192
2,30.029,24576,64
2,30.029,24576,64
2,30.036,24576,64
2,30.036,24576,64
5,29.97,8192,8192
5,29.97,8192,8192
1,0.015,1024,64
1,0.015,1024,64
2,30.035,24576,64
2,30.035,24576,64
2,30.144,24576,64
2,30.081,24576,64
2,30.045,24576,64
2,30.03,24576,64
2,30.03,24576,64
2,30.03,24576,64
2,30.037,24576,64
2,30.037,24576,64
2,30.03,24576,64
2,30.03,24576,64
2,30.032,24576,64
2,30.032,24576,64
2,30.116,24576,64
2,30.116,24576,64
2,30.213,24576,64
2,30.213,24576,64
2,30.034,24576,64
2,30.034,24576,64
2,30.038,24576,64
2,30.038,24576,64
2,30.027,24576,64
2,30.027,24576,64
5,29.962,8192,8192
5,29.962,8192,8192
2,30.045,24576,64
2,30.076,24576,64
2,30.039,24576,64
2,30.039,24576,64
2,30.055,24576,64
2,30.04,24576,64
2,30.075,24576,64
2,30.075,24576,64
2,30.053,24576,64
2,30.038,24576,64
2,30.043,24576,64
2,30.043,24576,64
2,30.026,24576,64
2,30.026,24576,64
2,30.029,24576,64
2,30.029,24576,64
2,30.028,24576,64
2,30.028,24576,64
2,30.056,24576,64
2,30.056,24576,64
2,30.059,24576,64
2,30.059,24576,64
2,30.042,24576,64
2,30.024,24576,64
2,30.043,24576,64
2,30.043,24576,64
2,30.054,24576,64
2,30.054,24576,64
2,30.164,24576,64
2,30.164,24576,64
5,29.967,8192,8192
5,29.967,8192,8192
2,30.042,24576,64
2,30.042,24576,64
2,30.031,24576,64
2,30.031,24576,64
2,30.039,24576,64
2,30.039,24576,64
2,30.027,24576,64
2,30.027,24576,64
2,30.046,24576,64
2,30.046,24576,64
2,30.033,24576,64
2,30.033,24576,64
2,30.048,24576,64
2,30.048,24576,64
2,30.052,24576,64
2,30.037,24576,64
2,30.028,24576,64
2,30.028,24576,64
2,30.032,24576,64
2,30.032,24576,64
2,30.035,24576,64
2,30.019,24576,64
2,30.028,24576,64
2,30.028,24576,64
2,30.03,24576,64
2,30.03,24576,64
2,30.168,24576,64
2,30.168,24576,64
2,30.036,24576,64
2,30.036,24576,64
2,30.024,24576,64
2,30.024,24576,64
2,30.027,24576,64
2,30.027,24576,64
2,30.031,24576,64
2,30.031,24576,64
2,30.046,24576,64
2,30.046,24576,64
2,30.057,24576,64
2,30.057,24576,64
2,30.021,24576,64
2,30.021,24576,64
2,30.025,24576,64
2,30.025,24576,64
2,30.044,24576,64
2,30.044,24576,64
2,30.038,24576,64
2,30.038,24576,64
2,30.026,24576,64
2,30.026,24576,64
2,30.039,24576,64
2,30.039,24576,64
2,30.032,24576,64
2,30.032,24576,64
2,30.021,24576,64
2,30.021,24576,64
2,30.029,24576,64
2,30.029,24576,64
2,30.171,24576,64
2,30.156,24576,64
2,30.031,24576,64
2,30.031,24576,64
2,30.035,24576,64
2,30.035,24576,64
2,30.036,24576,64
2,30.036,24576,64
2,30.037,24576,64
2,30.037,24576,64
2,30.052,24576,64
2,30.052,24576,64
2,30.049,24576,64
2,30.049,24576,64
2,30.029,24576,64
2,30.029,24576,64
2,30.041,24576,64
2,30.041,24576,64
2,30.108,24576,64
2,30.091,24576,64
2,30.043,24576,64
2,30.043,24576,64
2,30.041,24576,64
2,30.041,24576,64
2,30.037,24576,64
2,30.037,24576,64
2,30.04,24576,64
2,30.04,24576,64
2,30.047,24576,64
2,30.047,24576,64
2,30.031,24576,64
2,30.031,24576,64
2,30.038,24576,64
2,30.038,24576,64
2,30.032,24576,64
2,30.032,24576,64
2,30.03,24576,64
2,30.03,24576,64
2,30.088,24576,64
2,30.088,24576,64
5,29.966,8192,8192
5,29.966,8192,8192
2,30.048,24576,64
2,30.048,24576,64
2,30.031,24576,64
2,30.031,24576,64
2,30.054,24576,64
2,30.054,24576,64
2,30.017,24576,64
2,30.017,24576,64
2,30.04,24576,64
2,30.04,24576,64
2,30.06,24576,64
2,30.03,24576,64
2,30.067,24576,64
2,30.067,24576,64
2,30.027,24576,64
2,30.027,24576,64
2,30.102,24576,64
2,30.102,24576,64
2,30.041,24576,64
2,30.041,24576,64
2,30.019,24576,64
2,30.019,24576,64
2,30.045,24576,64
2,30.045,24576,64
2,30.027,24576,64
2,30.027,24576,64
2,30.082,24576,64
2,30.082,24576,64
2,30.047,24576,64
2,30.047,24576,64
2,30.047,24576,64
2,30.047,24576,64
2,30.03,24576,64
2,30.03,24576,64
2,30.03,24576,64
2,30.03,24576,64
2,30.053,24576,64
2,30.053,24576,64
2,30.045,24576,64
2,30.045,24576,64
2,30.021,24576,64
2,30.021,24576,64
2,30.042,24576,64
2,30.042,24576,64
2,30.027,24576,64
2,30.027,24576,64
2,30.044,24576,64
2,30.044,24576,64
2,30.034,24576,64
2,30.034,24576,64
2,30.058,24576,64
2,30.058,24576,64
2,30.03,24576,64
2,30.03,24576,64
2,30.027,24576,64
2,30.027,24576,64
2,30.044,24576,64
2,30.044,24576,64
2,30.026,24576,64
2,30.026,24576,64
2,30.031,24576,64
2,30.031,24576,64
2,30.048,24576,64
2,30.048,24576,64
2,30.038,24576,64
2,30.038,24576,64
2,30.027,24576,64
2,30.027,24576,64
2,30.032,24576,64
2,30.032,24576,64
2,30.034,24576,64
2,30.034,24576,64
2,30.054,24576,64
2,30.054,24576,64
2,30.047,24576,64
2,30.047,24576,64
2,30.042,24576,64
2,30.042,24576,64
2,30.037,24576,64
2,30.037,24576,64
2,30.075,24576,64
2,30.075,24576,64
2,30.031,24576,64
2,30.031,24576,64
2,30.06,24576,64
2,30.06,24576,64
2,30.024,24576,64
2,30.024,24576,64
2,30.042,24576,64
2,30.027,24576,64
2,30.019,24576,64
2,30.019,24576,64
2,30.043,24576,64
2,30.073,24576,64
2,30.073,24576,64
2,30.027,24576,64
2,30.034,24576,64
2,30.034,24576,64
2,30.047,24576,64
2,30.047,24576,64
2,30.037,24576,64
2,30.037,24576,64
2,30.043,24576,64
2,30.043,24576,64
2,30.068,24576,64
2,30.034,24576,64
2,30.034,24576,64
2,30.053,24576,64
2,30.038,24576,64
2,30.038,24576,64
2,30.037,24576,64
2,30.037,24576,64
2,30.037,24576,64
2,30.037,24576,64
2,30.049,24576,64
2,30.049,24576,64
2,30.028,24576,64
2,30.028,24576,64
2,30.063,24576,64
2,30.031,24576,64
2,30.031,24576,64
2,30.031,24576,64
2,30.018,24576,64
2,30.018,24576,64
1,0.016,1024,64
1,0.016,1024,64
5,29.983,8192,8192
5,29.983,8192,8192
2,30.033,24576,64
2,30.017,24576,64
2,30.043,24576,64
2,30.043,24576,64
2,30.057,24576,64
2,30.057,24576,64
2,30.032,24576,64
2,30.032,24576,64
2,30.021,24576,64
2,30.021,24576,64
2,30.027,24576,64
2,30.027,24576,64
2,30.026,24576,64
2,30.026,24576,64
2,30.043,24576,64
2,30.043,24576,64
2,30.036,24576,64
2,30.036,24576,64
2,30.042,24576,64
2,30.042,24576,64
2,30.064,24576,64
5,29.943,8192,8192
5,29.943,8192,8192
2,30.031,24576,64
2,30.026,24576,64
2,30.026,24576,64
2,30.039,24576,64
2,30.039,24576,64
2,30.127,24576,64
2,30.127,24576,64
2,30.022,24576,64
2,30.022,24576,64
2,30.036,24576,64
2,30.021,24576,64
2,30.019,24576,64
2,30.019,24576,64
5,29.96,8192,8192
5,29.944,8192,8192
2,30.07,24576,64
2,30.055,24576,64
2,30.052,24576,64
2,30.052,24576,64
2,30.024,24576,64
2,30.024,24576,64
2,30.019,24576,64
2,30.019,24576,64
2,30.039,24576,64
2,30.039,24576,64
2,30.03,24576,64
2,30.03,24576,64
2,30.049,24576,64
2,30.049,24576,64
2,30.033,24576,64
2,30.033,24576,64
2,30.03,24576,64
2,30.03,24576,64
2,30.042,24576,64
2,30.042,24576,64
2,30.036,24576,64
2,30.036,24576,64
2,30.023,24576,64
2,30.023,24576,64
2,30.032,24576,64
2,30.032,24576,64
5,29.96,8192,8192
5,29.96,8192,8192
2,30.027,24576,64
2,30.027,24576,64
2,30.037,24576,64
2,30.021,24576,64
2,30.062,24576,64
2,30.046,24576,64
2,30.036,24576,64
2,30.036,24576,64
2,30.034,24576,64
2,30.034,24576,64
2,30.028,24576,64
2,30.028,24576,64
2,30.037,24576,64
2,30.037,24576,64
2,30.024,24576,64
2,30.024,24576,64
2,30.041,24576,64
2,30.025,24576,64
2,30.073,24576,64
2,30.056,24576,64
1,0.015,1024,64
2,30.033,24576,64
2,30.033,24576,64
2,30.039,24576,64
2,30.039,24576,64
2,30.074,24576,64
2,30.074,24576,64
2,30.032,24576,64
2,30.032,24576,64
2,30.042,24576,64
2,30.042,24576,64
2,30.038,24576,64
2,30.037,24576,64
2,30.037,24576,64
2,30.026,24576,64
2,30.039,24576,64
2,30.039,24576,64
2,30.039,24576,64
2,30.039,24576,64
2,30.023,24576,64
2,30.023,24576,64
2,30.039,24576,64
2,30.039,24576,64
2,30.037,24576,64
2,30.037,24576,64
2,30.037,24576,64
2,30.037,24576,64
2,30.043,24576,64
2,30.043,24576,64
2,30.034,24576,64
2,30.018,24576,64
2,30.04,24576,64
2,30.04,24576,64
2,30.045,24576,64
2,30.045,24576,64
2,30.032,24576,64
2,30.032,24576,64
2,41.131,24576,64
2,30.052,24576,64
2,30.052,24576,64
2,40.928,24576,64
2,30.044,24576,64
2,30.044,24576,64
2,30.045,24576,64
2,30.028,24576,64
2,30.027,24576,64
2,30.027,24576,64
2,30.032,24576,64
2,30.032,24576,64
2,30.037,24576,64
2,30.037,24576,64
5,29.944,8192,8192
5,29.944,8192,8192
2,30.045,24576,64
2,30.045,24576,64
2,30.048,24576,64
2,30.048,24576,64
2,30.02,24576,64
2,30.02,24576,64
2,30.039,24576,64
2,30.039,24576,64
2,30.037,24576,64
2,30.037,24576,64
2,30.037,24576,64
2,30.037,24576,64
5,29.956,8192,8192
5,29.956,8192,8192
2,30.025,24576,64
2,30.025,24576,64
1,0.015,1024,64
2,30.022,24576,64
2,30.022,24576,64
2,34.971,24576,64
2,34.945,24576,64
2,30.039,24576,64
2,30.039,24576,64
2,30.032,24576,64
2,30.032,24576,64
2,30.043,24576,64
2,30.043,24576,64
2,30.027,24576,64
2,30.027,24576,64
2,33.77,24576,64
2,33.751,24576,64
2,30.032,24576,64
2,30.032,24576,64
2,33.52,24576,64
2,33.52,24576,64
2,30.044,24576,64
2,30.044,24576,64
2,30.033,24576,64
2,30.033,24576,64
2,33.065,24576,64
2,33.051,24576,64
2,30.029,24576,64
2,30.029,24576,64
2,32.945,24576,64
2,32.945,24576,64
2,30.036,24576,64
2,30.036,24576,64
2,30.028,24576,64
2,30.012,24576,64
2,30.038,24576,64
2,30.038,24576,64
2,30.069,24576,64
2,30.069,24576,64
2,30.027,24576,64
2,30.027,24576,64
2,30.019,24576,64
2,30.019,24576,64
2,30.032,24576,64
2,30.032,24576,64
2,30.036,24576,64
2,30.036,24576,64
2,30.044,24576,64
2,30.118,24576,64
2,30.029,24576,64
2,30.083,24576,64
2,30.027,24576,64
2,30.027,24576,64
2,30.027,24576,64
2,30.027,24576,64
2,30.042,24576,64
2,30.042,24576,64
2,30.043,24576,64
2,30.027,24576,64
2,30.049,24576,64
2,30.066,24576,64
2,30.026,24576,64
2,30.026,24576,64
2,30.038,24576,64
2,30.038,24576,64
2,30.027,24576,64
2,30.027,24576,64
2,30.016,24576,64
2,30.016,24576,64
2,30.032,24576,64
2,30.032,24576,64
2,30.042,24576,64
2,30.042,24576,64
2,30.031,24576,64
2,30.031,24576,64
2,30.027,24576,64
2,30.027,24576,64
2,30.03,24576,64
2,30.03,24576,64
2,30.027,24576,64
2,30.027,24576,64
2,30.027,24576,64
2,30.027,24576,64
2,30.033,24576,64
2,30.033,24576,64
2,30.039,24576,64
2,30.039,24576,64
2,30.021,24576,64
2,30.021,24576,64
2,30.025,24576,64
2,30.025,24576,64
2,30.024,24576,64
2,30.024,24576,64
2,30.022,24576,64
2,30.022,24576,64
2,30.025,24576,64
2,30.025,24576,64
2,30.023,24576,64
2,30.023,24576,64
2,30.027,24576,64
2,30.027,24576,64
2,30.048,24576,64
2,30.048,24576,64
2,30.033,24576,64
2,30.033,24576,64
2,30.031,24576,64
2,30.031,24576,64
2,30.038,24576,64
2,30.038,24576,64
2,30.033,24576,64
2,30.033,24576,64
2,30.039,24576,64
2,30.039,24576,64
2,30.027,24576,64
2,30.024,24576,64
2,30.024,24576,64
2,30.011,24576,64
2,30.031,24576,64
2,30.031,24576,64
2,30.053,24576,64
2,30.053,24576,64
2,30.025,24576,64
2,30.025,24576,64
2,30.027,24576,64
2,30.027,24576,64
2,30.029,24576,64
2,30.029,24576,64
2,30.029,24576,64
2,30.029,24576,64
2,30.029,24576,64
2,30.029,24576,64
2,30.051,24576,64
2,30.051,24576,64
2,30.037,24576,64
2,30.037,24576,64
2,30.039,24576,64
2,30.039,24576,64
2,30.058,24576,64
2,30.042,24576,64
2,30.032,24576,64
2,30.032,24576,64
2,30.038,24576,64
2,30.038,24576,64
2,30.066,24576,64
2,30.066,24576,64
2,30.025,24576,64
2,30.025,24576,64
2,30.021,24576,64
2,30.021,24576,64
2,30.024,24576,64
2,30.024,24576,64
2,30.049,24576,64
2,30.033,24576,64
5,29.952,8192,8192
5,29.952,8192,8192
2,30.023,24576,64
2,30.023,24576,64
2,30.035,24576,64
2,30.035,24576,64
2,30.075,24576,64
2,30.075,24576,64
2,30.036,24576,64
2,30.036,24576,64
2,30.022,24576,64
2,30.022,24576,64
2,30.04,24576,64
2,30.037,24576,64
2,30.03,24576,64
2,30.03,24576,64
2,30.031,24576,64
2,30.031,24576,64
2,30.031,24576,64
2,30.031,24576,64
2,30.042,24576,64
2,30.042,24576,64
2,30.031,24576,64
2,30.031,24576,64
2,30.042,24576,64
2,30.042,24576,64
2,30.031,24576,64
2,30.031,24576,64
2,30.031,24576,64
2,30.031,24576,64
2,30.037,24576,64
2,30.037,24576,64
2,30.038,24576,64
2,30.038,24576,64
2,30.135,24576,64
2,30.135,24576,64
2,30.035,24576,64
2,30.035,24576,64
2,30.032,24576,64
2,30.032,24576,64
2,30.035,24576,64
2,30.035,24576,64
2,30.025,24576,64
2,30.025,24576,64
2,30.037,24576,64
2,30.037,24576,64
2,30.029,24576,64
2,30.029,24576,64
2,30.025,24576,64
2,30.025,24576,64
2,30.023,24576,64
2,30.023,24576,64
2,30.023,24576,64
2,30.023,24576,64
2,30.037,24576,64
2,30.037,24576,64
2,30.015,24576,64
2,30.015,24576,64
2,30.024,24576,64
2,30.024,24576,64
2,30.045,24576,64
2,30.045,24576,64
2,30.027,24576,64
2,30.027,24576,64
2,30.043,24576,64
2,30.027,24576,64
2,30.031,24576,64
2,30.031,24576,64
2,30.042,24576,64
2,30.042,24576,64
2,30.039,24576,64
2,30.039,24576,64
2,30.043,24576,64
2,30.027,24576,64
2,30.031,24576,64
2,30.031,24576,64
5,29.959,8192,8192
5,29.959,8192,8192
5,29.975,8192,8192
5,29.975,8192,8192
2,30.047,24576,64
2,30.047,24576,64
2,30.032,24576,64
2,30.032,24576,64
2,30.019,24576,64
2,30.019,24576,64
2,30.039,24576,64
2,30.039,24576,64
2,30.036,24576,64
2,30.036,24576,64
2,30.04,24576,64
2,30.04,24576,64
2,30.032,24576,64
2,30.032,24576,64
2,30.03,24576,64
2,30.03,24576,64
2,30.04,24576,64
2,30.04,24576,64
2,30.048,24576,64
2,30.048,24576,64
2,30.024,24576,64
2,30.024,24576,64
2,30.038,24576,64
2,30.038,24576,64
2,30.039,24576,64
2,30.039,24576,64
2,30.039,24576,64
2,30.024,24576,64
2,30.037,24576,64
2,30.037,24576,64
2,30.037,24576,64
2,30.022,24576,64
2,30.031,24576,64
2,30.031,24576,64
2,30.03,24576,64
2,30.03,24576,64
2,30.043,24576,64
2,30.043,24576,64
5,29.952,8192,8192
5,29.952,8192,8192
2,30.052,24576,64
2,30.036,24576,64
2,30.036,24576,64
2,30.036,24576,64
2,30.035,24576,64
2,30.035,24576,64
2,30.028,24576,64
2,30.028,24576,64
2,30.105,24576,64
2,30.027,24576,64
2,30.132,24576,64
2,30.118,24576,64
2,30.03,24576,64
2,30.03,24576,64
2,30.045,24576,64
2,30.045,24576,64
2,30.016,24576,64
2,30.016,24576,64
2,30.038,24576,64
2,30.038,24576,64
2,30.03,24576,64
2,30.03,24576,64
2,30.029,24576,64
2,30.029,24576,64
2,30.029,24576,64
2,30.029,24576,64
2,30.029,24576,64
2,30.014,24576,64
2,30.041,24576,64
2,30.041,24576,64
2,30.053,24576,64
2,30.053,24576,64
2,30.023,24576,64
2,30.023,24576,64
2,30.032,24576,64
2,30.032,24576,64
2,30.041,24576,64
2,30.041,24576,64
2,30.042,24576,64
2,30.042,24576,64
2,30.026,24576,64
2,30.026,24576,64
2,30.031,24576,64
2,30.031,24576,64
5,29.946,8192,8192
5,29.946,8192,8192
2,30.043,24576,64
2,30.043,24576,64
2,30.019,24576,64
2,30.019,24576,64
2,30.252,24576,64
2,30.252,24576,64
2,30.129,24576,64
2,30.113,24576,64
2,30.038,24576,64
2,30.038,24576,64
2,30.037,24576,64
2,30.037,24576,64
2,30.034,24576,64
2,30.034,24576,64
2,30.027,24576,64
2,30.027,24576,64
2,30.043,24576,64
2,30.043,24576,64
5,29.949,8192,8192
5,29.949,8192,8192
2,30.048,24576,64
2,30.032,24576,64
2,30.026,24576,64
2,30.026,24576,64
2,30.028,24576,64
2,30.028,24576,64
2,30.021,24576,64
2,30.021,24576,64
2,30.021,24576,64
2,30.021,24576,64
2,30.023,24576,64
2,30.023,24576,64
2,30.016,24576,64
2,30.016,24576,64
2,30.032,24576,64
2,30.032,24576,64
2,30.042,24576,64
2,30.042,24576,64
2,30.036,24576,64
2,30.036,24576,64
2,30.018,24576,64
2,30.018,24576,64
2,30.024,24576,64
2,30.024,24576,64
2,30.022,24576,64
2,30.022,24576,64
2,30.052,24576,64
2,30.033,24576,64
2,30.038,24576,64
2,30.038,24576,64
2,30.036,24576,64
2,30.036,24576,64
2,30.028,24576,64
2,30.028,24576,64
2,30.009,24576,64
2,30.009,24576,64
2,30.022,24576,64
2,30.022,24576,64
2,30.025,24576,64
2,30.025,24576,64
2,30.043,24576,64
2,30.027,24576,64
2,30.044,24576,64
2,30.028,24576,64
2,30.029,24576,64
2,30.029,24576,64
2,30.039,24576,64
2,30.039,24576,64
2,30.036,24576,64
2,30.036,24576,64
2,30.033,24576,64
2,30.033,24576,64
2,30.045,24576,64
2,30.029,24576,64
2,30.03,24576,64
2,30.03,24576,64
2,30.02,24576,64
2,30.02,24576,64
2,30.025,24576,64
2,30.025,24576,64
2,30.038,24576,64
2,30.038,24576,64
2,30.028,24576,64
2,30.028,24576,64
2,30.076,24576,64
2,30.076,24576,64
2,30.107,24576,64
2,30.107,24576,64
2,30.033,24576,64
2,30.017,24576,64
2,30.038,24576,64
2,30.038,24576,64
2,30.028,24576,64
2,30.028,24576,64
2,30.053,24576,64
2,30.053,24576,64
2,30.036,24576,64
2,30.036,24576,64
2,30.047,24576,64
2,30.031,24576,64
2,30.036,24576,64
2,30.036,24576,64
2,30.027,24576,64
2,30.027,24576,64
2,30.028,24576,64
2,30.028,24576,64
2,30.033,24576,64
2,30.033,24576,64
2,30.034,24576,64
2,30.019,24576,64
2,30.034,24576,64
2,30.034,24576,64
2,30.037,24576,64
2,30.037,24576,64
2,30.027,24576,64
2,30.027,24576,64
2,30.024,24576,64
2,30.024,24576,64
2,30.033,24576,64
2,30.033,24576,64
2,30.018,24576,64
2,30.018,24576,64
2,30.029,24576,64
2,30.029,24576,64
2,30.034,24576,64
2,30.034,24576,64
2,30.037,24576,64
2,30.022,24576,64
2,30.085,24576,64
2,30.085,24576,64
2,30.026,24576,64
2,30.026,24576,64
2,30.034,24576,64
2,30.034,24576,64
2,30.024,24576,64
2,30.024,24576,64
2,30.068,24576,64
2,30.052,24576,64
2,30.027,24576,64
2,30.027,24576,64
2,30.02,24576,64
2,30.02,24576,64
2,30.037,24576,64
2,30.037,24576,64
2,30.043,24576,64
2,30.027,24576,64
2,30.059,24576,64
2,30.059,24576,64
2,30.124,24576,64
2,30.124,24576,64
2,30.044,24576,64
2,30.029,24576,64
2,30.034,24576,64
2,30.018,24576,64
2,30.022,24576,64
2,30.022,24576,64
2,30.034,24576,64
2,30.034,24576,64
2,30.027,24576,64
2,30.027,24576,64
5,29.974,8192,8192
5,29.974,8192,8192
2,30.048,24576,64
2,30.048,24576,64
2,30.054,24576,64
2,30.054,24576,64
2,30.021,24576,64
2,30.021,24576,64
2,30.034,24576,64
2,30.034,24576,64
2,30.029,24576,64
2,30.029,24576,64
2,30.034,24576,64
2,30.034,24576,64
2,30.1,24576,64
2,30.084,24576,64
2,30.029,24576,64
2,30.029,24576,64
2,30.031,24576,64
2,30.031,24576,64
2,30.021,24576,64
2,30.021,24576,64
2,30.03,24576,64
2,30.03,24576,64
2,30.028,24576,64
2,30.028,24576,64
2,30.022,24576,64
2,30.022,24576,64
2,30.032,24576,64
2,30.023,24576,64
2,30.023,24576,64
2,30.016,24576,64
2,30.041,24576,64
2,30.041,24576,64
2,30.043,24576,64
2,30.043,24576,64
2,30.065,24576,64
2,30.065,24576,64
2,30.049,24576,64
2,30.049,24576,64
2,30.043,24576,64
2,30.027,24576,64
2,30.062,24576,64
2,30.062,24576,64
2,30.106,24576,64
2,30.106,24576,64
2,30.035,24576,64
2,30.035,24576,64
2,30.037,24576,64
2,30.037,24576,64
2,30.022,24576,64
2,30.022,24576,64
2,30.027,24576,64
2,30.027,24576,64
2,30.074,24576,64
2,30.074,24576,64
2,30.042,24576,64
5,29.959,8192,8192
5,29.959,8192,8192
2,30.02,24576,64
2,30.02,24576,64
2,30.027,24576,64
2,30.042,24576,64
2,30.042,24576,64
2,30.044,24576,64
2,30.042,24576,64
2,30.028,24576,64
2,30.027,24576,64
2,30.031,24576,64
2,30.031,24576,64
2,30.037,24576,64
2,30.037,24576,64
2,30.053,24576,64
2,30.037,24576,64
2,30.031,24576,64
2,30.031,24576,64
2,30.042,24576,64
2,30.042,24576,64
2,30.032,24576,64
2,30.032,24576,64
2,30.033,24576,64
2,30.033,24576,64
2,30.032,24576,64
2,30.032,24576,64
2,30.034,24576,64
2,30.019,24576,64
2,30.036,24576,64
2,30.016,24576,64
2,30.016,24576,64
2,30.02,24576,64
2,30.03,24576,64
2,30.03,24576,64
2,30.031,24576,64
2,30.031,24576,64
2,30.05,24576,64
2,30.05,24576,64
2,30.053,24576,64
2,30.053,24576,64
2,30.03,24576,64
2,30.03,24576,64
2,30.047,24576,64
2,30.047,24576,64
2,30.045,24576,64
2,30.045,24576,64
2,30.021,24576,64
2,30.021,24576,64
2,30.037,24576,64
2,30.037,24576,64
2,30.045,24576,64
2,30.029,24576,64
2,30.049,24576,64
2,30.049,24576,64
2,30.028,24576,64
2,30.028,24576,64
2,30.067,24576,64
2,30.067,24576,64
2,30.038,24576,64
2,30.038,24576,64
2,30.037,24576,64
2,30.037,24576,64
2,30.042,24576,64
2,30.042,24576,64
2,30.066,24576,64
2,30.034,24576,64
2,30.045,24576,64
2,30.045,24576,64
2,30.046,24576,64
2,30.046,24576,64
2,30.038,24576,64
2,30.038,24576,64
2,30.044,24576,64
2,30.044,24576,64
2,30.039,24576,64
2,30.039,24576,64
2,30.037,24576,64
2,30.037,24576,64
2,30.031,24576,64
2,30.031,24576,64
2,30.031,24576,64
2,30.031,24576,64
2,30.032,24576,64
2,30.032,24576,64
2,30.05,24576,64
2,30.034,24576,64
1,0.005,1024,64
2,30.03,24576,64
2,30.03,24576,64
2,30.052,24576,64
2,30.036,24576,64
2,30.022,24576,64
2,30.022,24576,64
2,30.016,24576,64
2,30.016,24576,64
2,30.049,24576,64
2,30.049,24576,64
2,30.044,24576,64
2,30.044,24576,64
2,30.037,24576,64
2,30.021,24576,64
2,30.053,24576,64
2,30.053,24576,64
2,30.032,24576,64
2,30.032,24576,64
2,30.052,24576,64
2,30.052,24576,64
2,30.15,24576,64
2,30.15,24576,64
2,30.028,24576,64
2,30.028,24576,64
2,30.021,24576,64
2,30.021,24576,64
2,30.024,24576,64
2,30.024,24576,64
2,30.036,24576,64
2,30.036,24576,64
2,30.037,24576,64
2,30.053,24576,64
2,30.034,24576,64
2,30.034,24576,64
2,30.044,24576,64
2,30.044,24576,64
2,30.04,24576,64
2,30.04,24576,64
2,30.133,24576,64
2,30.133,24576,64
2,30.027,24576,64
2,30.027,24576,64
2,30.021,24576,64
2,30.021,24576,64
2,30.028,24576,64
2,30.028,24576,64
2,30.045,24576,64
2,30.045,24576,64
5,29.948,8192,8192
5,29.948,8192,8192
2,30.031,24576,64
2,30.031,24576,64
2,30.044,24576,64
2,30.044,24576,64
2,30.033,24576,64
2,30.033,24576,64
2,30.028,24576,64
2,30.028,24576,64
2,30.055,24576,64
2,30.023,24576,64
2,30.028,24576,64
2,30.028,24576,64
2,30.033,24576,64
2,30.033,24576,64
2,30.032,24576,64
2,30.016,24576,64
2,30.032,24576,64
2,30.016,24576,64
2,30.027,24576,64
2,30.027,24576,64
5,29.967,8192,8192
5,29.967,8192,8192
2,30.033,24576,64
2,30.033,24576,64
5,29.952,8192,8192
5,29.952,8192,8192
2,30.039,24576,64
2,30.039,24576,64
2,30.03,24576,64
2,30.03,24576,64
2,30.024,24576,64
2,30.024,24576,64
2,30.042,24576,64
2,30.042,24576,64
5,29.945,8192,8192
5,29.945,8192,8192
2,30.007,24576,64
2,30.007,24576,64
2,30.027,24576,64
2,30.027,24576,64
2,30.036,24576,64
2,30.036,24576,64
2,30.042,24576,64
2,30.059,24576,64
2,30.059,24576,64
2,30.048,24576,64
2,30.048,24576,64
2,30.027,24576,64
2,30.013,24576,64
2,30.013,24576,64
2,30.04,24576,64
2,30.04,24576,64
2,30.026,24576,64
2,30.026,24576,64
1,0.016,1024,64
2,30.035,24576,64
2,30.035,24576,64
2,30.039,24576,64
2,30.039,24576,64
2,30.039,24576,64
2,30.039,24576,64
2,30.031,24576,64
2,30.031,24576,64
2,30.038,24576,64
2,30.038,24576,64
2,30.022,24576,64
2,30.022,24576,64
2,30.035,24576,64
2,30.035,24576,64
2,30.022,24576,64
2,30.022,24576,64
2,30.031,24576,64
2,30.031,24576,64
2,30.044,24576,64
2,30.028,24576,64
2,30.032,24576,64
2,30.032,24576,64
2,30.029,24576,64
2,30.029,24576,64
2,30.041,24576,64
2,30.041,24576,64
2,30.032,24576,64
2,30.032,24576,64
2,30.045,24576,64
2,30.03,24576,64
2,30.027,24576,64
2,30.027,24576,64
2,30.031,24576,64
2,30.031,24576,64
2,30.028,24576,64
2,30.028,24576,64
2,30.045,24576,64
2,30.045,24576,64
2,30.035,24576,64
2,30.035,24576,64
2,30.032,24576,64
2,30.032,24576,64
2,30.057,24576,64
2,30.057,24576,64
2,30.026,24576,64
2,30.026,24576,64
2,30.023,24576,64
2,30.023,24576,64
2,30.028,24576,64
2,30.028,24576,64
2,30.037,24576,64
2,30.037,24576,64
2,30.177,24576,64
2,30.177,24576,64
2,30.031,24576,64
2,30.031,24576,64
2,30.021,24576,64
2,30.021,24576,64
5,29.976,8192,8192
5,29.96,8192,8192
2,30.037,24576,64
2,30.037,24576,64
2,30.065,24576,64
2,30.065,24576,64
2,30.025,24576,64
2,30.025,24576,64
2,30.021,24576,64
2,30.021,24576,64
2,30.019,24576,64
2,30.019,24576,64
2,30.034,24576,64
2,30.034,24576,64
2,30.041,24576,64
2,30.025,24576,64
2,30.028,24576,64
2,30.028,24576,64
2,30.039,24576,64
2,30.039,24576,64
2,30.032,24576,64
2,30.032,24576,64
2,30.037,24576,64
2,30.037,24576,64
2,30.042,24576,64
2,30.042,24576,64
2,30.039,24576,64
2,30.039,24576,64
2,30.024,24576,64
2,30.024,24576,64
2,30.04,24576,64
2,30.024,24576,64
2,30.081,24576,64
2,30.1,24576,64
2,30.038,24576,64
2,30.038,24576,64
2,30.023,24576,64
2,30.023,24576,64
2,30.043,24576,64
2,30.027,24576,64
2,30.032,24576,64
2,30.032,24576,64
2,30.047,24576,64
2,30.047,24576,64
2,30.033,24576,64
2,30.033,24576,64
2,30.028,24576,64
2,30.028,24576,64
2,30.031,24576,64
2,30.031,24576,64
2,30.052,24576,64
2,30.052,24576,64
2,30.044,24576,64
2,30.044,24576,64
2,30.107,24576,64
2,30.107,24576,64
2,30.038,24576,64
2,30.038,24576,64
2,30.035,24576,64
2,30.035,24576,64
2,30.044,24576,64
2,30.044,24576,64
2,30.029,24576,64
2,30.029,24576,64
2,30.034,24576,64
2,30.034,24576,64
2,30.035,24576,64
2,30.035,24576,64
1,0.017,1024,64
2,30.034,24576,64
2,30.034,24576,64
2,30.018,24576,64
2,30.018,24576,64
2,30.03,24576,64
2,30.03,24576,64
1,0.016,1024,64
5,29.949,8192,8192
5,29.949,8192,8192
2,30.033,24576,64
2,30.033,24576,64
1,0.013,1024,64
2,30.032,24576,64
2,30.032,24576,64
2,30.029,24576,64
2,30.029,24576,64
2,30.038,24576,64
2,30.038,24576,64
1,0.013,1024,64
1,0.012,1024,64
2,30.037,24576,64
2,30.037,24576,64
2,30.05,24576,64
2,30.034,24576,64
2,30.03,24576,64
2,30.03,24576,64
1,0.014,1024,64
2,30.045,24576,64
2,30.045,24576,64
2,30.037,24576,64
2,30.037,24576,64
2,30.016,24576,64
2,30.016,24576,64
2,30.032,24576,64
2,30.032,24576,64
2,30.031,24576,64
2,30.031,24576,64
1,0.013,1024,64
2,30.118,24576,64
2,30.118,24576,64
2,30.037,24576,64
2,30.037,24576,64
2,30.047,24576,64
2,30.047,24576,64
1,0.012,1024,64
2,30.022,24576,64
2,30.022,24576,64
2,30.048,24576,64
2,30.048,24576,64
2,30.037,24576,64
2,30.037,24576,64
2,30.059,24576,64
2,30.059,24576,64
2,30.037,24576,64
2,30.037,24576,64
1,0.013,1024,64
1,0.014,1024,64
2,30.034,24576,64
2,30.034,24576,64
1,0.012,1024,64
2,30.12,24576,64
2,30.104,24576,64
2,30.026,24576,64
2,30.026,24576,64
1,0.013,1024,64
1,0.015,1024,64
2,30.032,24576,64
2,30.032,24576,64
5,29.95,8192,8192
5,29.95,8192,8192
2,30.038,24576,64
2,30.038,24576,64
2,30.049,24576,64
2,30.049,24576,64
5,29.966,8192,8192
5,29.966,8192,8192
2,30.079,24576,64
1,0.039,1024,64
2,30.063,24576,64
2,30.031,24576,64
2,30.015,24576,64
1,0.012,1024,64
2,30.034,24576,64
2,30.034,24576,64
2,30.032,24576,64
2,30.032,24576,64
2,30.033,24576,64
2,30.033,24576,64
2,30.034,24576,64
2,30.034,24576,64
2,30.044,24576,64
2,30.044,24576,64
2,30.031,24576,64
2,30.031,24576,64
2,30.103,24576,64
2,30.087,24576,64
2,30.06,24576,64
2,30.06,24576,64
2,30.029,24576,64
2,30.029,24576,64
2,30.084,24576,64
2,30.084,24576,64
2,30.053,24576,64
2,30.053,24576,64
2,30.044,24576,64
2,30.044,24576,64
2,30.028,24576,64
2,30.028,24576,64
2,30.027,24576,64
2,30.027,24576,64
2,30.034,24576,64
2,30.018,24576,64
2,30.034,24576,64
2,30.034,24576,64
2,30.018,24576,64
2,30.018,24576,64
2,30.027,24576,64
2,30.027,24576,64
2,30.027,24576,64
2,30.012,24576,64
2,30.035,24576,64
2,30.035,24576,64
2,30.024,24576,64
2,30.024,24576,64
2,30.044,24576,64
2,30.028,24576,64
2,30.027,24576,64
2,30.027,24576,64
2,30.038,24576,64
2,30.038,24576,64
2,30.043,24576,64
2,30.027,24576,64
2,30.023,24576,64
2,30.023,24576,64
2,30.03,24576,64
2,30.03,24576,64
2,30.034,24576,64
2,30.034,24576,64
2,30.03,24576,64
2,30.03,24576,64
2,30.047,24576,64
2,30.047,24576,64
2,30.013,24576,64
2,30.013,24576,64
2,30.021,24576,64
2,30.021,24576,64
2,30.031,24576,64
2,30.031,24576,64
2,30.038,24576,64
2,30.038,24576,64
2,30.027,24576,64
2,30.027,24576,64
2,30.042,24576,64
2,30.042,24576,64
2,30.027,24576,64
2,30.027,24576,64
5,29.962,8192,8192
5,29.946,8192,8192
2,30.022,24576,64
2,30.006,24576,64
2,30.042,24576,64
2,30.042,24576,64
2,30.018,24576,64
2,30.018,24576,64
2,30.025,24576,64
2,30.025,24576,64
2,30.043,24576,64
2,30.043,24576,64
2,30.004,24576,64
2,30.004,24576,64
2,30.037,24576,64
2,30.037,24576,64
2,30.027,24576,64
2,30.027,24576,64
5,29.95,8192,8192
5,29.95,8192,8192
2,30.039,24576,64
2,30.039,24576,64
2,30.04,24576,64
2,30.04,24576,64
2,30.032,24576,64
2,30.032,24576,64
2,30.026,24576,64
2,30.026,24576,64
2,30.021,24576,64
2,30.021,24576,64
2,30.077,24576,64
2,30.063,24576,64
2,30.019,24576,64
2,30.019,24576,64
2,30.03,24576,64
2,30.03,24576,64
2,30.064,24576,64
2,30.064,24576,64
2,30.051,24576,64
2,30.051,24576,64
2,30.016,24576,64
2,30.016,24576,64
2,30.02,24576,64
2,30.02,24576,64
2,30.129,24576,64
2,30.129,24576,64
3,5.563,2048,2048
2,30.037,24576,64
2,30.037,24576,64
2,30.032,24576,64
2,30.032,24576,64
2,30.03,24576,64
2,30.03,24576,64
2,30.058,24576,64
2,30.058,24576,64
2,30.029,24576,64
2,30.029,24576,64
2,30.03,24576,64
2,30.03,24576,64
2,30.031,24576,64
2,30.031,24576,64
2,30.066,24576,64
2,30.066,24576,64
2,30.027,24576,64
2,30.027,24576,64
2,30.026,24576,64
2,30.026,24576,64
2,30.034,24576,64
2,30.022,24576,64
2,30.038,24576,64
2,30.038,24576,64
2,30.042,24576,64
2,30.042,24576,64
2,30.032,24576,64
2,30.032,24576,64
2,30.035,24576,64
2,30.035,24576,64
2,30.037,24576,64
2,30.037,24576,64
2,30.029,24576,64
2,30.029,24576,64
2,30.04,24576,64
2,30.04,24576,64
2,30.052,24576,64
2,30.036,24576,64
2,30.027,24576,64
2,30.027,24576,64
2,30.039,24576,64
2,30.039,24576,64
2,30.034,24576,64
2,30.034,24576,64
2,30.045,24576,64
2,30.045,24576,64
2,30.037,24576,64
2,30.037,24576,64
2,30.026,24576,64
2,30.026,24576,64
2,30.043,24576,64
2,30.043,24576,64
2,30.025,24576,64
2,30.025,24576,64
2,30.036,24576,64
2,30.036,24576,64
2,30.029,24576,64
2,30.029,24576,64
2,30.034,24576,64
2,30.034,24576,64
2,30.028,24576,64
2,30.028,24576,64
2,30.053,24576,64
2,30.034,24576,64
2,30.042,24576,64
2,30.027,24576,64
2,30.021,24576,64
2,30.021,24576,64
2,30.035,24576,64
2,30.035,24576,64
2,30.021,24576,64
2,30.021,24576,64
2,30.032,24576,64
2,30.032,24576,64
2,30.029,24576,64
2,30.029,24576,64
2,30.062,24576,64
2,30.046,24576,64
2,30.017,24576,64
2,30.017,24576,64
2,30.031,24576,64
2,30.031,24576,64
2,30.062,24576,64
2,30.062,24576,64
2,30.032,24576,64
2,30.032,24576,64
2,30.044,24576,64
2,30.028,24576,64
2,30.022,24576,64
2,30.022,24576,64
2,30.038,24576,64
2,30.038,24576,64
2,30.031,24576,64
2,30.031,24576,64
2,30.031,24576,64
2,30.031,24576,64
2,30.04,24576,64
2,30.025,24576,64
2,30.045,24576,64
2,30.045,24576,64
2,30.038,24576,64
2,30.038,24576,64
2,30.064,24576,64
2,30.049,24576,64
2,30.025,24576,64
2,30.025,24576,64
2,30.057,24576,64
2,30.038,24576,64
2,30.032,24576,64
2,30.032,24576,64
2,30.029,24576,64
2,30.044,24576,64
2,30.043,24576,64
2,30.043,24576,64
2,30.033,24576,64
2,30.033,24576,64
2,30.035,24576,64
2,30.035,24576,64
2,30.026,24576,64
2,30.026,24576,64
2,30.027,24576,64
2,30.027,24576,64
5,29.95,8192,8192
5,29.95,8192,8192
2,30.021,24576,64
2,30.021,24576,64
2,30.027,24576,64
2,30.027,24576,64
2,30.041,24576,64
2,30.041,24576,64
2,30.028,24576,64
2,30.028,24576,64
2,30.026,24576,64
2,30.026,24576,64
2,30.043,24576,64
2,30.028,24576,64
2,30.035,24576,64
2,30.02,24576,64
2,30.032,24576,64
2,30.049,24576,64
2,30.035,24576,64
2,30.035,24576,64
2,30.026,24576,64
2,30.026,24576,64
2,30.04,24576,64
2,30.04,24576,64
5,29.944,8192,8192
5,29.944,8192,8192
2,30.028,24576,64
2,30.028,24576,64
2,30.034,24576,64
2,30.034,24576,64
2,30.043,24576,64
2,30.043,24576,64
2,30.042,24576,64
2,30.042,24576,64
2,30.036,24576,64
2,30.036,24576,64
2,30.033,24576,64
2,30.033,24576,64
2,30.036,24576,64
2,30.036,24576,64
2,30.04,24576,64
2,30.04,24576,64
2,30.025,24576,64
2,30.025,24576,64
2,30.047,24576,64
2,30.047,24576,64
2,30.051,24576,64
2,30.051,24576,64
2,30.017,24576,64
2,30.017,24576,64
2,30.027,24576,64
2,30.027,24576,64
2,30.039,24576,64
2,30.039,24576,64
2,30.048,24576,64
2,30.048,24576,64
2,30.018,24576,64
2,30.018,24576,64
5,29.957,8192,8192
5,29.957,8192,8192
2,30.033,24576,64
2,30.033,24576,64
2,30.053,24576,64
2,30.053,24576,64
2,30.032,24576,64
2,30.032,24576,64
2,30.048,24576,64
2,30.033,24576,64
2,30.038,24576,64
2,30.038,24576,64
2,30.037,24576,64
2,30.037,24576,64
2,30.107,24576,64
2,30.107,24576,64
2,30.033,24576,64
2,30.033,24576,64
2,30.041,24576,64
2,30.041,24576,64
2,30.009,24576,64
2,30.009,24576,64
2,30.039,24576,64
2,30.039,24576,64
2,30.037,24576,64
2,30.037,24576,64
2,30.03,24576,64
2,30.03,24576,64
2,30.033,24576,64
2,30.033,24576,64
2,30.024,24576,64
2,30.024,24576,64
2,30.132,24576,64
2,30.132,24576,64
2,30.032,24576,64
2,30.032,24576,64
2,30.022,24576,64
2,30.022,24576,64
2,30.026,24576,64
2,30.026,24576,64
2,30.032,24576,64
2,30.039,24576,64
2,30.039,24576,64
2,30.016,24576,64
2,30.032,24576,64
2,30.032,24576,64
2,30.023,24576,64
2,30.023,24576,64
2,30.027,24576,64
2,30.027,24576,64
2,30.037,24576,64
2,30.037,24576,64
2,30.037,24576,64
2,30.045,24576,64
2,30.045,24576,64
2,30.021,24576,64
2,30.026,24576,64
2,30.026,24576,64
2,30.031,24576,64
2,30.031,24576,64
2,30.029,24576,64
2,30.029,24576,64
2,30.096,24576,64
2,30.096,24576,64
2,30.027,24576,64
2,30.027,24576,64
2,30.027,24576,64
2,30.029,24576,64
2,30.029,24576,64
2,30.026,24576,64
2,30.026,24576,64
2,30.011,24576,64
2,30.026,24576,64
2,30.026,24576,64
2,30.043,24576,64
2,30.043,24576,64
2,30.026,24576,64
2,30.026,24576,64
2,30.024,24576,64
2,30.024,24576,64
2,30.057,24576,64
2,30.041,24576,64
2,30.022,24576,64
2,30.022,24576,64
2,30.08,24576,64
2,30.08,24576,64
2,30.029,24576,64
2,30.029,24576,64
2,30.033,24576,64
2,30.033,24576,64
2,30.033,24576,64
2,30.033,24576,64
2,30.076,24576,64
2,30.076,24576,64
2,30.027,24576,64
2,30.027,24576,64
2,30.021,24576,64
2,30.021,24576,64
2,30.017,24576,64
2,30.017,24576,64
2,30.025,24576,64
2,30.025,24576,64
2,30.031,24576,64
2,30.033,24576,64
2,30.033,24576,64
2,30.07,24576,64
2,30.07,24576,64
2,30.016,24576,64
2,30.057,24576,64
2,30.057,24576,64
2,30.057,24576,64
2,30.057,24576,64
2,30.031,24576,64
2,30.031,24576,64
2,30.037,24576,64
2,30.037,24576,64
2,30.014,24576,64
2,30.014,24576,64
2,30.029,24576,64
2,30.029,24576,64
2,30.033,24576,64
2,30.033,24576,64
2,30.024,24576,64
2,30.024,24576,64
2,30.03,24576,64
2,30.03,24576,64
2,30.032,24576,64
2,30.032,24576,64
2,30.03,24576,64
2,30.03,24576,64
2,30.033,24576,64
2,30.033,24576,64
2,30.037,24576,64
2,30.037,24576,64
2,30.026,24576,64
2,30.026,24576,64
2,30.039,24576,64
2,30.039,24576,64
2,30.017,24576,64
2,30.017,24576,64
2,30.022,24576,64
2,30.022,24576,64
2,30.025,24576,64
2,30.025,24576,64
2,30.027,24576,64
2,30.027,24576,64
2,30.021,24576,64
2,30.021,24576,64
2,30.048,24576,64
2,30.048,24576,64
2,30.032,24576,64
2,30.017,24576,64
2,30.039,24576,64
2,30.039,24576,64
2,30.028,24576,64
2,30.028,24576,64
2,30.033,24576,64
2,30.033,24576,64
2,30.039,24576,64
2,30.039,24576,64
2,30.027,24576,64
2,30.027,24576,64
2,30.032,24576,64
2,30.032,24576,64
2,30.034,24576,64
2,30.034,24576,64
2,30.037,24576,64
2,30.037,24576,64
2,30.032,24576,64
2,30.032,24576,64
2,30.063,24576,64
2,30.063,24576,64
2,30.037,24576,64
2,30.037,24576,64
2,30.039,24576,64
2,30.039,24576,64
2,30.03,24576,64
2,30.03,24576,64
2,30.024,24576,64
2,30.024,24576,64
2,30.037,24576,64
2,30.037,24576,64
2,30.024,24576,64
2,30.024,24576,64
2,30.12,24576,64
2,30.12,24576,64
2,30.026,24576,64
2,30.026,24576,64
2,30.029,24576,64
2,30.029,24576,64
2,30.041,24576,64
2,30.059,24576,64
2,30.054,24576,64
2,30.054,24576,64
2,30.017,24576,64
2,30.017,24576,64
2,30.033,24576,64
2,30.033,24576,64
2,30.031,24576,64
2,30.031,24576,64
2,30.042,24576,64
2,30.042,24576,64
2,30.026,24576,64
2,30.026,24576,64
2,30.033,24576,64
2,30.024,24576,64
2,30.024,24576,64
2,30.017,24576,64
2,30.022,24576,64
2,30.022,24576,64
2,30.045,24576,64
2,30.024,24576,64
2,30.024,24576,64
2,30.029,24576,64
2,30.048,24576,64
2,30.033,24576,64
2,30.024,24576,64
2,30.024,24576,64
2,30.017,24576,64
2,30.017,24576,64
2,30.05,24576,64
2,30.05,24576,64
2,30.038,24576,64
2,30.038,24576,64
2,30.023,24576,64
2,30.023,24576,64
2,30.039,24576,64
2,30.039,24576,64
2,30.03,24576,64
2,30.03,24576,64
2,30.03,24576,64
2,30.03,24576,64
2,30.039,24576,64
2,30.039,24576,64
2,30.016,24576,64
2,30.016,24576,64
2,30.035,24576,64
2,30.035,24576,64
2,30.048,24576,64
2,30.048,24576,64
2,30.049,24576,64
2,30.049,24576,64
2,30.026,24576,64
2,30.026,24576,64
2,30.038,24576,64
2,30.023,24576,64
2,30.037,24576,64
2,30.037,24576,64
2,30.018,24576,64
2,30.018,24576,64
2,30.024,24576,64
2,30.024,24576,64
2,30.039,24576,64
2,30.039,24576,64
2,30.029,24576,64
2,30.029,24576,64
2,30.049,24576,64
2,30.049,24576,64
2,30.033,24576,64
2,30.033,24576,64
2,30.023,24576,64
2,30.023,24576,64
2,30.033,24576,64
2,30.033,24576,64
2,30.063,24576,64
2,30.047,24576,64
2,30.026,24576,64
2,30.026,24576,64
2,30.036,24576,64
2,30.036,24576,64
2,30.019,24576,64
2,30.019,24576,64
2,30.032,24576,64
2,30.032,24576,64
2,30.037,24576,64
2,30.037,24576,64
2,30.022,24576,64
2,30.022,24576,64
2,30.02,24576,64
2,30.02,24576,64
2,30.056,24576,64
2,30.056,24576,64
2,30.044,24576,64
2,30.022,24576,64
2,30.022,24576,64
2,30.028,24576,64
2,30.037,24576,64
2,30.037,24576,64
2,30.042,24576,64
2,30.042,24576,64
2,30.037,24576,64
2,30.052,24576,64
2,30.032,24576,64
2,30.032,24576,64
2,30.03,24576,64
2,30.03,24576,64
2,30.036,24576,64
2,30.036,24576,64
5,29.942,8192,8192
5,29.942,8192,8192
2,30.069,24576,64
2,30.053,24576,64
2,30.032,24576,64
2,30.032,24576,64
5,29.974,8192,8192
5,29.974,8192,8192
2,30.036,24576,64
2,30.036,24576,64
2,30.11,24576,64
2,30.079,24576,64
2,30.027,24576,64
2,30.027,24576,64
5,29.958,8192,8192
5,29.958,8192,8192
5,29.958,8192,8192
5,29.958,8192,8192
2,30.038,24576,64
2,30.038,24576,64
2,30.02,24576,64
2,30.02,24576,64
2,30.036,24576,64
2,30.036,24576,64
2,30.03,24576,64
2,30.03,24576,64
2,30.026,24576,64
2,30.026,24576,64
5,29.948,8192,8192
5,29.948,8192,8192
5,29.963,8192,8192
5,29.963,8192,8192
2,30.046,24576,64
2,30.033,24576,64
2,30.032,24576,64
2,30.032,24576,64
2,30.039,24576,64
2,30.039,24576,64
2,30.036,24576,64
2,30.036,24576,64
5,29.965,8192,8192
5,29.965,8192,8192
5,29.95,8192,8192
5,29.95,8192,8192
2,30.042,24576,64
2,30.026,24576,64
2,30.094,24576,64
2,30.044,24576,64
2,30.044,24576,64
2,30.075,24576,64
2,30.031,24576,64
2,30.031,24576,64
2,30.037,24576,64
2,30.037,24576,64
2,30.033,24576,64
2,30.033,24576,64
2,30.026,24576,64
2,30.026,24576,64
2,30.036,24576,64
2,30.036,24576,64
2,30.026,24576,64
2,30.026,24576,64
2,30.132,24576,64
2,30.132,24576,64
2,30.066,24576,64
2,30.066,24576,64
2,30.038,24576,64
2,30.038,24576,64
2,30.036,24576,64
2,30.036,24576,64
2,30.038,24576,64
2,30.038,24576,64
2,30.058,24576,64
2,30.058,24576,64
2,30.022,24576,64
2,30.022,24576,64
2,30.031,24576,64
2,30.031,24576,64
2,30.032,24576,64
2,30.032,24576,64
2,30.026,24576,64
2,30.026,24576,64
2,30.033,24576,64
2,30.033,24576,64
2,30.033,24576,64
2,30.033,24576,64
2,30.036,24576,64
2,30.036,24576,64
2,30.101,24576,64
2,30.101,24576,64
2,30.024,24576,64
2,30.024,24576,64
2,30.038,24576,64
2,30.022,24576,64
2,30.06,24576,64
2,30.06,24576,64
2,30.02,24576,64
2,30.02,24576,64
2,30.028,24576,64
2,30.028,24576,64
2,30.031,24576,64
2,30.031,24576,64
2,30.024,24576,64
2,30.024,24576,64
2,30.022,24576,64
2,30.022,24576,64
2,30.019,24576,64
2,30.019,24576,64
2,30.033,24576,64
2,30.033,24576,64
2,30.074,24576,64
2,30.074,24576,64
2,30.027,24576,64
2,30.027,24576,64
2,30.024,24576,64
2,30.024,24576,64
2,30.138,24576,64
2,30.138,24576,64
2,30.1,24576,64
2,30.1,24576,64
2,30.039,24576,64
2,30.039,24576,64
2,30.04,24576,64
2,30.04,24576,64
2,30.036,24576,64
2,30.036,24576,64
2,30.031,24576,64
2,30.031,24576,64
2,30.03,24576,64
2,30.03,24576,64
5,29.995,8192,8192
5,29.995,8192,8192
2,30.027,24576,64
2,30.027,24576,64
2,30.016,24576,64
2,30.016,24576,64
2,30.047,24576,64
2,30.032,24576,64
2,30.046,24576,64
2,30.046,24576,64
2,30.044,24576,64
2,30.044,24576,64
2,30.024,24576,64
2,30.024,24576,64
2,30.02,24576,64
2,30.035,24576,64
1,0.006,1024,64
2,30.019,24576,64
2,30.019,24576,64
2,30.028,24576,64
2,30.028,24576,64
5,29.948,8192,8192
5,29.948,8192,8192
2,30.032,24576,64
2,30.032,24576,64
2,30.04,24576,64
2,30.04,24576,64
2,30.063,24576,64
2,30.063,24576,64
2,30.041,24576,64
2,30.041,24576,64
2,30.063,24576,64
2,30.063,24576,64
2,30.027,24576,64
2,30.027,24576,64
2,30.037,24576,64
2,30.037,24576,64
2,30.039,24576,64
2,30.039,24576,64
2,30.032,24576,64
2,30.032,24576,64
2,30.162,24576,64
2,30.162,24576,64
2,30.024,24576,64
2,30.024,24576,64
2,30.024,24576,64
2,30.024,24576,64
2,30.044,24576,64
2,30.029,24576,64
2,30.022,24576,64
2,30.022,24576,64
2,30.049,24576,64
2,30.049,24576,64
2,30.027,24576,64
2,30.027,24576,64
2,30.027,24576,64
2,30.027,24576,64
2,30.027,24576,64
2,30.027,24576,64
2,30.034,24576,64
2,30.034,24576,64
2,30.031,24576,64
2,30.031,24576,64
2,30.029,24576,64
2,30.029,24576,64
2,30.037,24576,64
2,30.037,24576,64
2,30.033,24576,64
2,30.033,24576,64
2,30.021,24576,64
2,30.021,24576,64
2,30.078,24576,64
2,30.078,24576,64
2,30.031,24576,64
2,30.031,24576,64
2,30.03,24576,64
2,30.014,24576,64
2,30.044,24576,64
2,30.044,24576,64
2,30.047,24576,64
2,30.047,24576,64
2,30.03,24576,64
2,30.03,24576,64
2,30.036,24576,64
2,30.036,24576,64
5,29.967,8192,8192
5,29.967,8192,8192
2,30.079,24576,64
2,30.079,24576,64
2,30.028,24576,64
2,30.028,24576,64
2,30.017,24576,64
2,30.017,24576,64
2,30.026,24576,64
2,30.026,24576,64
2,30.03,24576,64
2,30.03,24576,64
2,30.031,24576,64
2,30.031,24576,64
2,30.031,24576,64
2,30.031,24576,64
2,30.037,24576,64
2,30.037,24576,64
2,30.022,24576,64
2,30.022,24576,64
2,30.08,24576,64
2,30.08,24576,64
2,30.136,24576,64
2,30.12,24576,64
2,30.021,24576,64
2,30.021,24576,64
2,30.041,24576,64
2,30.041,24576,64
2,30.022,24576,64
2,30.022,24576,64
2,30.032,24576,64
2,30.032,24576,64
2,30.11,24576,64
2,30.11,24576,64
2,30.044,24576,64
2,30.044,24576,64
2,30.035,24576,64
2,30.035,24576,64
2,30.031,24576,64
2,30.031,24576,64
2,30.027,24576,64
2,30.027,24576,64
2,30.128,24576,64
2,30.128,24576,64
2,30.044,24576,64
2,30.053,24576,64
2,30.053,24576,64
2,30.029,24576,64
2,30.021,24576,64
2,30.021,24576,64
2,30.036,24576,64
2,30.036,24576,64
2,30.037,24576,64
2,30.037,24576,64
2,30.039,24576,64
2,30.039,24576,64
2,30.034,24576,64
2,30.034,24576,64
2,30.039,24576,64
2,30.039,24576,64
2,30.053,24576,64
2,30.053,24576,64
2,30.032,24576,64
2,30.032,24576,64
2,30.043,24576,64
2,30.043,24576,64
2,30.035,24576,64
2,30.035,24576,64
2,30.033,24576,64
2,30.033,24576,64
2,30.025,24576,64
2,30.025,24576,64
2,30.022,24576,64
2,30.022,24576,64
2,30.032,24576,64
2,30.032,24576,64
2,30.032,24576,64
2,30.032,24576,64
2,30.032,24576,64
2,30.032,24576,64
2,30.031,24576,64
2,30.031,24576,64
2,30.047,24576,64
2,30.047,24576,64
2,30.027,24576,64
2,30.027,24576,64
2,30.032,24576,64
2,30.032,24576,64
2,30.037,24576,64
2,30.021,24576,64
2,30.053,24576,64
2,30.053,24576,64
2,30.021,24576,64
2,30.021,24576,64
2,30.139,24576,64
2,30.139,24576,64
2,30.031,24576,64
2,30.031,24576,64
2,30.038,24576,64
2,30.038,24576,64
2,30.03,24576,64
2,30.015,24576,64
2,30.037,24576,64
2,30.037,24576,64
2,30.03,24576,64
2,30.03,24576,64
2,30.03,24576,64
2,30.03,24576,64
2,30.052,24576,64
2,30.035,24576,64
2,30.033,24576,64
2,30.033,24576,64
2,30.021,24576,64
2,30.021,24576,64
5,29.954,8192,8192
5,29.954,8192,8192
2,30.081,24576,64
2,30.081,24576,64
2,30.026,24576,64
2,30.026,24576,64
2,30.027,24576,64
2,30.027,24576,64
2,30.073,24576,64
2,30.073,24576,64
2,30.034,24576,64
2,30.034,24576,64
2,30.057,24576,64
2,30.041,24576,64
2,30.032,24576,64
2,30.032,24576,64
2,30.038,24576,64
2,30.038,24576,64
2,30.093,24576,64
2,30.078,24576,64
2,30.034,24576,64
2,30.034,24576,64
2,30.021,24576,64
2,30.021,24576,64
2,30.041,24576,64
2,30.041,24576,64
2,30.056,24576,64
2,30.056,24576,64
2,30.027,24576,64
2,30.027,24576,64
2,30.092,24576,64
2,30.092,24576,64
2,30.038,24576,64
2,30.038,24576,64
2,30.063,24576,64
2,30.063,24576,64
2,30.037,24576,64
2,30.017,24576,64
2,30.017,24576,64
2,30.022,24576,64
5,29.966,8192,8192
5,29.966,8192,8192
2,30.032,24576,64
2,30.032,24576,64
2,30.033,24576,64
2,30.033,24576,64
2,30.075,24576,64
2,30.075,24576,64
2,30.018,24576,64
2,30.018,24576,64
2,30.077,24576,64
2,30.077,24576,64
2,30.049,24576,64
2,30.049,24576,64
2,30.045,24576,64
2,30.026,24576,64
2,30.033,24576,64
2,30.033,24576,64
2,30.022,24576,64
2,30.022,24576,64
2,30.028,24576,64
2,30.028,24576,64
2,30.041,24576,64
2,30.025,24576,64
2,30.038,24576,64
2,30.038,24576,64
2,30.037,24576,64
2,30.037,24576,64
2,30.03,24576,64
2,30.03,24576,64
2,30.018,24576,64
2,30.018,24576,64
2,30.028,24576,64
2,30.028,24576,64
2,30.038,24576,64
2,30.038,24576,64
2,30.044,24576,64
2,30.044,24576,64
2,30.032,24576,64
2,30.032,24576,64
2,30.046,24576,64
2,30.046,24576,64
2,30.028,24576,64
2,30.028,24576,64
2,30.065,24576,64
2,30.065,24576,64
2,30.027,24576,64
2,30.027,24576,64
2,30.031,24576,64
2,30.031,24576,64
2,30.024,24576,64
2,30.024,24576,64
2,30.032,24576,64
2,30.032,24576,64
2,30.023,24576,64
2,30.023,24576,64
2,30.03,24576,64
2,30.03,24576,64
2,30.051,24576,64
2,30.035,24576,64
2,30.033,24576,64
2,30.033,24576,64
2,30.04,24576,64
2,30.04,24576,64
2,30.043,24576,64
2,30.043,24576,64
2,30.033,24576,64
2,30.033,24576,64
2,30.035,24576,64
2,30.035,24576,64
2,30.043,24576,64
2,30.027,24576,64
2,30.037,24576,64
2,30.037,24576,64
2,30.015,24576,64
2,30.015,24576,64
2,30.026,24576,64
2,30.026,24576,64
2,30.031,24576,64
2,30.031,24576,64
2,30.024,24576,64
2,30.024,24576,64
2,30.078,24576,64
2,30.078,24576,64
2,30.088,24576,64
2,30.088,24576,64
2,30.031,24576,64
2,30.031,24576,64
2,30.039,24576,64
2,30.039,24576,64
1,0.015,1024,64
2,30.04,24576,64
2,30.04,24576,64
2,30.042,24576,64
2,30.027,24576,64
2,30.027,24576,64
2,30.027,24576,64
2,30.034,24576,64
2,30.034,24576,64
2,30.031,24576,64
2,30.031,24576,64
5,25.173,8192,8192
5,25.173,8192,8192
2,30.061,24576,64
2,30.061,24576,64
5,25.173,8192,8192
5,25.158,8192,8192
2,30.027,24576,64
2,30.027,24576,64
1,0.019,1024,64
1,0.019,1024,64
2,30.038,24576,64
2,30.038,24576,64
2,30.025,24576,64
2,30.025,24576,64
2,30.032,24576,64
2,30.032,24576,64
2,30.027,24576,64
2,30.027,24576,64
2,30.025,24576,64
2,30.025,24576,64
2,30.036,24576,64
2,30.036,24576,64
2,30.02,24576,64
2,30.02,24576,64
2,30.021,24576,64
2,30.021,24576,64
2,30.033,24576,64
2,30.033,24576,64
2,30.024,24576,64
2,30.024,24576,64
2,30.032,24576,64
2,30.032,24576,64
2,30.031,24576,64
2,30.031,24576,64
2,30.038,24576,64
2,30.038,24576,64
2,30.034,24576,64
2,30.034,24576,64
2,30.032,24576,64
2,30.032,24576,64
2,30.041,24576,64
2,30.031,24576,64
2,30.031,24576,64
2,30.025,24576,64
2,30.039,24576,64
2,30.039,24576,64
2,30.053,24576,64
2,30.053,24576,64
2,30.028,24576,64
2,30.028,24576,64
2,30.036,24576,64
2,30.036,24576,64
2,30.037,24576,64
2,30.037,24576,64
2,30.036,24576,64
2,30.036,24576,64
5,25.147,8192,8192
5,25.147,8192,8192
2,30.032,24576,64
2,30.032,24576,64
2,30.027,24576,64
2,30.027,24576,64
5,25.179,8192,8192
5,25.163,8192,8192
2,30.034,24576,64
2,30.034,24576,64
5,25.164,8192,8192
5,25.164,8192,8192
2,30.125,24576,64
2,30.125,24576,64
2,30.022,24576,64
2,30.022,24576,64
2,30.026,24576,64
2,30.026,24576,64
2,30.058,24576,64
2,30.043,24576,64
2,30.076,24576,64
2,30.045,24576,64
2,30.043,24576,64
2,30.043,24576,64
2,30.054,24576,64
2,30.054,24576,64
2,30.036,24576,64
2,30.036,24576,64
2,30.059,24576,64
2,30.022,24576,64
2,30.022,24576,64
2,30.043,24576,64
2,30.027,24576,64
2,30.027,24576,64
2,30.033,24576,64
2,30.033,24576,64
2,30.042,24576,64
2,30.042,24576,64
1,0.015,1024,64
1,0.015,1024,64
2,30.074,24576,64
2,30.074,24576,64
2,30.021,24576,64
2,30.021,24576,64
2,30.035,24576,64
2,30.035,24576,64
2,30.037,24576,64
2,30.037,24576,64
2,30.056,24576,64
2,30.04,24576,64
2,30.043,24576,64
2,30.059,24576,64
2,30.048,24576,64
2,30.048,24576,64
2,30.032,24576,64
2,30.032,24576,64
2,30.032,24576,64
2,30.032,24576,64
2,30.037,24576,64
2,30.032,24576,64
2,30.054,24576,64
2,30.054,24576,64
2,30.055,24576,64
2,30.055,24576,64
2,30.034,24576,64
2,30.034,24576,64
5,25.192,8192,8192
5,25.192,8192,8192
2,30.033,24576,64
2,30.033,24576,64
2,30.037,24576,64
2,30.037,24576,64
2,30.033,24576,64
2,30.033,24576,64
2,30.038,24576,64
2,30.038,24576,64
2,30.052,24576,64
2,30.052,24576,64
3,5.427,2048,2048
2,30.034,24576,64
2,30.034,24576,64
2,30.032,24576,64
2,30.032,24576,64
2,30.024,24576,64
2,30.024,24576,64
2,30.223,24576,64
2,30.223,24576,64
2,30.024,24576,64
2,30.024,24576,64
2,30.032,24576,64
2,30.032,24576,64
2,30.031,24576,64
2,30.031,24576,64
2,30.059,24576,64
2,30.059,24576,64
2,30.101,24576,64
2,30.085,24576,64
2,30.041,24576,64
2,30.094,24576,64
2,30.094,24576,64
2,30.025,24576,64
2,30.019,24576,64
2,30.019,24576,64
2,30.035,24576,64
2,30.035,24576,64
2,30.021,24576,64
2,30.021,24576,64
2,30.06,24576,64
2,30.06,24576,64
2,30.042,24576,64
2,30.042,24576,64
2,30.041,24576,64
2,30.041,24576,64
2,30.047,24576,64
2,30.047,24576,64
2,30.024,24576,64
2,30.024,24576,64
2,30.033,24576,64
2,30.033,24576,64
2,30.038,24576,64
2,30.038,24576,64
2,30.041,24576,64
2,30.041,24576,64
2,30.126,24576,64
2,30.126,24576,64
2,30.022,24576,64
2,30.022,24576,64
2,30.043,24576,64
2,30.043,24576,64
2,30.026,24576,64
2,30.026,24576,64
2,30.037,24576,64
2,30.021,24576,64
2,30.053,24576,64
2,30.053,24576,64
2,30.022,24576,64
2,30.022,24576,64
2,30.069,24576,64
2,30.054,24576,64
2,30.032,24576,64
2,30.032,24576,64
2,30.034,24576,64
2,30.034,24576,64
2,30.036,24576,64
2,30.036,24576,64
2,30.037,24576,64
2,30.037,24576,64
2,30.042,24576,64
2,30.042,24576,64
2,30.022,24576,64
2,30.022,24576,64
2,30.038,24576,64
2,30.038,24576,64
2,30.045,24576,64
2,30.045,24576,64
2,30.047,24576,64
2,30.047,24576,64
2,30.025,24576,64
2,30.025,24576,64
2,30.039,24576,64
2,30.039,24576,64
2,30.038,24576,64
2,30.022,24576,64
2,30.031,24576,64
2,30.031,24576,64
2,30.029,24576,64
2,30.029,24576,64
2,30.029,24576,64
2,30.029,24576,64
2,30.045,24576,64
2,30.029,24576,64
2,30.043,24576,64
2,30.043,24576,64
2,30.032,24576,64
2,30.032,24576,64
2,30.037,24576,64
2,30.037,24576,64
2,30.043,24576,64
2,30.043,24576,64
2,30.033,24576,64
2,30.033,24576,64
2,30.037,24576,64
2,30.037,24576,64
2,30.026,24576,64
2,30.026,24576,64
2,30.036,24576,64
2,30.036,24576,64
2,30.045,24576,64
2,30.045,24576,64
2,30.044,24576,64
2,30.044,24576,64
2,30.032,24576,64
2,30.032,24576,64
2,30.029,24576,64
2,30.029,24576,64
2,30.093,24576,64
2,30.093,24576,64
2,30.029,24576,64
2,30.029,24576,64
2,30.029,24576,64
2,30.029,24576,64
2,30.047,24576,64
2,30.047,24576,64
2,30.026,24576,64
2,30.026,24576,64
2,30.026,24576,64
2,30.026,24576,64
2,30.037,24576,64
2,30.037,24576,64
2,30.03,24576,64
2,30.03,24576,64
2,30.002,24576,64
2,30.002,24576,64
2,30.016,24576,64
2,30.016,24576,64
2,30.029,24576,64
2,30.029,24576,64
2,30.035,24576,64
2,30.035,24576,64
2,30.038,24576,64
2,30.038,24576,64
2,30.039,24576,64
2,30.039,24576,64
2,30.026,24576,64
2,30.026,24576,64
5,29.985,8192,8192
5,29.985,8192,8192
2,30.046,24576,64
2,30.046,24576,64
2,30.041,24576,64
2,30.041,24576,64
2,30.022,24576,64
2,30.022,24576,64
2,30.03,24576,64
2,30.03,24576,64
2,30.024,24576,64
2,30.024,24576,64
2,30.029,24576,64
2,30.029,24576,64
2,30.024,24576,64
2,30.024,24576,64
2,30.049,24576,64
2,30.049,24576,64
2,30.018,24576,64
2,30.018,24576,64
2,30.099,24576,64
2,30.099,24576,64
2,30.029,24576,64
2,30.029,24576,64
2,30.029,24576,64
2,30.029,24576,64
2,30.028,24576,64
2,30.028,24576,64
2,30.059,24576,64
2,30.044,24576,64
2,30.052,24576,64
2,30.037,24576,64
2,30.034,24576,64
2,30.034,24576,64
2,30.037,24576,64
2,30.021,24576,64
2,30.02,24576,64
2,30.02,24576,64
2,30.037,24576,64
2,30.037,24576,64
5,29.982,8192,8192
5,29.982,8192,8192
2,30.019,24576,64
2,30.019,24576,64
2,30.031,24576,64
2,30.031,24576,64
2,30.042,24576,64
2,30.042,24576,64
2,30.068,24576,64
2,30.053,24576,64
2,30.043,24576,64
2,30.043,24576,64
2,30.036,24576,64
2,30.021,24576,64
2,30.038,24576,64
2,30.023,24576,64
2,30.038,24576,64
2,30.038,24576,64
2,30.046,24576,64
2,30.031,24576,64
2,30.026,24576,64
2,30.026,24576,64
2,30.027,24576,64
2,30.027,24576,64
2,30.041,24576,64
2,30.041,24576,64
2,30.058,24576,64
2,30.058,24576,64
2,30.032,24576,64
2,30.032,24576,64
2,30.029,24576,64
2,30.029,24576,64
2,30.03,24576,64
2,30.03,24576,64
2,30.031,24576,64
2,30.031,24576,64
5,25.182,8192,8192
5,25.182,8192,8192
2,30.048,24576,64
2,30.048,24576,64
2,30.024,24576,64
2,30.024,24576,64
2,30.048,24576,64
2,30.048,24576,64
2,30.077,24576,64
2,30.077,24576,64
2,30.043,24576,64
2,30.043,24576,64
2,30.051,24576,64
2,30.036,24576,64
2,30.023,24576,64
2,30.023,24576,64
2,30.037,24576,64
2,30.037,24576,64
2,30.116,24576,64
2,30.116,24576,64
2,30.036,24576,64
2,30.036,24576,64
2,30.074,24576,64
2,30.074,24576,64
2,30.028,24576,64
2,30.028,24576,64
2,30.037,24576,64
2,30.037,24576,64
2,30.028,24576,64
2,30.028,24576,64
2,30.033,24576,64
2,30.033,24576,64
2,30.022,24576,64
2,30.022,24576,64
2,30.033,24576,64
2,30.033,24576,64
2,30.03,24576,64
2,30.03,24576,64
2,30.103,24576,64
2,30.103,24576,64
2,30.033,24576,64
2,30.033,24576,64
2,30.04,24576,64
2,30.04,24576,64
2,30.031,24576,64
2,30.031,24576,64
2,30.063,24576,64
2,30.033,24576,64
2,30.033,24576,64
2,30.048,24576,64
2,30.024,24576,64
2,30.024,24576,64
2,30.027,24576,64
2,30.027,24576,64
2,30.028,24576,64
2,30.028,24576,64
2,30.036,24576,64
2,30.036,24576,64
2,30.044,24576,64
2,30.044,24576,64
2,30.023,24576,64
2,30.023,24576,64
2,30.161,24576,64
2,30.161,24576,64
2,30.032,24576,64
2,30.032,24576,64
2,30.047,24576,64
2,30.047,24576,64
2,30.034,24576,64
2,30.034,24576,64
2,30.018,24576,64
2,30.018,24576,64
2,30.025,24576,64
2,30.025,24576,64
2,30.039,24576,64
2,30.024,24576,64
5,29.95,8192,8192
5,29.934,8192,8192
2,30.023,24576,64
2,30.023,24576,64
2,30.035,24576,64
2,30.035,24576,64
2,30.033,24576,64
2,30.033,24576,64
2,30.195,24576,64
2,30.195,24576,64
2,30.048,24576,64
2,30.048,24576,64
2,30.021,24576,64
2,30.021,24576,64
2,30.026,24576,64
2,30.026,24576,64
2,30.031,24576,64
2,30.031,24576,64
2,30.078,24576,64
2,30.078,24576,64
2,30.084,24576,64
2,30.068,24576,64
2,30.026,24576,64
2,30.026,24576,64
2,30.026,24576,64
2,30.026,24576,64
2,30.037,24576,64
2,30.037,24576,64
2,30.031,24576,64
2,30.031,24576,64
2,30.043,24576,64
2,30.043,24576,64
2,30.016,24576,64
2,30.016,24576,64
2,30.088,24576,64
2,30.088,24576,64
2,30.022,24576,64
2,30.022,24576,64
2,30.043,24576,64
2,30.043,24576,64
2,30.027,24576,64
2,30.027,24576,64
2,30.032,24576,64
2,30.032,24576,64
2,30.038,24576,64
2,30.038,24576,64
2,30.029,24576,64
2,30.029,24576,64
2,30.028,24576,64
2,30.028,24576,64
2,30.026,24576,64
2,30.026,24576,64
2,30.028,24576,64
2,30.028,24576,64
2,30.039,24576,64
2,30.039,24576,64
2,30.024,24576,64
2,30.024,24576,64
2,30.025,24576,64
2,30.025,24576,64
2,30.031,24576,64
2,30.031,24576,64
2,30.025,24576,64
2,30.025,24576,64
2,30.037,24576,64
2,30.037,24576,64
2,30.039,24576,64
2,30.039,24576,64
2,30.033,24576,64
2,30.033,24576,64
2,30.036,24576,64
2,30.036,24576,64
2,30.047,24576,64
2,30.047,24576,64
2,30.018,24576,64
2,30.018,24576,64
2,30.034,24576,64
2,30.034,24576,64
2,30.039,24576,64
2,30.023,24576,64
2,30.037,24576,64
2,30.037,24576,64
2,30.037,24576,64
2,30.037,24576,64
2,30.043,24576,64
2,30.043,24576,64
2,30.026,24576,64
2,30.026,24576,64
2,30.041,24576,64
2,30.041,24576,64
2,30.037,24576,64
2,30.037,24576,64
2,30.042,24576,64
2,30.042,24576,64
2,30.037,24576,64
2,30.037,24576,64
2,30.088,24576,64
2,30.088,24576,64
2,30.057,24576,64
2,30.057,24576,64
2,30.026,24576,64
2,30.026,24576,64
2,30.034,24576,64
2,30.034,24576,64
2,30.017,24576,64
2,30.017,24576,64
2,30.039,24576,64
2,30.039,24576,64
2,30.04,24576,64
2,30.04,24576,64
2,30.039,24576,64
2,30.039,24576,64
2,30.025,24576,64
2,30.025,24576,64
2,30.027,24576,64
2,30.027,24576,64
2,30.026,24576,64
2,30.026,24576,64
2,30.037,24576,64
2,30.037,24576,64
2,30.037,24576,64
2,30.037,24576,64
2,30.036,24576,64
2,30.036,24576,64
2,30.032,24576,64
2,30.032,24576,64
2,30.032,24576,64
2,30.032,24576,64
1,0.015,1024,64
1,0.015,1024,64
2,30.025,24576,64
2,30.025,24576,64
5,29.896,8192,8192
5,29.896,8192,8192
1,0.015,1024,64
1,0.015,1024,64
2,30.029,24576,64
2,30.029,24576,64
2,30.039,24576,64
2,30.039,24576,64
5,29.89,8192,8192
5,29.89,8192,8192
2,30.041,24576,64
2,30.041,24576,64
2,30.036,24576,64
2,30.036,24576,64
5,29.89,8192,8192
5,29.89,8192,8192
2,30.018,24576,64
2,30.018,24576,64
2,30.02,24576,64
2,30.02,24576,64
2,30.035,24576,64
2,30.035,24576,64
2,30.029,24576,64
2,30.029,24576,64
2,30.028,24576,64
2,30.028,24576,64
1,0.016,1024,64
1,0.016,1024,64
2,30.043,24576,64
2,30.043,24576,64
2,30.025,24576,64
2,30.025,24576,64
2,30.03,24576,64
2,30.03,24576,64
2,30.056,24576,64
2,30.04,24576,64
2,30.015,24576,64
2,30.015,24576,64
2,30.049,24576,64
2,30.049,24576,64
5,29.89,8192,8192
5,29.89,8192,8192
2,30.03,24576,64
2,30.03,24576,64
2,30.073,24576,64
2,30.057,24576,64
2,30.027,24576,64
2,30.027,24576,64
2,30.033,24576,64
2,30.033,24576,64
2,30.04,24576,64
2,30.04,24576,64
2,30.063,24576,64
2,30.049,24576,64
2,30.042,24576,64
2,30.042,24576,64
2,30.024,24576,64
2,30.024,24576,64
2,30.024,24576,64
2,30.024,24576,64
2,30.026,24576,64
2,30.026,24576,64
2,30.031,24576,64
2,30.031,24576,64
2,30.038,24576,64
2,30.038,24576,64
2,30.037,24576,64
2,30.037,24576,64
2,30.023,24576,64
2,30.023,24576,64
2,30.032,24576,64
2,30.041,24576,64
2,30.041,24576,64
2,30.017,24576,64
2,30.031,24576,64
2,30.031,24576,64
2,30.025,24576,64
2,30.025,24576,64
2,30.038,24576,64
2,30.038,24576,64
2,30.04,24576,64
2,30.023,24576,64
2,30.035,24576,64
2,30.035,24576,64
2,30.016,24576,64
2,30.016,24576,64
2,30.037,24576,64
2,30.037,24576,64
2,30.03,24576,64
2,30.03,24576,64
2,30.01,24576,64
2,30.01,24576,64
2,30.046,24576,64
2,30.046,24576,64
2,30.032,24576,64
2,30.032,24576,64
2,30.037,24576,64
2,30.037,24576,64
2,30.039,24576,64
2,30.039,24576,64
2,30.035,24576,64
2,30.035,24576,64
2,30.024,24576,64
2,30.024,24576,64
2,30.041,24576,64
2,30.041,24576,64
2,30.024,24576,64
2,30.024,24576,64
2,30.027,24576,64
2,30.027,24576,64
2,30.043,24576,64
2,30.043,24576,64
2,30.036,24576,64
2,30.036,24576,64
2,30.039,24576,64
2,30.039,24576,64
2,30.031,24576,64
2,30.014,24576,64
2,30.027,24576,64
2,30.027,24576,64
5,29.902,8192,8192
5,29.902,8192,8192
2,30.04,24576,64
2,30.04,24576,64
2,30.053,24576,64
2,30.037,24576,64
2,30.048,24576,64
2,30.048,24576,64
2,30.052,24576,64
2,30.037,24576,64
2,30.038,24576,64
2,30.038,24576,64
2,30.045,24576,64
2,30.045,24576,64
2,30.047,24576,64
2,30.047,24576,64
2,30.033,24576,64
2,30.033,24576,64
2,30.052,24576,64
2,30.052,24576,64
2,30.022,24576,64
2,30.022,24576,64
2,30.033,24576,64
2,30.033,24576,64
1,0.14,1024,64
1,0.375,1024,64
2,30.035,24576,64
2,30.035,24576,64
2,30.034,24576,64
2,30.034,24576,64
2,30.035,24576,64
2,30.035,24576,64
2,30.016,24576,64
2,30.016,24576,64
2,30.022,24576,64
2,30.022,24576,64
2,30.021,24576,64
2,30.021,24576,64
2,30.021,24576,64
2,30.021,24576,64
2,30.213,24576,64
2,30.213,24576,64
2,30.047,24576,64
2,30.047,24576,64
2,30.043,24576,64
2,30.028,24576,64
2,30.021,24576,64
2,30.021,24576,64
2,30.028,24576,64
2,30.028,24576,64
2,30.045,24576,64
2,30.045,24576,64
2,30.033,24576,64
2,30.033,24576,64
1,0.012,1024,64
2,30.032,24576,64
2,30.032,24576,64
2,30.039,24576,64
2,30.039,24576,64
5,29.908,8192,8192
5,29.908,8192,8192
2,30.037,24576,64
2,30.037,24576,64
2,30.051,24576,64
2,30.032,24576,64
2,30.043,24576,64
2,30.027,24576,64
2,30.031,24576,64
2,30.031,24576,64
2,30.031,24576,64
2,30.031,24576,64
2,30.033,24576,64
2,30.017,24576,64
2,30.027,24576,64
2,30.027,24576,64
2,30.021,24576,64
2,30.021,24576,64
1,0.011,1024,64
1,0.011,1024,64
1,0.013,1024,64
2,30.092,24576,64
2,30.076,24576,64
2,30.026,24576,64
2,30.026,24576,64
1,0.012,1024,64
2,30.034,24576,64
2,30.034,24576,64
1,0.012,1024,64
2,30.037,24576,64
2,30.037,24576,64
1,0.012,1024,64
2,30.015,24576,64
2,30.015,24576,64
1,0.013,1024,64
2,30.027,24576,64
2,30.027,24576,64
1,0.013,1024,64
2,30.023,24576,64
2,30.023,24576,64
1,0.137,1024,64
2,30.028,24576,64
2,30.028,24576,64
2,30.282,24576,64
2,30.282,24576,64
2,30.024,24576,64
2,30.021,24576,64
2,30.021,24576,64
2,30.021,24576,64
1,0.018,1024,64
1,0.018,1024,64
2,30.037,24576,64
2,30.037,24576,64
2,30.291,24576,64
2,30.291,24576,64
1,0.016,1024,64
2,30.059,24576,64
2,30.059,24576,64
1,0.012,1024,64
2,30.143,24576,64
2,30.143,24576,64
1,0.013,1024,64
2,30.01,24576,64
2,30.01,24576,64
2,30.054,24576,64
2,30.038,24576,64
2,30.035,24576,64
2,30.035,24576,64
2,30.034,24576,64
2,30.034,24576,64
2,30.198,24576,64
2,30.198,24576,64
2,30.046,24576,64
2,30.046,24576,64
2,30.052,24576,64
2,30.052,24576,64
2,30.043,24576,64
2,30.043,24576,64
2,30.134,24576,64
2,30.134,24576,64
2,30.029,24576,64
2,30.029,24576,64
2,30.048,24576,64
2,30.033,24576,64
2,30.024,24576,64
2,30.024,24576,64
2,30.066,24576,64
2,30.066,24576,64
2,30.038,24576,64
2,30.038,24576,64
2,30.033,24576,64
2,30.033,24576,64
2,30.036,24576,64
2,30.036,24576,64
2,30.036,24576,64
2,30.02,24576,64
2,30.033,24576,64
2,30.033,24576,64
2,30.036,24576,64
2,30.036,24576,64
2,30.028,24576,64
2,30.028,24576,64
2,30.032,24576,64
2,30.032,24576,64
2,30.037,24576,64
2,30.037,24576,64
2,30.042,24576,64
2,30.042,24576,64
2,30.047,24576,64
2,30.047,24576,64
5,29.913,8192,8192
5,29.913,8192,8192
2,30.042,24576,64
2,30.042,24576,64
2,30.024,24576,64
2,30.024,24576,64
2,30.024,24576,64
2,30.024,24576,64
2,30.022,24576,64
2,30.022,24576,64
2,30.065,24576,64
2,30.049,24576,64
2,30.026,24576,64
2,30.026,24576,64
2,30.037,24576,64
2,30.037,24576,64
2,30.023,24576,64
2,30.023,24576,64
2,30.032,24576,64
2,30.017,24576,64
2,30.023,24576,64
2,30.023,24576,64
2,30.028,24576,64
2,30.028,24576,64
2,30.031,24576,64
2,30.015,24576,64
2,30.05,24576,64
2,30.033,24576,64
2,30.052,24576,64
2,30.052,24576,64
2,30.033,24576,64
2,30.033,24576,64
2,30.042,24576,64
2,30.042,24576,64
2,30.033,24576,64
2,30.033,24576,64
5,23.582,8192,8192
2,30.032,24576,64
2,30.047,24576,64
2,30.032,24576,64
2,30.032,24576,64
2,30.05,24576,64
2,30.037,24576,64
2,30.037,24576,64
2,30.037,24576,64
2,30.031,24576,64
2,30.031,24576,64
2,30.064,24576,64
2,30.048,24576,64
2,30.031,24576,64
2,30.031,24576,64
2,30.04,24576,64
2,30.04,24576,64
5,29.912,8192,8192
5,29.912,8192,8192
2,30.038,24576,64
2,30.038,24576,64
2,30.026,24576,64
2,30.026,24576,64
2,30.037,24576,64
2,30.021,24576,64
2,30.037,24576,64
2,30.037,24576,64
2,30.022,24576,64
2,30.022,24576,64
2,30.044,24576,64
2,30.044,24576,64
2,30.027,24576,64
2,30.027,24576,64
2,30.026,24576,64
2,30.026,24576,64
2,30.042,24576,64
2,30.042,24576,64
2,30.023,24576,64
2,30.023,24576,64
2,30.037,24576,64
2,30.037,24576,64
2,30.031,24576,64
2,30.031,24576,64
2,30.038,24576,64
2,30.038,24576,64
2,30.034,24576,64
2,30.034,24576,64
2,30.036,24576,64
2,30.022,24576,64
2,30.037,24576,64
2,30.037,24576,64
2,30.037,24576,64
2,30.037,24576,64
2,30.021,24576,64
2,30.021,24576,64
2,30.047,24576,64
2,30.031,24576,64
5,29.925,8192,8192
5,29.925,8192,8192
2,30.04,24576,64
2,30.04,24576,64
2,30.032,24576,64
2,30.032,24576,64
2,30.029,24576,64
2,30.029,24576,64
2,30.05,24576,64
2,30.05,24576,64
2,30.072,24576,64
2,30.072,24576,64
2,30.02,24576,64
2,30.02,24576,64
5,29.925,8192,8192
5,29.925,8192,8192
2,30.031,24576,64
2,30.031,24576,64
2,30.038,24576,64
2,30.038,24576,64
5,29.923,8192,8192
5,29.923,8192,8192
2,30.027,24576,64
2,30.027,24576,64
2,30.034,24576,64
2,30.034,24576,64
2,30.043,24576,64
2,30.059,24576,64
2,30.014,24576,64
2,30.248,24576,64
2,30.039,24576,64
2,30.039,24576,64
2,30.028,24576,64
2,30.028,24576,64
2,30.037,24576,64
2,30.037,24576,64
2,30.027,24576,64
2,30.027,24576,64
2,30.059,24576,64
2,30.045,24576,64
2,30.071,24576,64
2,30.086,24576,64
2,30.032,24576,64
2,30.032,24576,64
2,30.027,24576,64
2,30.027,24576,64
2,30.034,24576,64
2,30.034,24576,64
2,30.021,24576,64
2,30.021,24576,64
2,30.027,24576,64
2,30.027,24576,64
2,30.024,24576,64
2,30.024,24576,64
2,30.017,24576,64
2,30.017,24576,64
2,30.022,24576,64
2,30.022,24576,64
2,30.08,24576,64
2,30.064,24576,64
2,30.039,24576,64
2,30.039,24576,64
2,30.02,24576,64
2,30.02,24576,64
2,30.032,24576,64
2,30.032,24576,64
2,30.031,24576,64
2,30.031,24576,64
2,30.038,24576,64
2,30.038,24576,64
2,30.043,24576,64
2,30.043,24576,64
2,30.078,24576,64
2,30.078,24576,64
2,30.017,24576,64
2,30.017,24576,64
2,30.031,24576,64
2,30.031,24576,64
5,29.987,8192,8192
5,29.987,8192,8192
2,30.028,24576,64
2,30.028,24576,64
2,30.045,24576,64
2,30.045,24576,64
2,30.077,24576,64
2,30.077,24576,64
2,30.033,24576,64
2,30.033,24576,64
2,30.042,24576,64
2,30.042,24576,64
2,30.064,24576,64
2,30.064,24576,64
2,30.04,24576,64
2,30.04,24576,64
2,30.032,24576,64
2,30.032,24576,64
2,30.034,24576,64
2,30.031,24576,64
2,30.031,24576,64
2,30.018,24576,64
2,30.032,24576,64
2,30.063,24576,64
2,30.037,24576,64
2,30.037,24576,64
2,30.031,24576,64
2,30.031,24576,64
2,30.017,24576,64
2,30.017,24576,64
2,30.032,24576,64
2,30.032,24576,64
2,30.038,24576,64
2,30.038,24576,64
2,30.049,24576,64
2,30.049,24576,64
2,30.023,24576,64
2,30.016,24576,64
2,30.037,24576,64
2,30.037,24576,64
2,30.096,24576,64
2,30.096,24576,64
5,29.923,8192,8192
5,29.923,8192,8192
2,30.037,24576,64
2,30.037,24576,64
2,30.03,24576,64
2,30.03,24576,64
2,30.047,24576,64
2,30.033,24576,64
2,30.032,24576,64
2,30.032,24576,64
2,30.059,24576,64
2,30.059,24576,64
2,30.058,24576,64
2,30.058,24576,64
2,30.024,24576,64
2,30.024,24576,64
2,30.039,24576,64
2,30.039,24576,64
2,30.032,24576,64
2,30.032,24576,64
5,29.923,8192,8192
5,29.923,8192,8192
2,30.043,24576,64
2,30.043,24576,64
2,30.042,24576,64
2,30.042,24576,64
2,30.039,24576,64
2,30.039,24576,64
2,30.037,24576,64
2,30.037,24576,64
2,30.032,24576,64
2,30.032,24576,64
2,30.047,24576,64
2,30.047,24576,64
2,30.033,24576,64
2,30.033,24576,64
2,30.037,24576,64
2,30.051,24576,64
2,30.051,24576,64
2,30.021,24576,64
2,30.016,24576,64
2,30.016,24576,64
2,30.047,24576,64
2,30.047,24576,64
2,30.031,24576,64
2,30.031,24576,64
2,30.032,24576,64
2,30.032,24576,64
2,30.311,24576,64
2,30.296,24576,64
2,30.021,24576,64
2,30.021,24576,64
2,30.069,24576,64
2,30.051,24576,64
2,30.027,24576,64
2,30.027,24576,64
2,30.029,24576,64
2,30.029,24576,64
2,30.038,24576,64
2,30.038,24576,64
2,30.092,24576,64
2,30.092,24576,64
2,30.032,24576,64
2,30.032,24576,64
2,30.04,24576,64
2,30.04,24576,64
2,30.03,24576,64
2,30.03,24576,64
2,30.038,24576,64
2,30.038,24576,64
2,30.031,24576,64
2,30.031,24576,64
2,30.03,24576,64
2,30.03,24576,64
2,30.014,24576,64
2,30.014,24576,64
2,30.034,24576,64
2,30.034,24576,64
2,30.069,24576,64
2,30.069,24576,64
2,30.039,24576,64
2,30.039,24576,64
2,30.046,24576,64
2,30.046,24576,64
2,30.024,24576,64
2,30.024,24576,64
2,30.042,24576,64
2,30.042,24576,64
2,30.039,24576,64
2,30.042,24576,64
2,30.042,24576,64
2,30.028,24576,64
2,30.028,24576,64
2,30.028,24576,64
2,30.028,24576,64
2,30.023,24576,64
2,30.039,24576,64
2,30.039,24576,64
2,30.023,24576,64
2,30.023,24576,64
2,30.034,24576,64
2,30.034,24576,64
2,30.054,24576,64
2,30.045,24576,64
2,30.039,24576,64
2,30.029,24576,64
2,30.03,24576,64
2,30.03,24576,64
2,30.045,24576,64
2,30.035,24576,64
2,30.03,24576,64
2,30.023,24576,64
2,30.023,24576,64
2,30.03,24576,64
2,30.037,24576,64
2,30.037,24576,64
2,30.058,24576,64
2,30.058,24576,64
2,30.03,24576,64
2,30.03,24576,64
2,30.043,24576,64
2,30.043,24576,64
2,30.036,24576,64
2,30.036,24576,64
2,30.037,24576,64
2,30.021,24576,64
2,30.033,24576,64
2,30.033,24576,64
2,30.048,24576,64
2,30.048,24576,64
2,30.023,24576,64
2,30.023,24576,64
2,30.049,24576,64
2,30.049,24576,64
2,30.016,24576,64
2,30.016,24576,64
2,30.028,24576,64
2,30.028,24576,64
2,30.028,24576,64
2,30.028,24576,64
2,30.037,24576,64
2,30.037,24576,64
2,30.031,24576,64
2,30.031,24576,64
2,30.193,24576,64
2,30.193,24576,64
2,30.037,24576,64
2,30.037,24576,64
2,30.041,24576,64
2,30.041,24576,64
2,30.072,24576,64
2,30.072,24576,64
5,29.928,8192,8192
5,29.928,8192,8192
2,30.035,24576,64
2,30.035,24576,64
2,30.044,24576,64
2,30.044,24576,64
2,30.135,24576,64
2,30.135,24576,64
2,30.032,24576,64
2,30.032,24576,64
2,30.048,24576,64
2,30.048,24576,64
2,30.034,24576,64
2,30.018,24576,64
2,30.038,24576,64
2,30.038,24576,64
2,30.028,24576,64
2,30.028,24576,64
2,30.043,24576,64
2,30.043,24576,64
2,30.05,24576,64
2,30.05,24576,64
2,30.019,24576,64
2,30.019,24576,64
2,30.028,24576,64
2,30.028,24576,64
2,30.026,24576,64
2,30.026,24576,64
2,30.018,24576,64
2,30.018,24576,64
2,30.04,24576,64
2,30.04,24576,64
2,30.038,24576,64
2,30.038,24576,64
2,30.027,24576,64
2,30.027,24576,64
2,30.043,24576,64
2,30.043,24576,64
2,30.046,24576,64
2,30.046,24576,64
2,30.035,24576,64
2,30.035,24576,64
2,30.032,24576,64
2,30.032,24576,64
2,30.042,24576,64
2,30.042,24576,64
2,30.027,24576,64
2,30.027,24576,64
2,30.135,24576,64
2,30.082,24576,64
2,30.082,24576,64
2,30.032,24576,64
2,30.032,24576,64
2,30.045,24576,64
2,30.045,24576,64
2,30.055,24576,64
2,30.05,24576,64
2,30.035,24576,64
2,30.035,24576,64
2,30.045,24576,64
2,30.045,24576,64
2,30.034,24576,64
2,30.034,24576,64
2,30.034,24576,64
5,29.908,8192,8192
5,29.908,8192,8192
2,30.027,24576,64
2,30.027,24576,64
2,30.035,24576,64
2,30.035,24576,64
2,30.017,24576,64
2,30.017,24576,64
2,30.025,24576,64
2,30.025,24576,64
2,30.037,24576,64
2,30.037,24576,64
2,30.034,24576,64
2,30.034,24576,64
2,30.025,24576,64
2,30.025,24576,64
2,30.028,24576,64
2,30.028,24576,64
2,30.015,24576,64
2,30.015,24576,64
2,30.045,24576,64
2,30.045,24576,64
2,30.034,24576,64
2,30.034,24576,64
2,30.033,24576,64
2,30.033,24576,64
2,30.038,24576,64
2,30.023,24576,64
2,30.028,24576,64
2,30.028,24576,64
2,30.038,24576,64
2,30.022,24576,64
2,30.025,24576,64
2,30.025,24576,64
2,30.035,24576,64
2,30.035,24576,64
2,30.043,24576,64
2,30.043,24576,64
2,30.046,24576,64
2,30.046,24576,64
5,29.913,8192,8192
5,29.913,8192,8192
2,30.037,24576,64
2,30.021,24576,64
2,30.031,24576,64
2,30.031,24576,64
5,29.896,8192,8192
5,29.896,8192,8192
2,30.025,24576,64
2,30.025,24576,64
2,30.129,24576,64
2,30.129,24576,64
2,30.032,24576,64
2,30.032,24576,64
2,30.035,24576,64
2,30.035,24576,64
2,30.034,24576,64
2,30.034,24576,64
2,30.029,24576,64
2,30.029,24576,64
2,30.036,24576,64
2,30.036,24576,64
2,30.037,24576,64
2,30.037,24576,64
2,30.038,24576,64
2,30.038,24576,64
2,30.016,24576,64
2,30.016,24576,64
2,30.039,24576,64
2,30.039,24576,64
2,30.03,24576,64
2,30.03,24576,64
2,30.071,24576,64
2,30.057,24576,64
2,30.041,24576,64
2,30.041,24576,64
2,30.031,24576,64
2,30.031,24576,64
2,30.029,24576,64
2,30.029,24576,64
2,30.047,24576,64
2,30.032,24576,64
2,30.04,24576,64
2,30.04,24576,64
2,30.102,24576,64
2,30.055,24576,64
2,30.117,24576,64
2,30.117,24576,64
2,30.031,24576,64
2,30.031,24576,64
2,30.046,24576,64
2,30.03,24576,64
2,30.036,24576,64
2,30.036,24576,64
2,30.022,24576,64
2,30.022,24576,64
2,30.043,24576,64
2,30.043,24576,64
2,30.049,24576,64
2,30.049,24576,64
2,30.036,24576,64
2,30.036,24576,64
2,30.027,24576,64
2,30.027,24576,64
2,30.038,24576,64
2,30.038,24576,64
2,30.026,24576,64
2,30.026,24576,64
2,30.051,24576,64
2,30.051,24576,64
2,30.082,24576,64
2,30.082,24576,64
2,30.102,24576,64
2,30.102,24576,64
2,30.03,24576,64
2,30.014,24576,64
2,30.047,24576,64
2,30.047,24576,64
2,30.044,24576,64
2,30.044,24576,64
2,30.032,24576,64
2,30.032,24576,64
2,30.063,24576,64
2,30.063,24576,64
2,30.043,24576,64
2,30.043,24576,64
2,30.035,24576,64
2,30.035,24576,64
2,30.133,24576,64
2,30.133,24576,64
5,29.907,8192,8192
5,29.891,8192,8192
2,30.023,24576,64
2,30.023,24576,64
2,30.032,24576,64
2,30.032,24576,64
2,30.032,24576,64
2,30.032,24576,64
2,30.032,24576,64
2,30.032,24576,64
2,30.032,24576,64
2,30.032,24576,64
2,30.037,24576,64
2,30.037,24576,64
5,29.907,8192,8192
5,29.907,8192,8192
2,30.032,24576,64
2,30.032,24576,64
2,30.062,24576,64
2,30.062,24576,64
2,30.022,24576,64
2,30.022,24576,64
2,30.034,24576,64
2,30.034,24576,64
2,30.039,24576,64
2,30.039,24576,64
2,30.044,24576,64
2,30.044,24576,64
2,30.031,24576,64
2,30.031,24576,64
2,30.041,24576,64
2,30.041,24576,64
2,30.032,24576,64
2,30.032,24576,64
2,30.036,24576,64
2,30.036,24576,64
2,30.03,24576,64
2,30.03,24576,64
2,30.074,24576,64
2,30.058,24576,64
2,30.035,24576,64
2,30.035,24576,64
2,30.037,24576,64
2,30.037,24576,64
2,30.053,24576,64
2,30.038,24576,64
2,30.03,24576,64
2,30.03,24576,64
2,30.024,24576,64
2,30.024,24576,64
2,30.032,24576,64
2,30.032,24576,64
2,30.031,24576,64
2,30.031,24576,64
2,30.027,24576,64
2,30.027,24576,64
2,30.074,24576,64
2,30.074,24576,64
2,30.088,24576,64
2,30.088,24576,64
2,30.037,24576,64
2,30.037,24576,64
2,30.065,24576,64
2,30.065,24576,64
2,30.063,24576,64
2,30.047,24576,64
2,30.03,24576,64
2,30.03,24576,64
2,30.033,24576,64
2,30.033,24576,64
2,30.072,24576,64
2,30.072,24576,64
2,30.123,24576,64
2,30.123,24576,64
2,30.021,24576,64
2,30.021,24576,64
2,30.032,24576,64
2,30.032,24576,64
2,30.034,24576,64
2,30.034,24576,64
2,30.05,24576,64
2,30.05,24576,64
2,30.032,24576,64
2,30.032,24576,64
2,30.031,24576,64
2,30.031,24576,64
2,30.021,24576,64
2,30.021,24576,64
2,30.043,24576,64
2,30.043,24576,64
5,29.884,8192,8192
5,29.884,8192,8192
2,30.054,24576,64
2,30.054,24576,64
2,30.048,24576,64
2,30.032,24576,64
2,30.032,24576,64
2,30.032,24576,64
2,30.141,24576,64
2,30.141,24576,64
2,30.035,24576,64
2,30.035,24576,64
2,30.043,24576,64
2,30.043,24576,64
2,30.273,24576,64
2,30.273,24576,64
2,30.041,24576,64
2,30.041,24576,64
2,30.032,24576,64
2,30.032,24576,64
2,30.032,24576,64
2,30.016,24576,64
2,30.016,24576,64
2,30.016,24576,64
2,30.039,24576,64
2,30.039,24576,64
2,30.024,24576,64
2,30.024,24576,64
2,30.022,24576,64
2,30.022,24576,64
2,30.036,24576,64
2,30.036,24576,64
2,30.032,24576,64
2,30.032,24576,64
2,30.024,24576,64
2,30.024,24576,64
2,30.032,24576,64
2,30.032,24576,64
2,30.02,24576,64
2,30.02,24576,64
2,30.019,24576,64
2,30.019,24576,64
2,30.04,24576,64
2,30.077,24576,64
2,30.062,24576,64
2,30.024,24576,64
2,30.033,24576,64
2,30.033,24576,64
2,30.032,24576,64
2,30.032,24576,64
2,30.03,24576,64
2,30.03,24576,64
2,30.034,24576,64
2,30.034,24576,64
2,30.038,24576,64
2,30.025,24576,64
2,30.038,24576,64
2,30.038,24576,64
2,30.048,24576,64
2,30.048,24576,64
2,30.03,24576,64
2,30.03,24576,64
2,30.032,24576,64
2,30.032,24576,64
2,30.027,24576,64
2,30.027,24576,64
2,30.032,24576,64
2,30.032,24576,64
2,30.027,24576,64
2,30.027,24576,64
2,30.022,24576,64
2,30.022,24576,64
2,30.027,24576,64
2,30.027,24576,64
2,30.029,24576,64
2,30.029,24576,64
2,30.039,24576,64
2,30.039,24576,64
2,30.033,24576,64
2,30.033,24576,64
2,30.037,24576,64
2,30.018,24576,64
5,29.878,8192,8192
5,29.878,8192,8192
2,30.031,24576,64
2,30.031,24576,64
2,30.03,24576,64
2,30.03,24576,64
5,29.878,8192,8192
5,29.878,8192,8192
2,30.022,24576,64
2,30.022,24576,64
2,30.031,24576,64
2,30.031,24576,64
2,30.031,24576,64
2,30.031,24576,64
2,30.029,24576,64
2,30.029,24576,64
2,30.038,24576,64
2,30.053,24576,64
2,30.023,24576,64
2,30.023,24576,64
2,30.031,24576,64
2,30.031,24576,64
2,30.042,24576,64
2,30.042,24576,64
2,30.031,24576,64
2,30.031,24576,64
2,30.023,24576,64
2,30.023,24576,64
2,30.023,24576,64
2,30.023,24576,64
2,30.037,24576,64
2,30.037,24576,64
2,30.033,24576,64
2,30.033,24576,64
2,30.023,24576,64
2,30.023,24576,64
2,30.032,24576,64
2,30.032,24576,64
2,30.04,24576,64
2,30.04,24576,64
2,30.037,24576,64
2,30.037,24576,64
2,30.037,24576,64
2,30.037,24576,64
2,30.036,24576,64
2,30.036,24576,64
2,30.025,24576,64
2,30.025,24576,64
2,30.02,24576,64
2,30.02,24576,64
2,30.04,24576,64
2,30.04,24576,64
2,30.038,24576,64
2,30.038,24576,64
2,30.02,24576,64
2,30.02,24576,64
2,30.031,24576,64
2,30.031,24576,64
2,30.036,24576,64
2,30.036,24576,64
2,30.042,24576,64
2,30.027,24576,64
2,30.031,24576,64
2,30.031,24576,64
2,30.047,24576,64
2,30.047,24576,64
2,30.032,24576,64
2,30.032,24576,64
2,30.027,24576,64
2,30.027,24576,64
2,30.04,24576,64
2,30.04,24576,64
2,30.028,24576,64
2,30.028,24576,64
5,29.892,8192,8192
5,29.892,8192,8192
2,30.028,24576,64
2,30.028,24576,64
2,30.034,24576,64
2,30.034,24576,64
2,30.202,24576,64
2,30.187,24576,64
2,30.026,24576,64
2,30.026,24576,64
5,29.898,8192,8192
5,29.898,8192,8192
2,30.021,24576,64
2,30.021,24576,64
2,30.028,24576,64
2,30.028,24576,64
2,30.037,24576,64
2,30.037,24576,64
2,30.046,24576,64
2,30.03,24576,64
2,30.029,24576,64
2,30.029,24576,64
2,30.099,24576,64
2,30.099,24576,64
5,29.906,8192,8192
5,29.906,8192,8192
2,30.034,24576,64
2,30.034,24576,64
2,30.022,24576,64
2,30.022,24576,64
2,30.036,24576,64
2,30.034,24576,64
2,30.034,24576,64
2,30.021,24576,64
2,30.016,24576,64
2,30.016,24576,64
2,30.03,24576,64
2,30.03,24576,64
2,30.031,24576,64
2,30.015,24576,64
2,30.027,24576,64
2,30.027,24576,64
2,30.018,24576,64
2,30.018,24576,64
2,30.026,24576,64
2,30.026,24576,64
2,30.034,24576,64
2,30.034,24576,64
2,30.046,24576,64
2,30.046,24576,64
2,30.036,24576,64
2,30.036,24576,64
2,30.036,24576,64
2,30.036,24576,64
2,30.026,24576,64
2,30.026,24576,64
2,30.026,24576,64
2,30.026,24576,64
2,30.028,24576,64
2,30.028,24576,64
2,30.02,24576,64
2,30.02,24576,64
2,30.046,24576,64
2,30.046,24576,64
2,30.036,24576,64
2,30.036,24576,64
2,30.041,24576,64
2,30.041,24576,64
2,30.042,24576,64
2,30.042,24576,64
2,30.04,24576,64
2,30.022,24576,64
2,30.01,24576,64
2,30.01,24576,64
2,30.022,24576,64
2,30.022,24576,64
2,30.026,24576,64
2,30.026,24576,64
2,30.033,24576,64
2,30.033,24576,64
2,30.052,24576,64
2,30.052,24576,64
2,30.036,24576,64
2,30.036,24576,64
2,30.032,24576,64
2,30.032,24576,64
2,30.017,24576,64
2,30.017,24576,64
2,30.024,24576,64
2,30.024,24576,64
2,30.037,24576,64
2,30.037,24576,64
2,30.03,24576,64
2,30.015,24576,64
2,30.032,24576,64
2,30.032,24576,64
2,30.046,24576,64
2,30.046,24576,64
2,30.035,24576,64
2,30.035,24576,64
2,30.03,24576,64
2,30.03,24576,64
2,30.03,24576,64
2,30.03,24576,64
2,30.023,24576,64
2,30.023,24576,64
2,30.032,24576,64
2,30.032,24576,64
2,30.022,24576,64
2,30.037,24576,64
2,30.048,24576,64
2,30.048,24576,64
2,30.042,24576,64
2,30.026,24576,64
2,30.023,24576,64
2,30.023,24576,64
2,30.038,24576,64
2,30.038,24576,64
2,30.026,24576,64
2,30.026,24576,64
2,30.037,24576,64
2,30.037,24576,64
2,30.09,24576,64
2,30.075,24576,64
2,30.02,24576,64
2,30.02,24576,64
2,30.057,24576,64
2,30.041,24576,64
2,30.031,24576,64
2,30.031,24576,64
2,30.045,24576,64
2,30.045,24576,64
2,30.032,24576,64
2,30.032,24576,64
2,30.031,24576,64
2,30.031,24576,64
2,30.028,24576,64
2,30.028,24576,64
2,30.028,24576,64
2,30.028,24576,64
5,29.875,8192,8192
5,29.89,8192,8192
2,30.028,24576,64
2,30.028,24576,64
5,29.89,8192,8192
5,29.89,8192,8192
2,30.028,24576,64
2,30.028,24576,64
2,30.04,24576,64
2,30.04,24576,64
2,30.021,24576,64
2,30.021,24576,64
2,30.025,24576,64
2,30.025,24576,64
2,30.036,24576,64
2,30.036,24576,64
2,30.029,24576,64
2,30.029,24576,64
2,30.028,24576,64
2,30.028,24576,64
2,30.05,24576,64
2,30.05,24576,64
2,30.046,24576,64
2,30.046,24576,64
2,30.019,24576,64
2,30.035,24576,64
2,30.034,24576,64
2,30.034,24576,64
2,30.034,24576,64
2,30.034,24576,64
2,30.032,24576,64
2,30.032,24576,64
2,30.069,24576,64
2,30.069,24576,64
2,30.033,24576,64
2,30.033,24576,64
2,30.016,24576,64
2,30.016,24576,64
2,30.044,24576,64
2,30.044,24576,64
2,30.048,24576,64
2,30.048,24576,64
2,30.05,24576,64
2,30.05,24576,64
2,30.021,24576,64
2,30.021,24576,64
2,30.033,24576,64
2,30.033,24576,64
2,30.032,24576,64
2,30.032,24576,64
2,30.016,24576,64
2,30.016,24576,64
2,30.026,24576,64
2,30.026,24576,64
2,30.034,24576,64
2,30.034,24576,64
2,30.049,24576,64
2,30.049,24576,64
2,30.03,24576,64
2,30.03,24576,64
2,30.034,24576,64
2,30.034,24576,64
2,30.036,24576,64
2,30.036,24576,64
5,29.982,8192,8192
5,29.982,8192,8192
2,30.034,24576,64
2,30.034,24576,64
2,30.146,24576,64
2,30.146,24576,64
2,30.032,24576,64
2,30.032,24576,64
2,30.093,24576,64
2,30.093,24576,64
2,30.037,24576,64
2,30.037,24576,64
2,30.026,24576,64
2,30.026,24576,64
2,30.046,24576,64
2,30.046,24576,64
2,30.032,24576,64
2,30.032,24576,64
2,30.026,24576,64
2,30.041,24576,64
2,30.024,24576,64
2,30.024,24576,64
2,30.032,24576,64
2,30.032,24576,64
2,30.031,24576,64
2,30.031,24576,64
2,30.015,24576,64
2,30.015,24576,64
2,30.026,24576,64
2,30.026,24576,64
2,30.024,24576,64
2,30.024,24576,64
2,30.024,24576,64
2,30.024,24576,64
2,30.033,24576,64
2,30.018,24576,64
2,30.031,24576,64
2,30.031,24576,64
2,30.018,24576,64
2,30.018,24576,64
2,30.04,24576,64
2,30.04,24576,64
2,30.047,24576,64
2,30.047,24576,64
2,30.032,24576,64
2,30.032,24576,64
2,30.035,24576,64
2,30.035,24576,64
2,30.034,24576,64
2,30.034,24576,64
2,30.03,24576,64
2,30.03,24576,64
5,29.872,8192,8192
5,29.872,8192,8192
2,30.039,24576,64
2,30.039,24576,64
2,30.037,24576,64
2,30.037,24576,64
2,30.037,24576,64
2,30.04,24576,64
2,30.04,24576,64
2,30.019,24576,64
5,29.887,8192,8192
5,29.887,8192,8192
2,30.118,24576,64
2,30.118,24576,64
2,30.035,24576,64
2,30.035,24576,64
2,30.022,24576,64
2,30.022,24576,64
2,30.047,24576,64
2,30.037,24576,64
2,30.04,24576,64
2,30.053,24576,64
2,30.032,24576,64
2,30.021,24576,64
2,30.025,24576,64
2,30.037,24576,64
2,30.027,24576,64
2,30.027,24576,64
2,30.047,24576,64
2,30.031,24576,64
2,30.032,24576,64
2,30.032,24576,64
2,30.031,24576,64
2,30.031,24576,64
2,30.058,24576,64
2,30.058,24576,64
2,30.027,24576,64
2,30.027,24576,64
2,30.051,24576,64
2,30.051,24576,64
2,30.027,24576,64
2,30.027,24576,64
2,30.038,24576,64
2,30.038,24576,64
2,30.03,24576,64
2,30.03,24576,64
2,30.041,24576,64
2,30.041,24576,64
2,30.034,24576,64
2,30.034,24576,64
2,30.038,24576,64
2,30.038,24576,64
2,30.036,24576,64
2,30.036,24576,64
2,30.038,24576,64
2,30.038,24576,64
2,30.025,24576,64
2,30.025,24576,64
2,30.054,24576,64
2,30.054,24576,64
2,30.037,24576,64
2,30.037,24576,64
5,29.885,8192,8192
5,29.885,8192,8192
2,30.041,24576,64
2,30.041,24576,64
2,30.037,24576,64
2,30.037,24576,64
2,30.032,24576,64
2,30.032,24576,64
2,30.063,24576,64
2,30.041,24576,64
2,30.041,24576,64
2,30.028,24576,64
2,30.032,24576,64
2,30.035,24576,64
2,30.035,24576,64
2,30.012,24576,64
2,30.038,24576,64
2,30.023,24576,64
2,30.123,24576,64
2,30.123,24576,64
2,30.041,24576,64
2,30.041,24576,64
2,30.038,24576,64
2,30.052,24576,64
2,30.023,24576,64
2,30.023,24576,64
5,29.871,8192,8192
5,29.871,8192,8192
2,30.084,24576,64
2,30.084,24576,64
2,30.03,24576,64
2,30.03,24576,64
2,30.047,24576,64
2,30.047,24576,64
2,30.041,24576,64
2,30.041,24576,64
2,30.036,24576,64
2,30.036,24576,64
2,30.027,24576,64
2,30.027,24576,64
2,30.036,24576,64
2,30.036,24576,64
2,30.03,24576,64
2,30.03,24576,64
2,30.057,24576,64
2,30.042,24576,64
2,30.046,24576,64
2,30.046,24576,64
2,30.039,24576,64
2,30.039,24576,64
2,30.032,24576,64
2,30.032,24576,64
5,29.888,8192,8192
2,30.048,24576,64
2,30.048,24576,64
5,29.873,8192,8192
2,30.028,24576,64
2,30.028,24576,64
2,30.032,24576,64
2,30.032,24576,64
2,30.061,24576,64
2,30.061,24576,64
2,30.016,24576,64
2,30.016,24576,64
5,29.873,8192,8192
5,29.873,8192,8192
2,30.036,24576,64
2,30.036,24576,64
2,30.032,24576,64
2,30.032,24576,64
2,30.035,24576,64
2,30.035,24576,64
2,30.016,24576,64
2,30.016,24576,64
1,0.015,1024,64
2,30.046,24576,64
2,30.024,24576,64
2,30.024,24576,64
2,30.03,24576,64
2,30.031,24576,64
2,30.031,24576,64
2,30.117,24576,64
2,30.028,24576,64
2,30.028,24576,64
2,30.102,24576,64
1,0.015,1024,64
2,30.044,24576,64
2,30.044,24576,64
2,30.035,24576,64
2,30.018,24576,64
2,30.045,24576,64
2,30.041,24576,64
2,30.034,24576,64
2,30.034,24576,64
2,30.042,24576,64
2,30.042,24576,64
2,30.03,24576,64
2,30.03,24576,64
2,30.032,24576,64
2,30.032,24576,64
2,30.057,24576,64
2,30.057,24576,64
2,30.031,24576,64
2,30.031,24576,64
2,30.057,24576,64
2,30.057,24576,64
2,30.042,24576,64
2,30.042,24576,64
2,30.042,24576,64
2,30.042,24576,64
2,30.044,24576,64
2,30.044,24576,64
2,30.034,24576,64
2,30.034,24576,64
2,30.033,24576,64
2,30.033,24576,64
2,30.089,24576,64
2,30.089,24576,64
2,30.036,24576,64
2,30.036,24576,64
2,30.027,24576,64
2,30.027,24576,64
2,30.036,24576,64
2,30.036,24576,64
2,30.051,24576,64
2,30.051,24576,64
2,30.031,24576,64
2,30.031,24576,64
2,30.028,24576,64
2,30.028,24576,64
2,30.021,24576,64
2,30.021,24576,64
1,0.015,1024,64
2,30.018,24576,64
2,30.018,24576,64
2,30.023,24576,64
2,30.023,24576,64
2,30.037,24576,64
2,30.037,24576,64
2,30.033,24576,64
2,30.033,24576,64
2,30.026,24576,64
2,30.026,24576,64
2,30.029,24576,64
2,30.029,24576,64
2,30.026,24576,64
2,30.026,24576,64
2,30.053,24576,64
2,30.022,24576,64
2,30.046,24576,64
2,30.046,24576,64
2,30.033,24576,64
2,30.033,24576,64
2,30.024,24576,64
2,30.024,24576,64
2,30.037,24576,64
2,30.037,24576,64
2,30.021,24576,64
2,30.021,24576,64
2,30.031,24576,64
2,30.031,24576,64
2,30.013,24576,64
2,30.013,24576,64
2,30.105,24576,64
2,30.105,24576,64
2,30.027,24576,64
2,30.027,24576,64
2,30.127,24576,64
2,30.127,24576,64
2,30.032,24576,64
2,30.032,24576,64
5,29.877,8192,8192
5,29.877,8192,8192
2,30.115,24576,64
2,30.115,24576,64
2,30.051,24576,64
2,30.051,24576,64
2,30.047,24576,64
2,30.047,24576,64
2,30.03,24576,64
2,30.03,24576,64
2,30.037,24576,64
2,30.037,24576,64
2,30.037,24576,64
2,30.024,24576,64
2,30.03,24576,64
2,30.03,24576,64
2,30.037,24576,64
2,30.037,24576,64
2,30.036,24576,64
2,30.017,24576,64
2,30.165,24576,64
2,30.165,24576,64
2,30.04,24576,64
2,30.025,24576,64
2,30.042,24576,64
2,30.042,24576,64
2,30.027,24576,64
2,30.027,24576,64
2,30.031,24576,64
2,30.031,24576,64
2,30.027,24576,64
2,30.027,24576,64
2,30.036,24576,64
2,30.036,24576,64
2,30.067,24576,64
2,30.067,24576,64
2,30.046,24576,64
2,30.046,24576,64
2,30.035,24576,64
2,30.035,24576,64
2,30.021,24576,64
2,30.021,24576,64
2,30.046,24576,64
2,30.046,24576,64
2,30.057,24576,64
2,30.057,24576,64
5,29.903,8192,8192
5,29.903,8192,8192
2,30.04,24576,64
2,30.04,24576,64
2,30.039,24576,64
2,30.039,24576,64
2,30.078,24576,64
2,30.078,24576,64
2,30.038,24576,64
2,30.038,24576,64
2,30.061,24576,64
2,30.061,24576,64
2,30.038,24576,64
2,30.038,24576,64
2,30.047,24576,64
2,30.047,24576,64
2,30.049,24576,64
2,30.049,24576,64
2,30.024,24576,64
2,30.024,24576,64
2,30.027,24576,64
2,30.027,24576,64
2,30.053,24576,64
2,30.053,24576,64
2,30.047,24576,64
2,30.031,24576,64
2,30.036,24576,64
2,30.036,24576,64
2,30.037,24576,64
2,30.037,24576,64
2,30.038,24576,64
2,30.038,24576,64
2,30.022,24576,64
2,30.022,24576,64
2,30.053,24576,64
2,30.053,24576,64
5,29.894,8192,8192
5,29.894,8192,8192
2,30.027,24576,64
2,30.027,24576,64
2,30.027,24576,64
2,30.027,24576,64
2,30.05,24576,64
2,30.034,24576,64
2,30.05,24576,64
2,30.034,24576,64
2,30.022,24576,64
2,30.022,24576,64
2,30.044,24576,64
2,30.044,24576,64
2,30.018,24576,64
2,30.018,24576,64
2,30.033,24576,64
2,30.033,24576,64
2,30.037,24576,64
2,30.037,24576,64
2,30.058,24576,64
2,30.058,24576,64
2,30.027,24576,64
2,30.027,24576,64
2,30.028,24576,64
2,30.028,24576,64
2,30.032,24576,64
2,30.032,24576,64
2,30.098,24576,64
2,30.098,24576,64
2,30.038,24576,64
2,30.022,24576,64
2,30.042,24576,64
2,30.027,24576,64
2,30.032,24576,64
2,30.032,24576,64
2,30.035,24576,64
2,30.031,24576,64
2,30.031,24576,64
2,30.02,24576,64
2,30.048,24576,64
2,30.048,24576,64
5,29.902,8192,8192
5,29.902,8192,8192
2,30.042,24576,64
2,30.042,24576,64
2,30.042,24576,64
2,30.042,24576,64
2,30.03,24576,64
2,30.03,24576,64
2,30.032,24576,64
2,30.016,24576,64
2,30.046,24576,64
2,30.03,24576,64
2,30.044,24576,64
2,30.028,24576,64
2,30.03,24576,64
2,30.03,24576,64
2,30.034,24576,64
2,30.031,24576,64
2,30.032,24576,64
2,30.032,24576,64
2,30.037,24576,64
2,30.037,24576,64
2,30.028,24576,64
2,30.028,24576,64
2,30.047,24576,64
2,30.047,24576,64
2,30.032,24576,64
2,30.032,24576,64
2,30.033,24576,64
2,30.033,24576,64
2,30.033,24576,64
2,30.033,24576,64
2,30.025,24576,64
2,30.025,24576,64
2,30.142,24576,64
2,30.142,24576,64
2,30.092,24576,64
2,30.092,24576,64
2,30.041,24576,64
2,30.041,24576,64
2,30.029,24576,64
2,30.029,24576,64
2,30.032,24576,64
2,30.032,24576,64
2,30.032,24576,64
2,30.032,24576,64
2,30.026,24576,64
2,30.026,24576,64
2,30.035,24576,64
2,30.035,24576,64
2,30.036,24576,64
2,30.036,24576,64
2,30.077,24576,64
2,30.061,24576,64
2,30.034,24576,64
2,30.034,24576,64
2,30.034,24576,64
2,30.034,24576,64
2,30.017,24576,64
2,30.014,24576,64
2,30.039,24576,64
2,30.039,24576,64
2,30.026,24576,64
2,30.026,24576,64
2,30.022,24576,64
2,30.022,24576,64
2,30.043,24576,64
2,30.028,24576,64
5,29.905,8192,8192
5,29.905,8192,8192
2,30.044,24576,64
2,30.044,24576,64
2,30.033,24576,64
2,30.033,24576,64
2,30.033,24576,64
2,30.033,24576,64
2,30.022,24576,64
2,30.022,24576,64
2,30.053,24576,64
2,30.037,24576,64
2,30.029,24576,64
2,30.029,24576,64
2,30.037,24576,64
2,30.037,24576,64
2,30.023,24576,64
2,30.023,24576,64
2,30.025,24576,64
2,30.025,24576,64
2,30.042,24576,64
2,30.042,24576,64
2,30.029,24576,64
2,30.013,24576,64
2,30.038,24576,64
2,30.038,24576,64
2,30.037,24576,64
2,30.037,24576,64
2,30.022,24576,64
2,30.022,24576,64
2,30.04,24576,64
2,30.04,24576,64
2,30.017,24576,64
2,30.017,24576,64
2,30.023,24576,64
2,30.023,24576,64
2,30.032,24576,64
2,30.032,24576,64
2,30.06,24576,64
2,30.06,24576,64
2,30.032,24576,64
2,30.032,24576,64
5,29.906,8192,8192
5,29.906,8192,8192
2,30.032,24576,64
2,30.032,24576,64
2,30.039,24576,64
2,30.039,24576,64
2,30.032,24576,64
2,30.032,24576,64
2,30.023,24576,64
2,30.023,24576,64
5,29.925,8192,8192
5,29.91,8192,8192
2,30.053,24576,64
2,30.053,24576,64
2,30.069,24576,64
2,30.053,24576,64
2,30.04,24576,64
2,30.04,24576,64
2,30.015,24576,64
2,30.015,24576,64
2,30.032,24576,64
2,30.032,24576,64
2,30.04,24576,64
2,30.04,24576,64
2,30.072,24576,64
2,30.054,24576,64
2,30.039,24576,64
2,30.039,24576,64
2,30.032,24576,64
2,30.032,24576,64
2,30.039,24576,64
2,30.039,24576,64
2,30.031,24576,64
2,30.031,24576,64
2,30.03,24576,64
2,30.03,24576,64
2,30.037,24576,64
2,30.021,24576,64
2,30.04,24576,64
2,30.04,24576,64
2,30.048,24576,64
2,30.032,24576,64
2,30.016,24576,64
2,30.016,24576,64
2,30.031,24576,64
2,30.031,24576,64
2,30.027,24576,64
2,30.027,24576,64
2,30.054,24576,64
2,30.039,24576,64
2,30.036,24576,64
2,30.036,24576,64
2,30.036,24576,64
2,30.036,24576,64
2,30.042,24576,64
2,30.042,24576,64
2,30.037,24576,64
2,30.037,24576,64
2,30.035,24576,64
2,30.035,24576,64
2,30.087,24576,64
2,30.087,24576,64
2,30.04,24576,64
2,30.04,24576,64
2,30.023,24576,64
2,30.023,24576,64
2,30.029,24576,64
2,30.029,24576,64
2,30.047,24576,64
2,30.047,24576,64
2,30.037,24576,64
2,30.037,24576,64
2,30.04,24576,64
2,30.04,24576,64
2,30.021,24576,64
2,30.021,24576,64
2,30.033,24576,64
2,30.033,24576,64
2,30.034,24576,64
2,30.034,24576,64
2,30.041,24576,64
2,30.041,24576,64
2,30.031,24576,64
2,30.031,24576,64
2,30.061,24576,64
2,30.051,24576,64
2,30.051,24576,64
2,30.045,24576,64
2,30.038,24576,64
2,30.038,24576,64
5,29.898,8192,8192
5,29.898,8192,8192
2,30.031,24576,64
2,30.015,24576,64
2,30.036,24576,64
2,30.036,24576,64
2,30.026,24576,64
2,30.026,24576,64
2,30.046,24576,64
2,30.046,24576,64
2,30.038,24576,64
2,30.038,24576,64
2,30.018,24576,64
2,30.018,24576,64
2,30.028,24576,64
2,30.028,24576,64
2,30.032,24576,64
2,30.032,24576,64
2,30.115,24576,64
2,30.115,24576,64
2,30.031,24576,64
2,30.031,24576,64
2,30.035,24576,64
2,30.035,24576,64
2,30.028,24576,64
2,30.028,24576,64
2,30.031,24576,64
2,30.031,24576,64
2,30.065,24576,64
2,30.034,24576,64
2,30.031,24576,64
2,30.031,24576,64
2,30.031,24576,64
2,30.031,24576,64
2,30.018,24576,64
2,30.018,24576,64
2,30.033,24576,64
2,30.033,24576,64
2,30.021,24576,64
2,30.021,24576,64
2,30.028,24576,64
2,30.028,24576,64
2,30.032,24576,64
2,30.032,24576,64
2,30.017,24576,64
2,30.017,24576,64
2,30.037,24576,64
2,30.037,24576,64
2,30.044,24576,64
2,30.044,24576,64
2,30.032,24576,64
2,30.032,24576,64
2,30.037,24576,64
2,30.037,24576,64
5,29.91,8192,8192
5,29.895,8192,8192
2,30.034,24576,64
2,30.034,24576,64
2,30.034,24576,64
2,30.034,24576,64
2,30.109,24576,64
2,30.109,24576,64
2,30.044,24576,64
2,30.044,24576,64
2,30.045,24576,64
2,30.031,24576,64
2,30.038,24576,64
2,30.038,24576,64
2,30.03,24576,64
2,30.03,24576,64
2,30.031,24576,64
2,30.031,24576,64
2,30.108,24576,64
2,30.092,24576,64
2,30.035,24576,64
2,30.035,24576,64
5,29.875,8192,8192
5,29.875,8192,8192
2,30.024,24576,64
2,30.024,24576,64
2,30.039,24576,64
2,30.039,24576,64
2,30.031,24576,64
2,30.031,24576,64
2,30.037,24576,64
2,30.037,24576,64
2,30.036,24576,64
2,30.036,24576,64
2,30.037,24576,64
2,30.037,24576,64
2,30.04,24576,64
2,30.04,24576,64
2,30.022,24576,64
2,30.022,24576,64
2,30.029,24576,64
2,30.029,24576,64
2,30.035,24576,64
2,30.035,24576,64
2,30.029,24576,64
2,30.029,24576,64
2,30.027,24576,64
2,30.027,24576,64
2,30.014,24576,64
2,30.014,24576,64
2,30.038,24576,64
2,30.038,24576,64
2,30.04,24576,64
2,30.04,24576,64
2,30.046,24576,64
2,30.046,24576,64
2,30.08,24576,64
2,30.08,24576,64
2,30.026,24576,64
2,30.026,24576,64
2,30.031,24576,64
2,30.031,24576,64
2,30.087,24576,64
2,30.087,24576,64
2,30.032,24576,64
2,30.032,24576,64
2,30.047,24576,64
2,30.047,24576,64
2,30.024,24576,64
2,30.024,24576,64
2,30.034,24576,64
2,30.034,24576,64
2,30.156,24576,64
2,30.156,24576,64
2,30.038,24576,64
2,30.038,24576,64
2,30.021,24576,64
2,30.021,24576,64
2,30.076,24576,64
2,30.076,24576,64
2,30.034,24576,64
2,30.034,24576,64
2,30.07,24576,64
2,30.07,24576,64
2,30.04,24576,64
2,30.04,24576,64
2,30.062,24576,64
2,30.062,24576,64
2,30.031,24576,64
2,30.031,24576,64
1,0.015,1024,64
2,30.032,24576,64
2,30.032,24576,64
2,30.052,24576,64
2,30.037,24576,64
2,30.041,24576,64
2,30.041,24576,64
2,30.073,24576,64
2,30.073,24576,64
2,30.024,24576,64
2,30.024,24576,64
2,30.027,24576,64
2,30.027,24576,64
2,30.041,24576,64
2,30.041,24576,64
2,30.042,24576,64
2,30.042,24576,64
2,30.032,24576,64
2,30.032,24576,64
2,30.063,24576,64
2,30.063,24576,64
2,30.042,24576,64
2,30.042,24576,64
2,30.031,24576,64
2,30.031,24576,64
2,30.029,24576,64
2,30.029,24576,64
2,30.036,24576,64
2,30.036,24576,64
2,30.044,24576,64
2,30.029,24576,64
2,30.016,24576,64
2,30.016,24576,64
2,30.042,24576,64
2,30.026,24576,64
2,30.041,24576,64
2,30.025,24576,64
2,30.042,24576,64
2,30.042,24576,64
2,30.041,24576,64
2,30.041,24576,64
2,30.066,24576,64
2,30.066,24576,64
2,30.026,24576,64
2,30.026,24576,64
2,30.034,24576,64
2,30.034,24576,64
5,29.86,8192,8192
5,29.86,8192,8192
2,30.041,24576,64
2,30.041,24576,64
2,30.038,24576,64
2,30.038,24576,64
2,30.048,24576,64
2,30.048,24576,64
5,29.843,8192,8192
5,29.843,8192,8192
2,30.047,24576,64
2,30.031,24576,64
2,30.031,24576,64
2,30.031,24576,64
2,30.027,24576,64
2,30.027,24576,64
2,30.125,24576,64
2,30.125,24576,64
2,30.032,24576,64
2,30.032,24576,64
2,30.021,24576,64
2,30.021,24576,64
2,30.037,24576,64
2,30.037,24576,64
2,30.039,24576,64
2,30.039,24576,64
2,30.035,24576,64
2,30.035,24576,64
2,30.029,24576,64
2,30.029,24576,64
2,30.048,24576,64
2,30.048,24576,64
2,30.03,24576,64
2,30.03,24576,64
2,30.045,24576,64
2,30.045,24576,64
5,29.791,8192,8192
5,29.791,8192,8192
5,29.79,8192,8192
5,29.79,8192,8192
2,30.038,24576,64
2,30.022,24576,64
2,30.031,24576,64
2,30.031,24576,64
2,30.041,24576,64
2,30.025,24576,64
2,30.032,24576,64
2,30.032,24576,64
2,30.032,24576,64
2,30.032,24576,64
2,30.013,24576,64
2,30.013,24576,64
2,30.042,24576,64
2,30.042,24576,64
2,30.033,24576,64
2,30.033,24576,64
2,30.026,24576,64
2,30.026,24576,64
2,30.081,24576,64
2,30.081,24576,64
2,30.032,24576,64
2,30.032,24576,64
2,30.038,24576,64
2,30.038,24576,64
2,30.038,24576,64
2,30.038,24576,64
5,29.756,8192,8192
5,29.756,8192,8192
2,30.039,24576,64
2,30.039,24576,64
2,30.086,24576,64
2,30.024,24576,64
2,30.03,24576,64
2,30.03,24576,64
2,30.041,24576,64
2,30.041,24576,64
1,0.015,1024,64
1,0.015,1024,64
2,30.02,24576,64
2,30.02,24576,64
2,30.036,24576,64
2,30.036,24576,64
2,30.071,24576,64
2,30.055,24576,64
2,30.033,24576,64
2,30.033,24576,64
2,30.033,24576,64
2,30.033,24576,64
2,30.037,24576,64
2,30.037,24576,64
2,30.095,24576,64
2,30.095,24576,64
2,30.031,24576,64
2,30.015,24576,64
2,30.142,24576,64
2,30.142,24576,64
2,30.043,24576,64
2,30.043,24576,64
2,30.031,24576,64
2,30.031,24576,64
2,30.036,24576,64
2,30.036,24576,64
2,30.045,24576,64
2,30.045,24576,64
2,30.04,24576,64
2,30.04,24576,64
2,30.03,24576,64
2,30.03,24576,64
2,30.029,24576,64
2,30.029,24576,64
2,30.058,24576,64
2,30.042,24576,64
2,30.028,24576,64
2,30.028,24576,64
2,30.038,24576,64
2,30.038,24576,64
2,30.049,24576,64
2,30.049,24576,64
2,30.043,24576,64
2,30.043,24576,64
2,30.044,24576,64
2,30.044,24576,64
2,30.056,24576,64
2,30.056,24576,64
2,30.043,24576,64
2,30.043,24576,64
2,30.045,24576,64
2,30.045,24576,64
2,30.032,24576,64
2,30.032,24576,64
2,30.068,24576,64
2,30.068,24576,64
2,30.03,24576,64
2,30.03,24576,64
2,30.027,24576,64
2,30.027,24576,64
2,30.032,24576,64
2,30.032,24576,64
2,30.027,24576,64
2,30.027,24576,64
2,30.023,24576,64
2,30.023,24576,64
2,30.027,24576,64
2,30.027,24576,64
2,30.032,24576,64
2,30.032,24576,64
5,29.703,8192,8192
5,29.703,8192,8192
2,30.032,24576,64
2,30.032,24576,64
2,30.048,24576,64
2,30.048,24576,64
2,30.027,24576,64
2,30.027,24576,64
2,30.022,24576,64
2,30.022,24576,64
2,30.032,24576,64
2,30.032,24576,64
1,0.015,1024,64
1,0.015,1024,64
2,30.043,24576,64
2,30.043,24576,64
2,30.033,24576,64
2,30.033,24576,64
2,30.042,24576,64
2,30.042,24576,64
5,29.687,8192,8192
5,29.687,8192,8192
2,30.04,24576,64
2,30.04,24576,64
2,30.006,24576,64
2,30.021,24576,64
2,30.047,24576,64
2,30.047,24576,64
2,30.049,24576,64
2,30.049,24576,64
2,30.073,24576,64
2,30.073,24576,64
2,30.034,24576,64
2,30.034,24576,64
2,30.028,24576,64
2,30.028,24576,64
2,30.031,24576,64
2,30.031,24576,64
2,30.028,24576,64
2,30.028,24576,64
2,30.034,24576,64
2,30.034,24576,64
2,30.024,24576,64
2,30.024,24576,64
2,30.011,24576,64
2,30.011,24576,64
2,30.027,24576,64
2,30.027,24576,64
2,30.064,24576,64
2,30.064,24576,64
2,30.032,24576,64
2,30.032,24576,64
2,30.027,24576,64
2,30.027,24576,64
2,30.038,24576,64
2,30.038,24576,64
2,30.027,24576,64
2,30.027,24576,64
2,30.037,24576,64
2,30.037,24576,64
2,30.032,24576,64
2,30.032,24576,64
2,30.021,24576,64
2,30.021,24576,64
2,30.039,24576,64
2,30.039,24576,64
2,30.038,24576,64
2,30.022,24576,64
2,30.096,24576,64
2,30.096,24576,64
2,30.02,24576,64
2,30.02,24576,64
2,30.035,24576,64
2,30.035,24576,64
2,30.043,24576,64
2,30.043,24576,64
2,30.149,24576,64
2,30.149,24576,64
2,30.126,24576,64
2,30.126,24576,64
2,30.032,24576,64
2,30.032,24576,64
2,30.042,24576,64
2,30.042,24576,64
2,30.027,24576,64
2,30.027,24576,64
2,30.031,24576,64
2,30.031,24576,64
2,30.037,24576,64
2,30.022,24576,64
2,30.031,24576,64
2,30.031,24576,64
2,30.028,24576,64
2,30.028,24576,64
2,30.04,24576,64
2,30.04,24576,64
2,30.041,24576,64
2,30.041,24576,64
2,30.03,24576,64
2,30.03,24576,64
2,30.038,24576,64
2,30.038,24576,64
2,30.039,24576,64
2,30.039,24576,64
2,30.054,24576,64
2,30.054,24576,64
2,30.032,24576,64
2,30.032,24576,64
2,30.045,24576,64
2,30.045,24576,64
2,30.016,24576,64
2,30.016,24576,64
2,30.093,24576,64
2,30.093,24576,64
2,30.032,24576,64
2,30.032,24576,64
2,30.046,24576,64
2,30.046,24576,64
2,30.031,24576,64
2,30.031,24576,64
2,30.024,24576,64
2,30.024,24576,64
2,30.049,24576,64
2,30.049,24576,64
2,30.097,24576,64
2,30.097,24576,64
2,30.035,24576,64
2,30.035,24576,64
2,30.064,24576,64
2,30.049,24576,64
2,40.829,24576,64
2,40.891,24576,64
3,10.388,4096,4096
2,40.86,24576,64
3,10.313,4096,4096
2,40.798,24576,64
2,40.735,24576,64
2,40.844,24576,64
5,29.688,8192,8192
5,29.672,8192,8192
2,30.043,24576,64
2,30.043,24576,64
2,30.037,24576,64
2,30.037,24576,64
2,30.032,24576,64
2,30.032,24576,64
2,30.041,24576,64
2,30.041,24576,64
2,40.188,24576,64
2,40.141,24576,64
2,30.053,24576,64
2,30.053,24576,64
2,30.036,24576,64
2,30.036,24576,64
2,30.02,24576,64
2,30.02,24576,64
2,30.035,24576,64
2,30.035,24576,64
2,30.041,24576,64
2,30.041,24576,64
5,29.697,8192,8192
5,29.697,8192,8192
2,30.054,24576,64
2,30.054,24576,64
2,30.032,24576,64
2,30.032,24576,64
2,30.052,24576,64
2,30.052,24576,64
2,30.038,24576,64
2,30.038,24576,64
5,29.691,8192,8192
5,29.66,8192,8192
2,30.021,24576,64
2,30.021,24576,64
2,30.033,24576,64
2,30.033,24576,64
2,30.036,24576,64
2,30.036,24576,64
2,30.031,24576,64
2,30.031,24576,64
1,0.005,1024,64
2,30.02,24576,64
2,30.02,24576,64
2,30.042,24576,64
2,30.042,24576,64
2,30.029,24576,64
2,30.029,24576,64
2,30.017,24576,64
2,30.017,24576,64
2,30.056,24576,64
2,30.048,24576,64
2,30.048,24576,64
2,30.04,24576,64
2,30.022,24576,64
2,30.022,24576,64
2,30.024,24576,64
2,30.024,24576,64
2,30.054,24576,64
2,30.054,24576,64
2,30.017,24576,64
2,30.017,24576,64
2,30.033,24576,64
2,30.033,24576,64
2,30.041,24576,64
2,30.041,24576,64
2,30.046,24576,64
2,30.046,24576,64
2,30.043,24576,64
2,30.043,24576,64
2,30.037,24576,64
2,30.037,24576,64
2,30.032,24576,64
2,30.032,24576,64
2,30.031,24576,64
2,30.016,24576,64
2,37.015,24576,64
2,37.0,24576,64
2,30.038,24576,64
2,30.038,24576,64
2,30.025,24576,64
2,30.025,24576,64
2,30.037,24576,64
2,30.037,24576,64
2,30.033,24576,64
2,30.033,24576,64
2,30.023,24576,64
2,30.023,24576,64
2,30.044,24576,64
2,30.028,24576,64
2,30.048,24576,64
2,30.048,24576,64
2,30.031,24576,64
2,30.031,24576,64
2,30.042,24576,64
2,30.042,24576,64
2,30.027,24576,64
2,30.044,24576,64
2,30.044,24576,64
2,30.038,24576,64
2,30.038,24576,64
2,30.012,24576,64
2,30.022,24576,64
2,30.022,24576,64
2,30.076,24576,64
2,30.076,24576,64
2,30.036,24576,64
2,30.036,24576,64
2,30.026,24576,64
2,30.026,24576,64
2,30.051,24576,64
2,30.051,24576,64
2,30.025,24576,64
2,30.025,24576,64
2,30.036,24576,64
2,30.036,24576,64
2,30.032,24576,64
2,30.032,24576,64
2,30.036,24576,64
2,30.036,24576,64
2,30.055,24576,64
2,30.055,24576,64
2,30.028,24576,64
2,30.028,24576,64
2,30.026,24576,64
2,30.026,24576,64
2,30.028,24576,64
2,30.028,24576,64
2,30.047,24576,64
2,30.032,24576,64
2,30.032,24576,64
2,30.032,24576,64
2,30.027,24576,64
2,30.027,24576,64
2,30.028,24576,64
2,30.028,24576,64
2,30.037,24576,64
2,30.037,24576,64
2,30.017,24576,64
2,30.017,24576,64
2,30.028,24576,64
2,30.028,24576,64
2,30.043,24576,64
2,30.043,24576,64
2,30.032,24576,64
2,30.032,24576,64
2,30.032,24576,64
2,30.032,24576,64
2,30.034,24576,64
2,30.034,24576,64
2,30.041,24576,64
2,30.041,24576,64
2,30.046,24576,64
2,30.046,24576,64
2,30.035,24576,64
2,30.035,24576,64
2,30.069,24576,64
2,30.069,24576,64
2,30.034,24576,64
2,30.034,24576,64
2,30.031,24576,64
2,30.031,24576,64
2,30.127,24576,64
2,30.127,24576,64
2,30.033,24576,64
2,30.033,24576,64
2,30.034,24576,64
2,30.034,24576,64
2,30.057,24576,64
2,30.057,24576,64
3,6.862,2048,2048
2,30.034,24576,64
2,30.034,24576,64
2,30.022,24576,64
2,30.022,24576,64
2,30.046,24576,64
2,30.046,24576,64
2,30.038,24576,64
2,30.038,24576,64
2,30.02,24576,64
2,30.02,24576,64
2,30.096,24576,64
2,30.081,24576,64
2,30.029,24576,64
2,30.029,24576,64
2,30.038,24576,64
2,30.038,24576,64
2,30.044,24576,64
2,30.028,24576,64
1,0.016,1024,64
2,30.03,24576,64
2,30.03,24576,64
2,30.05,24576,64
2,30.05,24576,64
1,0.012,1024,64
1,0.012,1024,64
1,0.011,1024,64
2,30.027,24576,64
2,30.027,24576,64
1,0.014,1024,64
2,30.022,24576,64
2,30.022,24576,64
2,30.051,24576,64
2,30.037,24576,64
1,0.011,1024,64
1,0.012,1024,64
5,29.683,8192,8192
5,29.683,8192,8192
5,29.683,8192,8192
5,29.683,8192,8192
1,0.014,1024,64
2,30.025,24576,64
2,30.025,24576,64
1,0.013,1024,64
2,30.032,24576,64
2,30.032,24576,64
1,0.013,1024,64
2,30.033,24576,64
2,30.033,24576,64
1,0.012,1024,64
2,30.047,24576,64
2,30.031,24576,64
1,0.012,1024,64
1,0.012,1024,64
2,30.054,24576,64
2,30.054,24576,64
1,0.014,1024,64
1,0.014,1024,64
2,30.047,24576,64
2,30.047,24576,64
2,30.13,24576,64
2,30.13,24576,64
2,30.024,24576,64
2,30.024,24576,64
2,30.034,24576,64
2,30.034,24576,64
5,29.718,8192,8192
5,29.718,8192,8192
2,30.042,24576,64
2,30.042,24576,64
2,30.025,24576,64
2,30.025,24576,64
2,30.033,24576,64
2,30.033,24576,64
2,30.041,24576,64
2,30.041,24576,64
2,30.033,24576,64
2,30.033,24576,64
2,30.084,24576,64
2,30.084,24576,64
2,30.041,24576,64
2,30.041,24576,64
2,30.032,24576,64
2,30.032,24576,64
2,30.041,24576,64
2,30.041,24576,64
2,30.036,24576,64
2,30.036,24576,64
2,30.026,24576,64
2,30.026,24576,64
2,30.037,24576,64
2,30.037,24576,64
2,30.032,24576,64
2,30.032,24576,64
2,30.027,24576,64
2,30.027,24576,64
2,30.027,24576,64
2,30.027,24576,64
2,30.037,24576,64
2,30.022,24576,64
2,30.029,24576,64
2,30.029,24576,64
2,30.071,24576,64
2,30.071,24576,64
2,30.041,24576,64
2,30.041,24576,64
2,30.041,24576,64
2,30.022,24576,64
2,30.027,24576,64
2,30.027,24576,64
2,30.038,24576,64
2,30.038,24576,64
2,30.044,24576,64
2,30.044,24576,64
5,29.734,8192,8192
5,29.734,8192,8192
2,30.026,24576,64
2,30.026,24576,64
2,30.06,24576,64
2,30.06,24576,64
2,30.038,24576,64
2,30.038,24576,64
2,30.057,24576,64
2,30.057,24576,64
2,30.036,24576,64
2,30.036,24576,64
2,30.011,24576,64
2,30.011,24576,64
2,30.037,24576,64
2,30.037,24576,64
5,29.758,8192,8192
5,29.758,8192,8192
2,30.035,24576,64
2,30.02,24576,64
2,30.027,24576,64
2,30.027,24576,64
2,30.031,24576,64
2,30.031,24576,64
2,30.032,24576,64
2,30.032,24576,64
2,30.026,24576,64
2,30.026,24576,64
2,30.027,24576,64
2,30.011,24576,64
2,30.053,24576,64
2,30.053,24576,64
2,30.036,24576,64
2,30.036,24576,64
2,30.021,24576,64
2,30.021,24576,64
2,30.037,24576,64
2,30.037,24576,64
2,30.045,24576,64
2,30.03,24576,64
2,30.042,24576,64
2,30.042,24576,64
2,30.062,24576,64
2,30.062,24576,64
2,30.029,24576,64
2,30.029,24576,64
2,30.028,24576,64
2,30.028,24576,64
2,30.056,24576,64
2,30.056,24576,64
2,30.027,24576,64
2,30.042,24576,64
2,30.043,24576,64
2,30.043,24576,64
2,30.037,24576,64
2,30.037,24576,64
2,30.016,24576,64
2,30.016,24576,64
2,30.05,24576,64
2,30.05,24576,64
2,30.052,24576,64
2,30.037,24576,64
2,30.089,24576,64
2,30.048,24576,64
2,30.031,24576,64
2,30.058,24576,64
2,30.038,24576,64
2,30.038,24576,64
2,30.023,24576,64
2,30.023,24576,64
2,30.035,24576,64
2,30.031,24576,64
2,30.056,24576,64
2,30.056,24576,64
2,30.047,24576,64
2,30.031,24576,64
2,30.104,24576,64
2,30.104,24576,64
2,30.073,24576,64
2,30.073,24576,64
2,30.022,24576,64
2,30.022,24576,64
2,30.023,24576,64
2,30.023,24576,64
2,30.037,24576,64
2,30.037,24576,64
2,30.027,24576,64
2,30.027,24576,64
2,30.023,24576,64
2,30.023,24576,64
2,30.042,24576,64
2,30.042,24576,64
2,30.039,24576,64
2,30.039,24576,64
2,30.036,24576,64
2,30.036,24576,64
2,30.037,24576,64
2,30.037,24576,64
2,30.033,24576,64
2,30.033,24576,64
2,30.04,24576,64
2,30.04,24576,64
5,29.79,8192,8192
5,29.79,8192,8192
2,30.034,24576,64
2,30.034,24576,64
2,30.049,24576,64
2,30.049,24576,64
5,29.819,8192,8192
5,29.819,8192,8192
2,30.043,24576,64
2,30.027,24576,64
2,30.021,24576,64
2,30.021,24576,64
2,30.033,24576,64
2,30.017,24576,64
2,30.039,24576,64
2,30.039,24576,64
2,30.04,24576,64
2,30.04,24576,64
2,30.04,24576,64
2,30.04,24576,64
2,30.047,24576,64
2,30.047,24576,64
2,30.029,24576,64
2,30.029,24576,64
2,30.062,24576,64
2,30.062,24576,64
2,30.027,24576,64
2,30.027,24576,64
2,30.023,24576,64
2,30.023,24576,64
2,30.111,24576,64
2,30.097,24576,64
2,30.033,24576,64
2,30.033,24576,64
2,30.032,24576,64
2,30.032,24576,64
2,30.078,24576,64
2,30.078,24576,64
2,30.02,24576,64
2,30.02,24576,64
2,30.039,24576,64
2,30.039,24576,64
2,30.079,24576,64
2,30.079,24576,64
2,30.055,24576,64
2,30.039,24576,64
2,30.028,24576,64
2,30.028,24576,64
2,30.032,24576,64
2,30.032,24576,64
2,30.026,24576,64
2,30.032,24576,64
2,30.032,24576,64
2,30.01,24576,64
2,30.039,24576,64
2,30.039,24576,64
2,30.042,24576,64
2,30.027,24576,64
2,30.045,24576,64
2,30.045,24576,64
2,30.035,24576,64
2,30.035,24576,64
2,30.032,24576,64
2,30.032,24576,64
2,30.032,24576,64
2,30.032,24576,64
5,29.809,8192,8192
5,29.809,8192,8192
5,29.809,8192,8192
5,29.809,8192,8192
2,30.043,24576,64
2,30.026,24576,64
2,30.039,24576,64
2,30.039,24576,64
2,30.039,24576,64
2,30.039,24576,64
2,30.033,24576,64
2,30.017,24576,64
2,30.02,24576,64
2,30.02,24576,64
2,30.019,24576,64
2,30.019,24576,64
2,30.032,24576,64
2,30.032,24576,64
2,30.042,24576,64
2,30.042,24576,64
2,30.029,24576,64
2,30.013,24576,64
2,30.024,24576,64
2,30.024,24576,64
2,30.026,24576,64
2,30.026,24576,64
2,30.055,24576,64
2,30.055,24576,64
2,30.041,24576,64
2,30.041,24576,64
2,30.037,24576,64
2,30.037,24576,64
2,30.051,24576,64
2,30.051,24576,64
2,30.034,24576,64
2,30.034,24576,64
2,30.035,24576,64
2,30.035,24576,64
2,30.029,24576,64
2,30.029,24576,64
2,30.027,24576,64
2,30.027,24576,64
2,30.042,24576,64
2,30.045,24576,64
2,30.026,24576,64
2,30.03,24576,64
2,30.024,24576,64
2,30.024,24576,64
2,30.038,24576,64
2,30.038,24576,64
2,30.046,24576,64
2,30.046,24576,64
2,30.031,24576,64
2,30.031,24576,64
2,30.022,24576,64
2,30.022,24576,64
2,30.037,24576,64
2,30.037,24576,64
2,30.022,24576,64
2,30.022,24576,64
2,30.026,24576,64
2,30.026,24576,64
2,30.018,24576,64
2,30.018,24576,64
2,30.025,24576,64
2,30.025,24576,64
2,30.021,24576,64
2,30.021,24576,64
2,30.031,24576,64
2,30.031,24576,64
2,30.027,24576,64
2,30.027,24576,64
2,30.028,24576,64
2,30.043,24576,64
2,30.03,24576,64
2,30.017,24576,64
2,30.032,24576,64
2,30.032,24576,64
2,30.035,24576,64
2,30.035,24576,64
2,30.035,24576,64
2,30.035,24576,64
2,30.035,24576,64
2,30.035,24576,64
2,30.025,24576,64
2,30.025,24576,64
2,30.025,24576,64
2,30.025,24576,64
2,30.035,24576,64
2,30.035,24576,64
2,30.009,24576,64
2,30.009,24576,64
2,30.033,24576,64
2,30.033,24576,64
2,30.069,24576,64
2,30.069,24576,64
2,30.078,24576,64
2,30.078,24576,64
2,30.024,24576,64
2,30.024,24576,64
2,30.045,24576,64
2,30.029,24576,64
2,30.049,24576,64
2,30.049,24576,64
2,30.03,24576,64
2,30.03,24576,64
2,30.205,24576,64
2,30.205,24576,64
2,30.046,24576,64
2,30.03,24576,64
2,30.038,24576,64
2,30.038,24576,64
2,30.03,24576,64
2,30.014,24576,64
2,30.032,24576,64
2,30.032,24576,64
2,30.029,24576,64
2,30.029,24576,64
2,30.027,24576,64
2,30.027,24576,64
2,30.032,24576,64
2,30.032,24576,64
2,30.026,24576,64
2,30.026,24576,64
2,30.045,24576,64
2,30.045,24576,64
2,30.027,24576,64
2,30.027,24576,64
2,30.041,24576,64
2,30.025,24576,64
2,30.039,24576,64
2,30.039,24576,64
2,30.038,24576,64
2,30.038,24576,64
5,29.853,8192,8192
5,29.853,8192,8192
2,30.04,24576,64
2,30.04,24576,64
2,30.022,24576,64
2,30.022,24576,64
2,30.054,24576,64
2,30.038,24576,64
2,30.042,24576,64
2,30.042,24576,64
2,30.025,24576,64
2,30.025,24576,64
2,30.026,24576,64
2,30.026,24576,64
2,30.027,24576,64
2,30.027,24576,64
2,30.043,24576,64
2,30.043,24576,64
2,30.027,24576,64
2,30.027,24576,64
2,30.029,24576,64
2,30.029,24576,64
2,30.024,24576,64
2,30.024,24576,64
2,30.042,24576,64
2,30.027,24576,64
2,30.025,24576,64
2,30.025,24576,64
2,30.029,24576,64
2,30.029,24576,64
2,30.032,24576,64
2,30.032,24576,64
2,30.041,24576,64
2,30.041,24576,64
2,30.021,24576,64
2,30.021,24576,64
2,30.062,24576,64
2,30.062,24576,64
2,30.045,24576,64
2,30.045,24576,64
2,30.032,24576,64
2,30.016,24576,64
2,30.037,24576,64
2,30.037,24576,64
2,30.037,24576,64
2,30.037,24576,64
2,30.024,24576,64
2,30.024,24576,64
2,30.041,24576,64
2,30.041,24576,64
2,30.041,24576,64
2,30.041,24576,64
2,30.034,24576,64
2,30.034,24576,64
2,30.026,24576,64
2,30.026,24576,64
2,30.036,24576,64
2,30.036,24576,64
2,30.047,24576,64
2,30.047,24576,64
2,30.032,24576,64
2,30.032,24576,64
2,30.03,24576,64
2,30.03,24576,64
2,30.043,24576,64
2,30.043,24576,64
2,30.023,24576,64
2,30.023,24576,64
2,30.025,24576,64
2,30.025,24576,64
2,30.039,24576,64
2,30.039,24576,64
2,30.028,24576,64
2,30.028,24576,64
2,30.032,24576,64
2,30.032,24576,64
2,30.024,24576,64
2,30.024,24576,64
2,30.023,24576,64
2,30.023,24576,64
2,30.038,24576,64
2,30.038,24576,64
2,30.036,24576,64
2,30.036,24576,64
5,29.837,8192,8192
5,29.837,8192,8192
2,30.035,24576,64
2,30.035,24576,64
2,30.043,24576,64
2,30.043,24576,64
2,30.027,24576,64
2,30.027,24576,64
2,30.024,24576,64
2,30.024,24576,64
2,30.036,24576,64
2,30.036,24576,64
2,30.051,24576,64
2,30.051,24576,64
2,30.045,24576,64
2,30.045,24576,64
2,30.021,24576,64
2,30.021,24576,64
2,30.021,24576,64
2,30.021,24576,64
2,30.02,24576,64
2,30.02,24576,64
2,30.036,24576,64
2,30.036,24576,64
2,30.036,24576,64
2,30.036,24576,64
2,30.027,24576,64
2,30.027,24576,64
2,30.017,24576,64
2,30.017,24576,64
2,30.032,24576,64
2,30.032,24576,64
2,30.026,24576,64
2,30.026,24576,64
2,30.093,24576,64
2,30.077,24576,64
2,30.034,24576,64
2,30.034,24576,64
2,30.029,24576,64
2,30.029,24576,64
2,30.029,24576,64
2,30.029,24576,64
2,30.025,24576,64
2,30.025,24576,64
2,30.031,24576,64
2,30.031,24576,64
2,30.026,24576,64
2,30.026,24576,64
2,30.058,24576,64
2,30.058,24576,64
2,30.026,24576,64
2,30.026,24576,64
2,30.037,24576,64
2,30.037,24576,64
2,30.024,24576,64
2,30.024,24576,64
2,30.019,24576,64
2,30.019,24576,64
2,30.022,24576,64
2,30.022,24576,64
2,30.037,24576,64
2,30.037,24576,64
2,30.037,24576,64
2,30.037,24576,64
2,30.024,24576,64
2,30.024,24576,64
2,30.027,24576,64
2,30.027,24576,64
2,30.059,24576,64
2,30.059,24576,64
2,30.032,24576,64
2,30.032,24576,64
2,30.034,24576,64
2,30.034,24576,64
2,30.027,24576,64
2,30.027,24576,64
5,29.845,8192,8192
5,29.845,8192,8192
2,30.042,24576,64
2,30.042,24576,64
2,30.041,24576,64
2,30.041,24576,64
2,30.026,24576,64
2,30.026,24576,64
2,30.041,24576,64
2,30.041,24576,64
2,30.025,24576,64
2,30.025,24576,64
2,30.029,24576,64
2,30.029,24576,64
2,30.04,24576,64
2,30.024,24576,64
2,30.042,24576,64
2,30.042,24576,64
2,30.046,24576,64
2,30.03,24576,64
2,30.031,24576,64
2,30.031,24576,64
2,30.029,24576,64
2,30.029,24576,64
2,30.031,24576,64
2,30.031,24576,64
2,30.022,24576,64
2,30.022,24576,64
2,30.031,24576,64
2,30.015,24576,64
5,29.837,8192,8192
5,29.837,8192,8192
5,29.837,8192,8192
5,29.837,8192,8192
2,30.039,24576,64
2,30.039,24576,64
2,30.027,24576,64
2,30.027,24576,64
2,30.026,24576,64
2,30.026,24576,64
2,30.027,24576,64
2,30.027,24576,64
2,30.037,24576,64
2,30.021,24576,64
2,30.042,24576,64
2,30.042,24576,64
2,30.032,24576,64
2,30.032,24576,64
2,30.032,24576,64
2,30.032,24576,64
2,30.02,24576,64
2,30.02,24576,64
2,30.032,24576,64
2,30.032,24576,64
2,30.049,24576,64
2,30.031,24576,64
2,30.031,24576,64
2,30.033,24576,64
2,30.033,24576,64
2,30.033,24576,64
2,30.039,24576,64
2,30.039,24576,64
2,30.03,24576,64
2,30.03,24576,64
2,30.039,24576,64
2,30.039,24576,64
2,30.036,24576,64
2,30.036,24576,64
2,30.053,24576,64
2,30.053,24576,64
2,30.069,24576,64
2,30.031,24576,64
2,30.031,24576,64
2,30.052,24576,64
2,30.052,24576,64
2,30.053,24576,64
2,30.032,24576,64
2,30.032,24576,64
2,30.042,24576,64
2,30.042,24576,64
2,30.016,24576,64
2,30.016,24576,64
2,30.073,24576,64
2,30.073,24576,64
2,30.033,24576,64
2,30.033,24576,64
2,30.047,24576,64
5,29.836,8192,8192
5,29.836,8192,8192
2,30.102,24576,64
2,30.102,24576,64
2,30.032,24576,64
2,30.03,24576,64
2,30.03,24576,64
2,30.042,24576,64
2,30.026,24576,64
2,30.026,24576,64
2,30.026,24576,64
5,29.826,8192,8192
5,29.826,8192,8192
2,30.047,24576,64
2,30.047,24576,64
2,30.031,24576,64
2,30.031,24576,64
2,30.031,24576,64
2,30.031,24576,64
2,30.076,24576,64
2,30.076,24576,64
3,4.546,2048,2048
2,30.033,24576,64
2,30.033,24576,64
2,30.045,24576,64
2,30.029,24576,64
2,30.046,24576,64
2,30.046,24576,64
2,30.036,24576,64
2,30.036,24576,64
2,30.074,24576,64
2,30.074,24576,64
1,0.015,1024,64
1,0.015,1024,64
2,30.036,24576,64
2,30.036,24576,64
2,30.181,24576,64
2,30.181,24576,64
5,29.844,8192,8192
5,29.844,8192,8192
2,30.026,24576,64
2,30.026,24576,64
2,30.024,24576,64
2,30.024,24576,64
2,30.047,24576,64
2,30.047,24576,64
2,30.02,24576,64
2,30.02,24576,64
2,30.014,24576,64
2,30.014,24576,64
2,30.041,24576,64
2,30.041,24576,64
2,30.049,24576,64
2,30.049,24576,64
2,30.139,24576,64
2,30.139,24576,64
2,30.021,24576,64
2,30.021,24576,64
2,30.022,24576,64
2,30.022,24576,64
2,30.04,24576,64
2,30.04,24576,64
2,30.036,24576,64
2,30.036,24576,64
2,30.036,24576,64
2,30.02,24576,64
2,30.027,24576,64
2,30.027,24576,64
2,30.02,24576,64
2,30.02,24576,64
2,30.025,24576,64
2,30.025,24576,64
2,30.093,24576,64
2,30.093,24576,64
2,30.053,24576,64
2,30.053,24576,64
2,30.038,24576,64
2,30.032,24576,64
2,30.038,24576,64
2,30.038,24576,64
2,30.032,24576,64
2,30.032,24576,64
2,30.047,24576,64
2,30.047,24576,64
2,30.048,24576,64
2,30.048,24576,64
2,30.029,24576,64
2,30.029,24576,64
2,30.032,24576,64
2,30.032,24576,64
2,30.019,24576,64
2,30.019,24576,64
2,30.045,24576,64
2,30.045,24576,64
2,30.054,24576,64
2,30.054,24576,64
2,30.021,24576,64
2,30.021,24576,64
2,30.027,24576,64
2,30.027,24576,64
2,30.044,24576,64
2,30.033,24576,64
2,30.079,24576,64
2,30.079,24576,64
2,30.026,24576,64
2,30.026,24576,64
2,30.033,24576,64
2,30.033,24576,64
2,30.019,24576,64
2,30.019,24576,64
2,30.038,24576,64
2,30.038,24576,64
2,30.041,24576,64
2,30.041,24576,64
2,30.032,24576,64
2,30.032,24576,64
2,30.024,24576,64
2,30.024,24576,64
2,30.016,24576,64
2,30.016,24576,64
2,30.059,24576,64
2,30.059,24576,64
2,30.032,24576,64
2,30.032,24576,64
2,30.04,24576,64
2,30.04,24576,64
2,30.033,24576,64
2,30.033,24576,64
2,30.032,24576,64
2,30.032,24576,64
2,30.032,24576,64
2,30.032,24576,64
2,30.037,24576,64
2,30.037,24576,64
2,30.052,24576,64
2,30.052,24576,64
2,30.037,24576,64
2,30.037,24576,64
2,30.038,24576,64
2,30.038,24576,64
2,30.026,24576,64
2,30.026,24576,64
2,30.023,24576,64
2,30.007,24576,64
2,30.024,24576,64
2,30.024,24576,64
2,30.032,24576,64
2,30.032,24576,64
2,30.022,24576,64
2,30.022,24576,64
5,29.823,8192,8192
5,29.823,8192,8192
2,30.081,24576,64
2,30.081,24576,64
2,30.018,24576,64
2,30.018,24576,64
2,30.037,24576,64
2,30.037,24576,64
2,30.073,24576,64
2,30.073,24576,64
2,30.03,24576,64
2,30.03,24576,64
2,30.047,24576,64
2,30.047,24576,64
2,30.026,24576,64
2,30.026,24576,64
2,30.026,24576,64
2,30.026,24576,64
2,30.021,24576,64
2,30.021,24576,64
2,30.005,24576,64
2,30.005,24576,64
2,30.029,24576,64
2,30.029,24576,64
2,30.03,24576,64
2,30.03,24576,64
2,30.036,24576,64
2,30.036,24576,64
2,30.044,24576,64
2,30.044,24576,64
2,30.036,24576,64
2,30.036,24576,64
2,30.031,24576,64
2,30.031,24576,64
2,30.047,24576,64
2,30.047,24576,64
2,30.039,24576,64
2,30.039,24576,64
2,30.032,24576,64
2,30.032,24576,64
2,30.031,24576,64
2,30.031,24576,64
2,30.033,24576,64
2,30.033,24576,64
2,30.027,24576,64
2,30.027,24576,64
2,30.036,24576,64
2,30.036,24576,64
2,30.047,24576,64
2,30.047,24576,64
2,30.03,24576,64
2,30.03,24576,64
2,30.03,24576,64
2,30.03,24576,64
2,30.029,24576,64
2,30.029,24576,64
2,30.02,24576,64
2,30.02,24576,64
5,29.838,8192,8192
5,29.838,8192,8192
2,30.015,24576,64
2,30.015,24576,64
2,30.036,24576,64
2,30.021,24576,64
2,30.03,24576,64
2,30.03,24576,64
2,30.041,24576,64
2,30.026,24576,64
2,30.017,24576,64
2,30.017,24576,64
2,30.041,24576,64
2,30.041,24576,64
2,30.282,24576,64
2,30.282,24576,64
2,30.096,24576,64
2,30.096,24576,64
2,30.013,24576,64
2,30.013,24576,64
5,29.83,8192,8192
5,29.83,8192,8192
2,30.087,24576,64
2,30.087,24576,64
2,30.03,24576,64
2,30.03,24576,64
2,30.318,24576,64
2,30.318,24576,64
2,30.015,24576,64
2,30.015,24576,64
2,30.071,24576,64
2,30.071,24576,64
2,30.099,24576,64
2,30.099,24576,64
2,30.045,24576,64
2,30.045,24576,64
2,30.04,24576,64
2,30.024,24576,64
2,30.174,24576,64
2,30.174,24576,64
2,30.041,24576,64
2,30.041,24576,64
2,30.058,24576,64
2,30.058,24576,64
2,30.015,24576,64
2,30.015,24576,64
2,30.024,24576,64
2,30.024,24576,64
2,30.03,24576,64
2,30.015,24576,64
2,30.034,24576,64
2,30.034,24576,64
2,30.023,24576,64
2,30.023,24576,64
2,30.046,24576,64
2,30.034,24576,64
2,30.034,24576,64
2,30.03,24576,64
2,30.021,24576,64
2,30.021,24576,64
2,30.038,24576,64
2,30.038,24576,64
2,30.036,24576,64
2,30.036,24576,64
2,30.036,24576,64
2,30.036,24576,64
2,30.259,24576,64
2,30.259,24576,64
2,30.036,24576,64
2,30.036,24576,64
2,30.353,24576,64
2,30.337,24576,64
2,30.041,24576,64
2,30.025,24576,64
2,30.037,24576,64
2,30.037,24576,64
2,30.03,24576,64
2,30.03,24576,64
2,30.021,24576,64
2,30.021,24576,64
2,30.025,24576,64
2,30.025,24576,64
2,30.03,24576,64
2,30.03,24576,64
2,30.041,24576,64
2,30.041,24576,64
2,30.041,24576,64
2,30.041,24576,64
2,30.06,24576,64
2,30.06,24576,64
2,30.087,24576,64
2,30.087,24576,64
2,30.034,24576,64
2,30.034,24576,64
2,30.024,24576,64
2,30.024,24576,64
2,30.019,24576,64
2,30.019,24576,64
2,30.057,24576,64
2,30.057,24576,64
2,30.068,24576,64
2,30.068,24576,64
2,30.037,24576,64
2,30.037,24576,64
2,30.175,24576,64
2,30.192,24576,64
2,30.284,24576,64
2,30.252,24576,64
2,30.038,24576,64
2,30.038,24576,64
2,30.076,24576,64
2,30.089,24576,64
2,30.025,24576,64
2,30.025,24576,64
2,30.026,24576,64
2,30.026,24576,64
2,30.043,24576,64
2,30.043,24576,64
2,30.033,24576,64
2,30.033,24576,64
2,30.035,24576,64
2,30.035,24576,64
5,29.843,8192,8192
5,29.843,8192,8192
2,30.026,24576,64
2,30.026,24576,64
2,30.035,24576,64
2,30.05,24576,64
2,30.042,24576,64
2,30.042,24576,64
2,30.021,24576,64
2,30.021,24576,64
2,30.022,24576,64
2,30.022,24576,64
5,29.833,8192,8192
5,29.833,8192,8192
2,30.032,24576,64
2,30.032,24576,64
2,30.032,24576,64
2,30.032,24576,64
2,30.03,24576,64
2,30.03,24576,64
2,30.065,24576,64
2,30.049,24576,64
5,29.849,8192,8192
5,29.849,8192,8192
2,30.038,24576,64
2,30.038,24576,64
2,30.072,24576,64
2,30.072,24576,64
2,30.021,24576,64
2,30.021,24576,64
2,30.027,24576,64
2,30.011,24576,64
2,30.106,24576,64
2,30.091,24576,64
2,30.046,24576,64
2,30.046,24576,64
2,30.036,24576,64
2,30.036,24576,64
2,30.02,24576,64
2,30.02,24576,64
2,30.026,24576,64
2,30.026,24576,64
2,30.024,24576,64
2,30.024,24576,64
2,30.034,24576,64
2,30.034,24576,64
2,30.028,24576,64
2,30.028,24576,64
2,30.04,24576,64
2,30.023,24576,64
2,30.034,24576,64
2,30.034,24576,64
2,30.041,24576,64
2,30.041,24576,64
2,30.087,24576,64
2,30.087,24576,64
2,30.052,24576,64
2,30.052,24576,64
2,30.031,24576,64
2,30.031,24576,64
2,30.047,24576,64
2,30.047,24576,64
2,30.029,24576,64
2,30.029,24576,64
2,30.022,24576,64
2,30.022,24576,64
2,30.052,24576,64
2,30.052,24576,64
2,30.022,24576,64
2,30.022,24576,64
2,30.032,24576,64
2,30.032,24576,64
2,30.026,24576,64
2,30.026,24576,64
2,30.039,24576,64
2,30.039,24576,64
2,30.017,24576,64
2,30.017,24576,64
2,30.031,24576,64
2,30.031,24576,64
2,30.037,24576,64
2,30.037,24576,64
2,30.041,24576,64
2,30.026,24576,64
2,30.031,24576,64
2,30.031,24576,64
2,30.036,24576,64
2,30.036,24576,64
2,30.037,24576,64
2,30.037,24576,64
2,30.037,24576,64
2,30.021,24576,64
2,30.038,24576,64
2,30.038,24576,64
2,30.035,24576,64
2,30.035,24576,64
2,30.058,24576,64
2,30.042,24576,64
2,30.016,24576,64
2,30.016,24576,64
2,30.037,24576,64
2,30.037,24576,64
2,30.016,24576,64
2,30.016,24576,64
2,30.032,24576,64
2,30.032,24576,64
2,30.016,24576,64
2,30.016,24576,64
2,30.038,24576,64
2,30.038,24576,64
2,30.036,24576,64
2,30.036,24576,64
2,30.021,24576,64
2,30.021,24576,64
2,30.179,24576,64
2,30.179,24576,64
2,30.034,24576,64
2,30.034,24576,64
2,30.037,24576,64
2,30.037,24576,64
2,30.042,24576,64
2,30.042,24576,64
2,30.036,24576,64
2,30.036,24576,64
2,30.026,24576,64
2,30.026,24576,64
2,30.029,24576,64
2,30.029,24576,64
2,30.03,24576,64
2,30.03,24576,64
2,30.043,24576,64
2,30.043,24576,64
2,30.027,24576,64
2,30.027,24576,64
2,30.023,24576,64
2,30.023,24576,64
2,30.031,24576,64
2,30.031,24576,64
2,30.025,24576,64
2,30.025,24576,64
2,30.038,24576,64
2,30.038,24576,64
2,30.031,24576,64
2,30.031,24576,64
2,30.03,24576,64
2,30.03,24576,64
2,30.039,24576,64
2,30.039,24576,64
2,30.021,24576,64
2,30.021,24576,64
2,30.056,24576,64
2,30.056,24576,64
2,30.046,24576,64
2,30.046,24576,64
2,30.021,24576,64
2,30.021,24576,64
2,30.048,24576,64
2,30.048,24576,64
2,30.034,24576,64
2,30.034,24576,64
5,29.86,8192,8192
5,29.86,8192,8192
2,30.021,24576,64
2,30.021,24576,64
2,30.033,24576,64
2,30.033,24576,64
2,30.023,24576,64
2,30.023,24576,64
2,30.124,24576,64
2,30.092,24576,64
2,30.025,24576,64
2,30.025,24576,64
2,30.037,24576,64
2,30.037,24576,64
2,30.043,24576,64
2,30.043,24576,64
5,29.855,8192,8192
5,29.855,8192,8192
2,30.053,24576,64
2,30.053,24576,64
2,30.038,24576,64
2,30.038,24576,64
2,30.073,24576,64
2,30.026,24576,64
2,30.026,24576,64
2,30.061,24576,64
2,30.032,24576,64
2,30.032,24576,64
2,30.042,24576,64
2,30.042,24576,64
2,30.022,24576,64
2,30.022,24576,64
2,30.032,24576,64
2,30.032,24576,64
2,30.022,24576,64
2,30.022,24576,64
2,30.021,24576,64
2,30.021,24576,64
2,30.043,24576,64
2,30.043,24576,64
2,30.039,24576,64
2,30.039,24576,64
2,30.028,24576,64
2,30.028,24576,64
2,30.026,24576,64
2,30.026,24576,64
2,30.016,24576,64
2,30.016,24576,64
2,30.044,24576,64
2,30.044,24576,64
2,30.031,24576,64
2,30.031,24576,64
2,30.022,24576,64
2,30.022,24576,64
2,30.042,24576,64
2,30.042,24576,64
2,30.068,24576,64
2,30.068,24576,64
2,30.047,24576,64
2,30.047,24576,64
2,30.037,24576,64
2,30.037,24576,64
2,30.03,24576,64
2,30.03,24576,64
2,30.016,24576,64
2,30.016,24576,64
2,30.021,24576,64
2,30.021,24576,64
2,30.032,24576,64
2,30.032,24576,64
2,30.096,24576,64
2,30.096,24576,64
2,30.07,24576,64
2,30.07,24576,64
2,30.036,24576,64
2,30.02,24576,64
2,30.041,24576,64
2,30.026,24576,64
2,30.041,24576,64
2,30.025,24576,64
2,30.031,24576,64
2,30.031,24576,64
2,30.05,24576,64
2,30.034,24576,64
2,30.042,24576,64
2,30.042,24576,64
2,30.047,24576,64
2,30.028,24576,64
2,30.028,24576,64
2,30.028,24576,64
2,30.045,24576,64
2,30.032,24576,64
2,30.049,24576,64
2,30.049,24576,64
2,30.063,24576,64
2,30.063,24576,64
2,30.02,24576,64
2,30.02,24576,64
2,30.041,24576,64
2,30.041,24576,64
2,30.037,24576,64
2,30.037,24576,64
2,30.03,24576,64
2,30.03,24576,64
2,30.03,24576,64
2,30.03,24576,64
2,30.034,24576,64
2,30.034,24576,64
2,30.023,24576,64
2,30.023,24576,64
2,30.027,24576,64
2,30.027,24576,64
5,29.863,8192,8192
5,29.863,8192,8192
2,30.043,24576,64
2,30.043,24576,64
2,30.038,24576,64
2,30.038,24576,64
2,30.043,24576,64
2,30.043,24576,64
2,30.033,24576,64
2,30.033,24576,64
2,30.036,24576,64
2,30.036,24576,64
2,30.049,24576,64
2,30.049,24576,64
2,30.033,24576,64
2,30.033,24576,64
2,30.037,24576,64
2,30.037,24576,64
2,30.037,24576,64
2,30.037,24576,64
2,30.051,24576,64
2,30.035,24576,64
2,30.032,24576,64
2,30.032,24576,64
2,30.041,24576,64
2,30.041,24576,64
2,30.031,24576,64
2,30.031,24576,64
2,30.027,24576,64
2,30.027,24576,64
2,30.021,24576,64
2,30.021,24576,64
2,30.021,24576,64
2,30.021,24576,64
2,30.049,24576,64
2,30.049,24576,64
2,30.025,24576,64
2,30.04,24576,64
2,30.041,24576,64
2,30.041,24576,64
2,30.025,24576,64
2,30.025,24576,64
2,30.043,24576,64
2,30.043,24576,64
2,30.05,24576,64
2,30.05,24576,64
2,30.038,24576,64
2,30.022,24576,64
2,30.03,24576,64
2,30.03,24576,64
2,30.036,24576,64
2,30.036,24576,64
2,30.038,24576,64
2,30.038,24576,64
2,30.079,24576,64
2,30.079,24576,64
2,30.063,24576,64
2,30.063,24576,64
2,30.083,24576,64
2,30.083,24576,64
2,30.032,24576,64
2,30.032,24576,64
2,30.032,24576,64
2,30.032,24576,64
5,29.858,8192,8192
5,29.858,8192,8192
2,30.034,24576,64
2,30.034,24576,64
2,30.03,24576,64
2,30.03,24576,64
2,30.037,24576,64
2,30.021,24576,64
2,30.06,24576,64
2,30.06,24576,64
2,30.041,24576,64
2,30.041,24576,64
2,30.033,24576,64
2,30.033,24576,64
2,30.041,24576,64
2,30.041,24576,64
2,30.064,24576,64
2,30.064,24576,64
2,30.034,24576,64
2,30.034,24576,64
2,30.028,24576,64
2,30.028,24576,64
2,30.041,24576,64
2,30.041,24576,64
2,30.036,24576,64
2,30.036,24576,64
2,30.036,24576,64
2,30.036,24576,64
2,30.043,24576,64
2,30.043,24576,64
2,30.028,24576,64
2,30.028,24576,64
2,30.083,24576,64
2,30.067,24576,64
2,30.038,24576,64
2,30.038,24576,64
5,29.875,8192,8192
5,29.875,8192,8192
2,30.032,24576,64
2,30.032,24576,64
2,30.048,24576,64
2,30.048,24576,64
2,30.02,24576,64
2,30.02,24576,64
2,30.018,24576,64
2,30.018,24576,64
2,30.02,24576,64
2,30.02,24576,64
2,30.026,24576,64
2,30.026,24576,64
2,30.032,24576,64
2,30.032,24576,64
2,30.039,24576,64
2,30.039,24576,64
2,30.016,24576,64
2,30.016,24576,64
2,30.03,24576,64
2,30.03,24576,64
5,29.861,8192,8192
5,29.861,8192,8192
2,30.023,24576,64
2,30.023,24576,64
2,30.036,24576,64
2,30.036,24576,64
2,30.034,24576,64
2,30.034,24576,64
2,30.048,24576,64
2,30.048,24576,64
2,30.116,24576,64
2,30.116,24576,64
2,30.026,24576,64
2,30.026,24576,64
2,30.047,24576,64
2,30.046,24576,64
2,30.046,24576,64
2,30.026,24576,64
2,30.026,24576,64
2,30.036,24576,64
2,30.036,24576,64
2,30.029,24576,64
2,30.036,24576,64
2,30.036,24576,64
2,30.184,24576,64
2,30.038,24576,64
2,30.037,24576,64
2,30.037,24576,64
2,30.025,24576,64
2,30.025,24576,64
2,30.035,24576,64
2,30.035,24576,64
2,30.168,24576,64
2,30.023,24576,64
2,30.045,24576,64
2,30.045,24576,64
2,30.044,24576,64
2,30.044,24576,64
2,30.03,24576,64
2,30.03,24576,64
2,30.023,24576,64
2,30.023,24576,64
2,30.031,24576,64
2,30.031,24576,64
2,30.03,24576,64
2,30.03,24576,64
2,30.019,24576,64
2,30.019,24576,64
2,30.03,24576,64
2,30.03,24576,64
2,30.033,24576,64
2,30.033,24576,64
5,29.862,8192,8192
5,29.862,8192,8192
2,30.03,24576,64
2,30.03,24576,64
2,30.043,24576,64
2,30.043,24576,64
2,30.032,24576,64
2,30.032,24576,64
2,30.046,24576,64
2,30.046,24576,64
2,30.047,24576,64
2,30.026,24576,64
2,30.026,24576,64
2,30.023,24576,64
2,30.023,24576,64
2,30.032,24576,64
2,30.036,24576,64
2,30.036,24576,64
2,30.033,24576,64
2,30.033,24576,64
2,30.016,24576,64
2,30.016,24576,64
2,30.03,24576,64
2,30.03,24576,64
2,30.03,24576,64
2,30.03,24576,64
2,30.038,24576,64
2,30.038,24576,64
2,30.032,24576,64
2,30.032,24576,64
2,30.04,24576,64
2,30.04,24576,64
2,30.026,24576,64
2,30.026,24576,64
2,30.053,24576,64
2,30.038,24576,64
2,30.026,24576,64
2,30.026,24576,64
2,30.034,24576,64
2,30.034,24576,64
2,30.017,24576,64
2,30.017,24576,64
2,30.03,24576,64
2,30.03,24576,64
2,30.034,24576,64
2,30.034,24576,64
5,29.875,8192,8192
5,29.875,8192,8192
2,30.034,24576,64
2,30.034,24576,64
2,30.043,24576,64
2,30.027,24576,64
2,30.024,24576,64
2,30.024,24576,64
2,30.049,24576,64
2,30.033,24576,64
2,30.038,24576,64
2,30.038,24576,64
2,30.033,24576,64
2,30.033,24576,64
2,30.079,24576,64
2,30.041,24576,64
2,30.041,24576,64
2,30.063,24576,64
2,30.034,24576,64
2,30.034,24576,64
2,30.039,24576,64
2,30.023,24576,64
2,30.023,24576,64
2,30.023,24576,64
2,30.014,24576,64
2,30.014,24576,64
2,30.034,24576,64
2,30.034,24576,64
2,30.039,24576,64
5,29.869,8192,8192
5,29.869,8192,8192
2,30.023,24576,64
2,30.037,24576,64
2,30.037,24576,64
2,30.033,24576,64
2,30.033,24576,64
2,30.039,24576,64
2,30.039,24576,64
2,30.045,24576,64
2,30.045,24576,64
2,30.033,24576,64
2,30.033,24576,64
2,30.083,24576,64
2,30.083,24576,64
2,30.024,24576,64
2,30.024,24576,64
2,30.035,24576,64
2,30.035,24576,64
2,30.063,24576,64
2,30.063,24576,64
2,30.026,24576,64
2,30.041,24576,64
2,30.043,24576,64
2,30.043,24576,64
5,29.931,8192,8192
5,29.931,8192,8192
2,30.136,24576,64
2,30.136,24576,64
2,30.042,24576,64
2,30.041,24576,64
2,30.041,24576,64
2,30.027,24576,64
2,30.025,24576,64
2,30.042,24576,64
2,30.032,24576,64
2,30.032,24576,64
2,30.027,24576,64
2,30.027,24576,64
2,30.038,24576,64
2,30.038,24576,64
2,30.041,24576,64
2,30.041,24576,64
2,30.038,24576,64
2,30.038,24576,64
2,30.03,24576,64
2,30.03,24576,64
2,30.019,24576,64
2,30.019,24576,64
2,30.02,24576,64
2,30.02,24576,64
2,30.051,24576,64
2,30.051,24576,64
2,30.039,24576,64
2,30.039,24576,64
2,30.038,24576,64
2,30.053,24576,64
2,30.031,24576,64
2,30.031,24576,64
2,30.033,24576,64
2,30.033,24576,64
5,29.865,8192,8192
5,29.865,8192,8192
2,30.046,24576,64
2,30.046,24576,64
2,30.046,24576,64
2,30.046,24576,64
2,30.023,24576,64
2,30.023,24576,64
2,30.043,24576,64
2,30.043,24576,64
2,30.022,24576,64
2,30.022,24576,64
2,30.03,24576,64
2,30.03,24576,64
2,30.034,24576,64
2,30.034,24576,64
2,30.03,24576,64
2,30.03,24576,64
2,30.037,24576,64
2,30.037,24576,64
2,30.021,24576,64
2,30.021,24576,64
2,30.039,24576,64
2,30.039,24576,64
2,30.051,24576,64
2,30.035,24576,64
2,30.037,24576,64
2,30.037,24576,64
2,30.033,24576,64
2,30.033,24576,64
2,30.037,24576,64
2,30.037,24576,64
2,30.069,24576,64
2,30.053,24576,64
2,30.042,24576,64
2,30.042,24576,64
2,30.04,24576,64
2,30.04,24576,64
2,30.026,24576,64
2,30.026,24576,64
2,30.032,24576,64
2,30.032,24576,64
2,40.162,24576,64
2,39.974,24576,64
2,30.047,24576,64
2,30.047,24576,64
2,30.031,24576,64
2,30.031,24576,64
2,30.036,24576,64
2,30.036,24576,64
2,30.033,24576,64
2,30.033,24576,64
2,30.09,24576,64
2,30.074,24576,64
2,30.037,24576,64
2,30.037,24576,64
2,30.038,24576,64
2,30.038,24576,64
2,30.026,24576,64
2,30.026,24576,64
2,38.802,24576,64
2,38.724,24576,64
2,30.169,24576,64
2,30.169,24576,64
2,30.086,24576,64
2,30.086,24576,64
2,30.083,24576,64
2,30.083,24576,64
2,30.031,24576,64
2,30.031,24576,64
2,30.054,24576,64
2,30.054,24576,64
2,30.045,24576,64
2,30.029,24576,64
2,30.027,24576,64
2,30.027,24576,64
2,30.031,24576,64
2,30.031,24576,64
2,30.026,24576,64
2,30.026,24576,64
5,29.867,8192,8192
5,29.867,8192,8192
2,30.014,24576,64
2,30.014,24576,64
2,30.022,24576,64
2,30.022,24576,64
2,30.041,24576,64
2,30.041,24576,64
2,30.071,24576,64
2,30.071,24576,64
2,30.032,24576,64
2,30.032,24576,64
2,30.035,24576,64
2,30.035,24576,64
2,30.03,24576,64
2,30.03,24576,64
2,30.031,24576,64
2,30.031,24576,64
2,30.027,24576,64
2,30.027,24576,64
2,30.027,24576,64
2,30.027,24576,64
2,30.103,24576,64
2,30.103,24576,64
2,30.049,24576,64
2,30.049,24576,64
2,30.058,24576,64
2,30.058,24576,64
2,30.053,24576,64
2,30.053,24576,64
5,29.849,8192,8192
5,29.849,8192,8192
2,30.046,24576,64
2,30.046,24576,64
5,29.854,8192,8192
5,29.854,8192,8192
2,30.034,24576,64
2,30.034,24576,64
2,30.031,24576,64
2,30.031,24576,64
2,30.027,24576,64
2,30.027,24576,64
2,30.027,24576,64
2,30.027,24576,64
2,34.645,24576,64
2,34.614,24576,64
2,30.036,24576,64
2,30.036,24576,64
2,30.03,24576,64
2,30.03,24576,64
2,30.025,24576,64
2,30.025,24576,64
2,30.03,24576,64
2,30.03,24576,64
2,30.028,24576,64
2,30.028,24576,64
2,30.032,24576,64
2,30.032,24576,64
2,30.032,24576,64
2,30.032,24576,64
2,30.048,24576,64
2,30.048,24576,64
2,30.033,24576,64
2,30.033,24576,64
2,30.033,24576,64
2,30.033,24576,64
2,33.425,24576,64
2,33.395,24576,64
2,30.044,24576,64
2,30.044,24576,64
2,30.043,24576,64
2,30.043,24576,64
2,30.046,24576,64
2,30.027,24576,64
2,32.925,24576,64
2,32.925,24576,64
2,30.032,24576,64
2,30.032,24576,64
2,30.033,24576,64
2,30.033,24576,64
2,30.02,24576,64
2,30.02,24576,64
2,30.035,24576,64
2,30.035,24576,64
2,30.031,24576,64
2,30.031,24576,64
2,30.091,24576,64
2,30.075,24576,64
2,30.035,24576,64
2,30.035,24576,64
2,30.044,24576,64
2,30.044,24576,64
2,30.095,24576,64
2,30.095,24576,64
2,30.026,24576,64
2,30.026,24576,64
5,29.854,8192,8192
5,29.854,8192,8192
2,30.04,24576,64
2,30.04,24576,64
2,30.181,24576,64
2,30.109,24576,64
2,30.093,24576,64
2,30.118,24576,64
2,30.037,24576,64
2,30.037,24576,64
2,30.021,24576,64
2,30.021,24576,64
2,30.028,24576,64
2,30.028,24576,64
2,30.027,24576,64
2,30.027,24576,64
2,30.03,24576,64
2,30.036,24576,64
2,30.014,24576,64
2,30.021,24576,64
2,30.032,24576,64
2,30.032,24576,64
2,30.047,24576,64
2,30.047,24576,64
2,30.047,24576,64
2,30.047,24576,64
2,30.024,24576,64
2,30.024,24576,64
2,30.028,24576,64
2,30.028,24576,64
2,30.031,24576,64
2,30.031,24576,64
2,30.032,24576,64
2,30.032,24576,64
2,30.026,24576,64
2,30.026,24576,64
2,30.043,24576,64
2,30.043,24576,64
2,30.087,24576,64
2,30.087,24576,64
2,30.031,24576,64
2,30.031,24576,64
2,30.033,24576,64
2,30.033,24576,64
2,30.121,24576,64
2,30.121,24576,64
2,30.107,24576,64
2,30.024,24576,64
2,30.027,24576,64
2,30.027,24576,64
2,30.032,24576,64
2,30.032,24576,64
2,30.03,24576,64
2,30.03,24576,64
2,30.007,24576,64
2,30.007,24576,64
2,30.034,24576,64
2,30.034,24576,64
2,30.063,24576,64
2,30.063,24576,64
2,30.016,24576,64
2,30.016,24576,64
2,30.033,24576,64
2,30.033,24576,64
2,30.035,24576,64
2,30.035,24576,64
2,30.034,24576,64
2,30.034,24576,64
2,30.031,24576,64
2,30.031,24576,64
2,30.046,24576,64
2,30.046,24576,64
2,30.023,24576,64
2,30.023,24576,64
2,30.028,24576,64
2,30.028,24576,64
2,30.075,24576,64
2,30.04,24576,64
2,30.033,24576,64
2,30.033,24576,64
2,30.024,24576,64
2,30.024,24576,64
2,30.035,24576,64
2,30.035,24576,64
2,30.023,24576,64
2,30.023,24576,64
2,30.028,24576,64
2,30.028,24576,64
2,30.026,24576,64
2,30.026,24576,64
2,30.021,24576,64
2,30.021,24576,64
2,30.021,24576,64
2,30.021,24576,64
2,30.016,24576,64
2,30.016,24576,64
2,30.021,24576,64
2,30.021,24576,64
2,30.038,24576,64
2,30.038,24576,64
2,30.047,24576,64
2,30.032,24576,64
2,30.056,24576,64
2,30.04,24576,64
2,30.028,24576,64
2,30.028,24576,64
2,30.04,24576,64
2,30.04,24576,64
2,30.188,24576,64
2,30.188,24576,64
2,30.022,24576,64
2,30.022,24576,64
2,30.027,24576,64
2,30.027,24576,64
2,30.033,24576,64
2,30.033,24576,64
5,29.85,8192,8192
5,29.85,8192,8192
2,30.032,24576,64
2,30.032,24576,64
2,30.027,24576,64
2,30.027,24576,64
2,30.018,24576,64
2,30.018,24576,64
2,30.035,24576,64
2,30.035,24576,64
2,30.037,24576,64
2,30.037,24576,64
2,30.039,24576,64
2,30.039,24576,64
2,30.065,24576,64
2,30.065,24576,64
2,30.027,24576,64
2,30.027,24576,64
2,30.04,24576,64
2,30.04,24576,64
2,30.026,24576,64
2,30.026,24576,64
1,0.014,1024,64
2,30.048,24576,64
2,30.048,24576,64
2,30.047,24576,64
2,30.047,24576,64
2,30.049,24576,64
2,30.034,24576,64
2,30.05,24576,64
2,30.05,24576,64
2,30.052,24576,64
2,30.052,24576,64
2,30.133,24576,64
2,30.133,24576,64
2,30.044,24576,64
2,30.029,24576,64
2,30.031,24576,64
2,30.031,24576,64
2,30.032,24576,64
2,30.032,24576,64
2,30.044,24576,64
2,30.044,24576,64
2,30.045,24576,64
2,30.029,24576,64
2,30.079,24576,64
2,30.079,24576,64
2,30.027,24576,64
2,30.027,24576,64
2,30.1,24576,64
2,30.1,24576,64
2,30.044,24576,64
2,30.032,24576,64
2,30.032,24576,64
2,30.028,24576,64
2,30.037,24576,64
2,30.037,24576,64
2,30.046,24576,64
2,30.046,24576,64
2,30.042,24576,64
2,30.042,24576,64
2,30.033,24576,64
2,30.033,24576,64
2,30.024,24576,64
2,30.024,24576,64
2,30.043,24576,64
2,30.043,24576,64
2,30.023,24576,64
2,30.023,24576,64
2,30.049,24576,64
2,30.049,24576,64
2,30.026,24576,64
2,30.026,24576,64
2,30.026,24576,64
2,30.026,24576,64
2,30.031,24576,64
2,30.031,24576,64
2,30.017,24576,64
2,30.017,24576,64
2,30.221,24576,64
2,30.221,24576,64
2,30.039,24576,64
2,30.039,24576,64
2,30.02,24576,64
2,30.02,24576,64
5,29.843,8192,8192
5,29.843,8192,8192
2,30.035,24576,64
2,30.035,24576,64
2,30.029,24576,64
2,30.029,24576,64
5,29.843,8192,8192
5,29.843,8192,8192
2,30.033,24576,64
2,30.033,24576,64
2,30.038,24576,64
2,30.038,24576,64
2,30.026,24576,64
2,30.026,24576,64
2,30.034,24576,64
2,30.034,24576,64
2,30.026,24576,64
2,30.026,24576,64
2,30.047,24576,64
2,30.047,24576,64
2,30.031,24576,64
2,30.031,24576,64
2,30.039,24576,64
2,30.039,24576,64
2,30.026,24576,64
2,30.026,24576,64
2,30.024,24576,64
2,30.024,24576,64
2,30.017,24576,64
2,30.017,24576,64
2,30.031,24576,64
2,30.031,24576,64
5,29.842,8192,8192
5,29.842,8192,8192
2,30.031,24576,64
2,30.031,24576,64
2,30.047,24576,64
2,30.047,24576,64
2,30.045,24576,64
2,30.045,24576,64
2,30.032,24576,64
2,30.032,24576,64
2,30.029,24576,64
2,30.029,24576,64
2,30.044,24576,64
2,30.044,24576,64
2,30.038,24576,64
2,30.038,24576,64
5,29.846,8192,8192
5,29.846,8192,8192
2,30.036,24576,64
2,30.024,24576,64
2,30.024,24576,64
2,30.019,24576,64
2,30.035,24576,64
2,30.035,24576,64
3,5.092,2048,2048
2,30.034,24576,64
2,30.034,24576,64
2,30.043,24576,64
2,30.043,24576,64
2,30.028,24576,64
2,30.028,24576,64
2,30.028,24576,64
2,30.028,24576,64
2,30.036,24576,64
2,30.036,24576,64
2,30.083,24576,64
2,30.083,24576,64
2,30.044,24576,64
2,30.044,24576,64
2,30.09,24576,64
2,30.09,24576,64
2,30.027,24576,64
2,30.027,24576,64
2,30.026,24576,64
2,30.026,24576,64
2,30.102,24576,64
2,30.102,24576,64
2,30.043,24576,64
2,30.043,24576,64
2,30.045,24576,64
2,30.076,24576,64
2,30.05,24576,64
2,30.018,24576,64
2,30.034,24576,64
2,30.034,24576,64
2,30.038,24576,64
2,30.038,24576,64
2,30.034,24576,64
2,30.019,24576,64
2,30.034,24576,64
2,30.034,24576,64
2,30.029,24576,64
2,30.029,24576,64
2,30.099,24576,64
2,30.099,24576,64
2,30.034,24576,64
2,30.034,24576,64
2,30.029,24576,64
2,30.029,24576,64
2,30.09,24576,64
2,30.09,24576,64
5,29.836,8192,8192
5,29.836,8192,8192
2,30.033,24576,64
2,30.033,24576,64
2,30.028,24576,64
2,30.028,24576,64
2,30.037,24576,64
2,30.037,24576,64
2,30.035,24576,64
2,30.035,24576,64
2,30.097,24576,64
2,30.097,24576,64
2,30.032,24576,64
2,30.032,24576,64
2,30.036,24576,64
2,30.016,24576,64
2,30.016,24576,64
2,30.021,24576,64
2,30.11,24576,64
2,30.11,24576,64
2,30.038,24576,64
2,30.038,24576,64
2,30.018,24576,64
2,30.018,24576,64
2,30.057,24576,64
2,30.057,24576,64
5,29.849,8192,8192
5,29.849,8192,8192
2,30.086,24576,64
2,30.086,24576,64
2,30.032,24576,64
2,30.032,24576,64
2,30.052,24576,64
2,30.052,24576,64
2,30.061,24576,64
2,30.061,24576,64
2,30.022,24576,64
2,30.022,24576,64
2,30.03,24576,64
2,30.03,24576,64
2,30.041,24576,64
2,30.041,24576,64
2,30.033,24576,64
2,30.033,24576,64
2,30.055,24576,64
2,30.055,24576,64
2,30.018,24576,64
2,30.018,24576,64
2,30.099,24576,64
2,30.099,24576,64
2,30.114,24576,64
2,30.114,24576,64
2,30.095,24576,64
2,30.095,24576,64
2,30.028,24576,64
2,30.028,24576,64
2,30.079,24576,64
2,30.079,24576,64
2,30.028,24576,64
2,30.028,24576,64
2,30.031,24576,64
2,30.031,24576,64
2,30.021,24576,64
2,30.021,24576,64
2,30.024,24576,64
2,30.024,24576,64
2,30.073,24576,64
2,30.073,24576,64
1,0.016,1024,64
2,30.036,24576,64
2,30.02,24576,64
2,30.031,24576,64
2,30.031,24576,64
2,30.032,24576,64
2,30.032,24576,64
2,30.026,24576,64
2,30.026,24576,64
2,30.027,24576,64
2,30.027,24576,64
2,30.062,24576,64
2,30.062,24576,64
1,0.012,1024,64
2,30.027,24576,64
2,30.027,24576,64
1,0.013,1024,64
2,30.042,24576,64
2,30.042,24576,64
1,0.013,1024,64
2,30.053,24576,64
2,30.053,24576,64
1,0.023,1024,64
5,29.857,8192,8192
5,29.857,8192,8192
1,0.012,1024,64
1,0.014,1024,64
1,0.017,1024,64
2,30.028,24576,64
2,30.013,24576,64
1,0.016,1024,64
2,30.029,24576,64
2,30.029,24576,64
1,0.013,1024,64
1,0.029,1024,64
2,30.033,24576,64
2,30.033,24576,64
2,30.038,24576,64
2,30.038,24576,64
1,0.013,1024,64
2,30.037,24576,64
2,30.037,24576,64
2,30.027,24576,64
2,30.027,24576,64
1,0.011,1024,64
2,30.04,24576,64
2,30.04,24576,64
2,30.047,24576,64
2,30.047,24576,64
2,30.045,24576,64
2,30.045,24576,64
1,0.011,1024,64
2,30.042,24576,64
2,30.042,24576,64
1,0.015,1024,64
2,30.028,24576,64
2,30.028,24576,64
2,30.031,24576,64
2,30.031,24576,64
2,30.048,24576,64
2,30.032,24576,64
2,30.022,24576,64
2,30.022,24576,64
2,30.025,24576,64
2,30.025,24576,64
2,30.042,24576,64
2,30.042,24576,64
2,30.065,24576,64
2,30.065,24576,64
2,30.027,24576,64
2,30.027,24576,64
2,30.027,24576,64
2,30.027,24576,64
2,30.042,24576,64
2,30.011,24576,64
2,30.042,24576,64
2,30.042,24576,64
2,30.042,24576,64
2,30.042,24576,64
2,30.084,24576,64
2,30.084,24576,64
2,30.025,24576,64
2,30.025,24576,64
2,30.026,24576,64
2,30.026,24576,64
2,30.042,24576,64
2,30.026,24576,64
2,30.042,24576,64
2,30.042,24576,64
2,30.022,24576,64
2,30.022,24576,64
2,30.053,24576,64
2,30.037,24576,64
2,30.053,24576,64
2,30.053,24576,64
2,30.065,24576,64
2,30.065,24576,64
2,30.026,24576,64
2,30.026,24576,64
2,30.025,24576,64
2,30.025,24576,64
2,30.026,24576,64
2,30.026,24576,64
2,30.047,24576,64
2,30.047,24576,64
2,30.028,24576,64
2,30.028,24576,64
2,30.043,24576,64
2,30.043,24576,64
2,30.071,24576,64
2,30.071,24576,64
2,30.063,24576,64
2,30.063,24576,64
2,30.028,24576,64
2,30.028,24576,64
2,30.062,24576,64
2,30.062,24576,64
2,30.033,24576,64
2,30.059,24576,64
2,30.017,24576,64
2,30.043,24576,64
2,30.03,24576,64
2,30.03,24576,64
2,30.028,24576,64
2,30.028,24576,64
2,30.042,24576,64
2,30.042,24576,64
2,30.034,24576,64
2,30.034,24576,64
2,30.036,24576,64
2,30.036,24576,64
2,30.038,24576,64
2,30.038,24576,64
5,29.881,8192,8192
5,29.881,8192,8192
2,30.041,24576,64
2,30.025,24576,64
2,30.039,24576,64
2,30.039,24576,64
2,30.027,24576,64
2,30.027,24576,64
2,30.035,24576,64
2,30.035,24576,64
2,30.028,24576,64
2,30.028,24576,64
2,30.027,24576,64
2,30.027,24576,64
2,30.028,24576,64
2,30.028,24576,64
2,30.032,24576,64
2,30.032,24576,64
2,30.028,24576,64
2,30.028,24576,64
2,30.046,24576,64
2,30.046,24576,64
2,30.032,24576,64
2,30.032,24576,64
2,30.044,24576,64
2,30.044,24576,64
2,30.027,24576,64
2,30.027,24576,64
2,30.127,24576,64
2,30.127,24576,64
2,30.029,24576,64
2,30.029,24576,64
5,29.901,8192,8192
5,29.901,8192,8192
2,30.041,24576,64
2,30.025,24576,64
2,30.052,24576,64
2,30.052,24576,64
2,30.022,24576,64
2,30.022,24576,64
2,30.04,24576,64
2,30.04,24576,64
2,30.054,24576,64
2,30.054,24576,64
2,30.034,24576,64
2,30.034,24576,64
2,30.047,24576,64
2,30.047,24576,64
5,29.892,8192,8192
5,29.892,8192,8192
2,30.032,24576,64
2,30.032,24576,64
2,30.035,24576,64
2,30.035,24576,64
2,30.034,24576,64
2,30.034,24576,64
2,30.028,24576,64
2,30.028,24576,64
2,30.058,24576,64
2,30.058,24576,64
2,30.022,24576,64
2,30.037,24576,64
2,30.029,24576,64
2,30.029,24576,64
2,30.047,24576,64
2,30.047,24576,64
5,29.907,8192,8192
5,29.907,8192,8192
2,30.038,24576,64
2,30.038,24576,64
2,30.036,24576,64
2,30.036,24576,64
2,30.033,24576,64
2,30.033,24576,64
2,30.064,24576,64
2,30.064,24576,64
2,30.037,24576,64
2,30.022,24576,64
1,0.015,1024,64
1,0.015,1024,64
2,30.023,24576,64
2,30.023,24576,64
2,30.037,24576,64
2,30.037,24576,64
2,30.053,24576,64
2,30.037,24576,64
5,29.897,8192,8192
5,29.897,8192,8192
2,30.032,24576,64
2,30.032,24576,64
5,29.903,8192,8192
5,29.903,8192,8192
2,30.046,24576,64
2,30.046,24576,64
2,30.036,24576,64
2,30.036,24576,64
2,30.121,24576,64
2,30.121,24576,64
2,30.027,24576,64
2,30.027,24576,64
2,30.103,24576,64
2,30.103,24576,64
2,30.037,24576,64
2,30.021,24576,64
2,30.012,24576,64
2,30.012,24576,64
2,30.037,24576,64
2,30.037,24576,64
2,30.019,24576,64
2,30.016,24576,64
2,30.033,24576,64
2,30.033,24576,64
2,30.036,24576,64
2,30.036,24576,64
5,29.897,8192,8192
5,29.897,8192,8192
2,30.048,24576,64
2,30.048,24576,64
2,30.039,24576,64
2,30.039,24576,64
2,30.047,24576,64
2,30.032,24576,64
2,30.037,24576,64
2,30.037,24576,64
2,30.048,24576,64
2,30.032,24576,64
2,30.033,24576,64
2,30.033,24576,64
2,30.048,24576,64
2,30.048,24576,64
2,30.044,24576,64
2,30.044,24576,64
2,30.037,24576,64
2,30.037,24576,64
2,30.041,24576,64
2,30.041,24576,64
2,30.041,24576,64
2,30.041,24576,64
2,30.016,24576,64
2,30.016,24576,64
2,30.009,24576,64
2,30.009,24576,64
2,30.028,24576,64
2,30.028,24576,64
2,30.027,24576,64
2,30.027,24576,64
2,30.027,24576,64
2,30.027,24576,64
2,30.037,24576,64
2,30.037,24576,64
2,30.028,24576,64
2,30.028,24576,64
2,30.042,24576,64
2,30.042,24576,64
2,30.022,24576,64
2,30.022,24576,64
2,30.04,24576,64
2,30.04,24576,64
2,30.02,24576,64
2,30.02,24576,64
2,30.035,24576,64
2,30.035,24576,64
2,30.046,24576,64
2,30.046,24576,64
2,30.029,24576,64
2,30.029,24576,64
2,30.044,24576,64
2,30.044,24576,64
5,29.8,8192,8192
5,29.8,8192,8192
2,30.047,24576,64
2,30.047,24576,64
2,30.04,24576,64
2,30.025,24576,64
2,30.043,24576,64
2,30.043,24576,64
3,8.525,4096,4096
1,0.016,1024,64
2,30.046,24576,64
2,30.046,24576,64
2,30.034,24576,64
2,30.034,24576,64
2,30.033,24576,64
2,30.033,24576,64
2,30.043,24576,64
2,30.043,24576,64
2,30.048,24576,64
2,30.048,24576,64
2,30.037,24576,64
2,30.037,24576,64
2,30.07,24576,64
2,30.07,24576,64
2,30.03,24576,64
2,30.03,24576,64
1,0.015,1024,64
1,0.015,1024,64
2,30.039,24576,64
2,30.039,24576,64
2,30.037,24576,64
2,30.037,24576,64
2,30.05,24576,64
2,30.05,24576,64
2,30.028,24576,64
2,30.028,24576,64
2,30.045,24576,64
2,30.045,24576,64
2,30.039,24576,64
2,30.039,24576,64
2,30.032,24576,64
2,30.014,24576,64
1,0.018,1024,64
1,0.018,1024,64
2,30.032,24576,64
2,30.032,24576,64
2,30.026,24576,64
2,30.026,24576,64
1,0.017,1024,64
2,30.037,24576,64
2,30.037,24576,64
2,30.035,24576,64
2,30.035,24576,64
2,30.029,24576,64
2,30.029,24576,64
2,30.048,24576,64
2,30.032,24576,64
2,30.05,24576,64
2,30.05,24576,64
2,30.028,24576,64
2,30.028,24576,64
2,30.028,24576,64
2,30.028,24576,64
2,30.022,24576,64
2,30.022,24576,64
2,30.027,24576,64
2,30.027,24576,64
1,0.691,1024,64
1,0.941,2048,64
1,0.972,2048,64
2,30.029,24576,64
2,30.029,24576,64
2,30.049,24576,64
2,30.049,24576,64
5,29.683,8192,8192
1,0.015,1024,64
5,29.668,8192,8192
2,30.063,24576,64
2,30.048,24576,64
2,30.03,24576,64
2,30.03,24576,64
2,30.026,24576,64
2,30.026,24576,64
2,30.032,24576,64
2,30.032,24576,64
2,30.068,24576,64
2,30.068,24576,64
2,30.09,24576,64
2,30.09,24576,64
2,30.047,24576,64
2,30.047,24576,64
2,30.04,24576,64
2,30.04,24576,64
2,30.024,24576,64
2,30.024,24576,64
2,30.046,24576,64
2,30.043,24576,64
2,30.027,24576,64
2,30.027,24576,64
2,30.021,24576,64
2,30.021,24576,64
2,30.032,24576,64
2,30.032,24576,64
2,30.026,24576,64
2,30.026,24576,64
2,30.031,24576,64
2,30.031,24576,64
2,30.031,24576,64
2,30.031,24576,64
2,30.047,24576,64
2,30.047,24576,64
2,30.03,24576,64
2,30.03,24576,64
2,30.034,24576,64
2,30.034,24576,64
2,30.034,24576,64
2,30.034,24576,64
2,30.052,24576,64
2,30.052,24576,64
2,30.059,24576,64
2,30.059,24576,64
2,30.043,24576,64
2,30.043,24576,64
2,30.029,24576,64
2,30.029,24576,64
2,30.03,24576,64
2,30.03,24576,64
2,30.027,24576,64
2,30.027,24576,64
2,30.044,24576,64
2,30.044,24576,64
2,30.032,24576,64
2,30.032,24576,64
2,30.029,24576,64
2,30.013,24576,64
2,30.037,24576,64
2,30.037,24576,64
5,29.911,8192,8192
5,29.911,8192,8192
2,30.024,24576,64
2,30.024,24576,64
2,30.022,24576,64
2,30.022,24576,64
2,30.05,24576,64
2,30.05,24576,64
2,30.04,24576,64
2,30.04,24576,64
2,30.027,24576,64
2,30.027,24576,64
2,30.04,24576,64
2,30.04,24576,64
2,30.035,24576,64
2,30.035,24576,64
2,30.037,24576,64
2,30.037,24576,64
2,30.033,24576,64
2,30.033,24576,64
2,30.037,24576,64
2,30.037,24576,64
2,30.032,24576,64
2,30.032,24576,64
2,30.03,24576,64
2,30.03,24576,64
2,30.033,24576,64
2,30.033,24576,64
2,30.029,24576,64
2,30.029,24576,64
2,30.027,24576,64
2,30.027,24576,64
2,30.037,24576,64
2,30.037,24576,64
2,30.023,24576,64
2,30.023,24576,64
2,30.026,24576,64
2,30.026,24576,64
2,30.05,24576,64
2,30.05,24576,64
2,30.029,24576,64
2,30.029,24576,64
2,30.157,24576,64
2,30.157,24576,64
2,30.035,24576,64
2,30.035,24576,64
2,30.049,24576,64
2,30.034,24576,64
2,30.04,24576,64
2,30.04,24576,64
2,30.04,24576,64
2,30.04,24576,64
2,30.035,24576,64
2,30.035,24576,64
2,30.038,24576,64
2,30.038,24576,64
2,30.043,24576,64
2,30.043,24576,64
2,30.04,24576,64
2,30.04,24576,64
2,30.038,24576,64
2,30.038,24576,64
2,30.023,24576,64
2,30.023,24576,64
2,30.032,24576,64
2,30.032,24576,64
2,30.048,24576,64
2,30.048,24576,64
2,30.032,24576,64
2,30.032,24576,64
2,30.042,24576,64
2,30.054,24576,64
2,30.038,24576,64
2,30.026,24576,64
2,30.033,24576,64
2,30.033,24576,64
2,30.042,24576,64
2,30.042,24576,64
2,30.039,24576,64
2,30.039,24576,64
2,30.036,24576,64
2,30.036,24576,64
2,30.026,24576,64
2,30.026,24576,64
2,30.026,24576,64
2,30.026,24576,64
5,29.754,8192,8192
5,29.754,8192,8192
2,30.031,24576,64
2,30.031,24576,64
2,30.029,24576,64
2,30.029,24576,64
5,29.763,8192,8192
5,29.763,8192,8192
2,30.113,24576,64
2,30.047,24576,64
2,30.047,24576,64
2,30.035,24576,64
2,30.045,24576,64
2,30.045,24576,64
2,30.035,24576,64
2,30.035,24576,64
2,30.016,24576,64
2,30.016,24576,64
2,30.037,24576,64
2,30.037,24576,64
2,30.071,24576,64
2,30.071,24576,64
2,30.041,24576,64
2,30.041,24576,64
2,30.032,24576,64
2,30.032,24576,64
2,30.047,24576,64
2,30.047,24576,64
2,30.032,24576,64
2,30.032,24576,64
2,30.023,24576,64
2,30.023,24576,64
5,29.758,8192,8192
5,29.758,8192,8192
2,30.035,24576,64
2,30.035,24576,64
2,30.032,24576,64
2,30.032,24576,64
2,30.019,24576,64
2,30.019,24576,64
2,30.015,24576,64
2,30.015,24576,64
2,30.047,24576,64
2,30.047,24576,64
2,30.05,24576,64
2,30.05,24576,64
2,30.04,24576,64
2,30.04,24576,64
2,30.043,24576,64
2,30.043,24576,64
2,30.027,24576,64
2,30.027,24576,64
2,30.036,24576,64
2,30.051,24576,64
2,30.023,24576,64
2,30.023,24576,64
2,30.018,24576,64
2,30.018,24576,64
5,29.83,8192,8192
5,29.83,8192,8192
1,0.015,1024,64
1,0.015,1024,64
2,30.032,24576,64
2,30.032,24576,64
2,30.023,24576,64
2,30.023,24576,64
2,30.027,24576,64
2,30.027,24576,64
2,30.039,24576,64
2,30.039,24576,64
2,30.036,24576,64
2,30.036,24576,64
2,30.03,24576,64
2,30.03,24576,64
2,30.037,24576,64
2,30.037,24576,64
2,30.038,24576,64
2,30.038,24576,64
2,30.027,24576,64
2,30.027,24576,64
1,0.015,1024,64
1,0.015,1024,64
2,30.041,24576,64
2,30.025,24576,64
2,30.042,24576,64
2,30.042,24576,64
2,30.036,24576,64
2,30.036,24576,64
2,30.035,24576,64
2,30.035,24576,64
2,30.025,24576,64
2,30.025,24576,64
2,30.031,24576,64
2,30.031,24576,64
2,30.032,24576,64
2,30.032,24576,64
5,29.838,8192,8192
5,29.838,8192,8192
2,30.036,24576,64
2,30.036,24576,64
2,30.021,24576,64
2,30.021,24576,64
2,30.022,24576,64
2,30.022,24576,64
2,30.048,24576,64
2,30.048,24576,64
2,30.023,24576,64
2,30.023,24576,64
2,30.032,24576,64
2,30.032,24576,64
2,30.032,24576,64
2,30.032,24576,64
2,30.033,24576,64
2,30.033,24576,64
2,30.046,24576,64
2,30.031,24576,64
2,30.031,24576,64
2,30.016,24576,64
2,30.021,24576,64
2,30.021,24576,64
2,30.033,24576,64
2,30.033,24576,64
2,30.04,24576,64
2,30.04,24576,64
2,30.049,24576,64
2,30.033,24576,64
2,30.031,24576,64
2,30.031,24576,64
2,30.042,24576,64
2,30.042,24576,64
2,30.025,24576,64
2,30.025,24576,64
1,0.015,1024,64
1,0.015,1024,64
1,0.015,1024,64
1,0.015,1024,64
1,0.013,1024,64
1,0.017,1024,64
1,0.014,1024,64
1,0.015,1024,64
1,0.012,1024,64
1,0.017,1024,64
1,0.014,1024,64
1,0.019,1024,64
1,0.012,1024,64
1,0.011,1024,64
1,0.012,1024,64
1,0.016,1024,64
1,0.014,1024,64
1,0.015,1024,64
1,0.013,1024,64
2,30.036,24576,64
2,30.036,24576,64
2,30.043,24576,64
2,30.043,24576,64
2,30.122,24576,64
2,30.122,24576,64
5,29.919,8192,8192
5,29.919,8192,8192
1,0.017,1024,64
2,30.032,24576,64
2,30.032,24576,64
2,30.049,24576,64
2,30.033,24576,64
2,30.04,24576,64
2,30.024,24576,64
2,30.028,24576,64
2,30.028,24576,64
2,30.1,24576,64
2,30.022,24576,64
2,30.023,24576,64
2,30.023,24576,64
2,30.048,24576,64
2,30.048,24576,64
2,30.039,24576,64
2,30.039,24576,64
2,30.052,24576,64
2,30.067,24576,64
2,30.036,24576,64
2,30.036,24576,64
2,30.018,24576,64
2,30.018,24576,64
2,30.025,24576,64
2,30.025,24576,64
1,0.015,1024,64
5,29.971,8192,8192
5,29.971,8192,8192
1,0.015,1024,64
3,8.657,4096,4096
2,30.033,24576,64
2,30.045,24576,64
2,30.029,24576,64
2,30.029,24576,64
1,0.015,1024,64
1,0.015,1024,64
1,0.017,1024,64
2,30.032,24576,64
2,30.032,24576,64
2,30.042,24576,64
2,30.042,24576,64
2,30.052,24576,64
2,30.052,24576,64
2,30.045,24576,64
2,30.045,24576,64
2,30.029,24576,64
2,30.029,24576,64
1,0.015,1024,64
1,0.015,1024,64
5,29.974,8192,8192
5,29.974,8192,8192
2,30.039,24576,64
2,30.039,24576,64
2,30.041,24576,64
2,30.041,24576,64
2,30.021,24576,64
2,30.021,24576,64
2,30.026,24576,64
2,30.026,24576,64
2,30.054,24576,64
2,30.038,24576,64
2,30.037,24576,64
2,30.022,24576,64
2,30.037,24576,64
2,30.037,24576,64
5,29.949,8192,8192
5,29.949,8192,8192
2,30.039,24576,64
2,30.039,24576,64
2,30.031,24576,64
2,30.031,24576,64
2,30.073,24576,64
2,30.073,24576,64
2,30.024,24576,64
2,30.024,24576,64
2,30.027,24576,64
2,30.027,24576,64
2,30.027,24576,64
2,30.027,24576,64
2,30.038,24576,64
2,30.038,24576,64
2,30.044,24576,64
2,30.025,24576,64
1,0.008,1024,64
1,0.014,1024,64
1,0.013,1024,64
1,0.012,1024,64
1,0.014,1024,64
1,0.013,1024,64
1,0.011,1024,64
1,0.011,1024,64
1,0.02,1024,64
1,0.012,1024,64
1,0.023,1024,64
1,0.018,1024,64
1,0.022,1024,64
1,0.012,1024,64
1,0.012,1024,64
1,0.016,1024,64
2,30.028,24576,64
2,30.028,24576,64
2,30.047,24576,64
2,30.047,24576,64
2,30.038,24576,64
2,30.038,24576,64
2,30.026,24576,64
2,30.026,24576,64
2,30.041,24576,64
2,30.025,24576,64
2,30.047,24576,64
2,30.047,24576,64
2,30.021,24576,64
2,30.021,24576,64
2,30.042,24576,64
2,30.042,24576,64
1,0.015,1024,64
1,0.015,1024,64
2,30.033,24576,64
2,30.033,24576,64
2,30.043,24576,64
2,30.043,24576,64
1,0.015,1024,64
2,30.031,24576,64
2,30.031,24576,64
1,0.015,1024,64
1,0.015,1024,64
1,0.018,1024,64
1,0.018,1024,64
2,30.022,24576,64
2,30.022,24576,64
2,30.042,24576,64
2,30.026,24576,64
2,30.021,24576,64
2,30.021,24576,64
2,30.044,24576,64
2,30.028,24576,64
2,30.037,24576,64
2,30.021,24576,64
2,30.029,24576,64
2,30.029,24576,64
3,5.49,2048,2048
1,0.078,1024,64
1,0.062,1024,64
2,30.037,24576,64
2,30.037,24576,64
2,30.058,24576,64
2,30.058,24576,64
2,30.053,24576,64
2,30.053,24576,64
2,30.042,24576,64
2,30.042,24576,64
1,0.234,1024,64
1,0.312,1024,64
2,32.944,24576,64
1,0.329,1024,64
3,15.682,4096,4096
2,53.185,24576,64
1,0.546,1024,64
2,30.039,24576,64
2,30.024,24576,64
1,0.019,1024,64
1,0.013,1024,64
1,0.012,1024,64
1,0.012,1024,64
1,0.012,1024,64
1,0.014,1024,64
1,0.011,1024,64
1,0.012,1024,64
1,0.014,1024,64
1,0.013,1024,64
1,0.013,1024,64
1,0.016,1024,64
2,30.022,24576,64
2,30.037,24576,64
1,0.017,1024,64
1,0.015,1024,64
1,0.018,1024,64
2,30.027,24576,64
2,30.027,24576,64
1,0.017,1024,64
1,0.017,1024,64
2,30.022,24576,64
2,30.022,24576,64
2,30.056,24576,64
2,30.04,24576,64
2,30.048,24576,64
2,30.048,24576,64
2,30.026,24576,64
2,30.026,24576,64
2,30.032,24576,64
2,30.016,24576,64
3,4.168,2048,2048
3,4.031,2048,2048
3,3.872,2048,2048
3,3.707,2048,2048
3,3.699,2048,2048
3,4.031,2048,2048
3,3.709,2048,2048
3,3.648,2048,2048
3,3.701,2048,2048
3,3.991,2048,2048
3,3.761,2048,2048
3,3.9,2048,2048
3,3.944,2048,2048
3,3.875,2048,2048
3,3.707,2048,2048
3,3.695,2048,2048
2,30.025,24576,64
2,30.025,24576,64
2,30.027,24576,64
2,30.027,24576,64
2,30.089,24576,64
2,30.089,24576,64
1,0.274,1024,64
1,0.384,1024,64
1,0.369,1024,64
1,0.121,1024,64
1,0.088,1024,64
1,0.499,1024,64
1,0.548,1024,64
1,0.684,1024,64
1,0.229,1024,64
1,0.214,1024,64
1,0.187,1024,64
1,0.212,1024,64
1,0.699,1024,64
1,0.091,1024,64
1,0.691,1024,64
1,0.21,1024,64
1,0.25,1024,64
1,0.346,1024,64
1,0.325,1024,64
1,0.179,1024,64
1,0.177,1024,64
1,0.454,1024,64
1,0.346,1024,64
1,0.325,1024,64
1,0.45,1024,64
1,0.443,1024,64
1,0.206,1024,64
1,0.514,1024,64
1,0.346,1024,64
1,0.531,1024,64
1,0.641,1024,64
1,0.304,1024,64
1,0.57,1024,64
1,0.383,1024,64
1,0.324,1024,64
1,0.119,1024,64
1,0.129,1024,64
1,0.449,1024,64
1,0.547,1024,64
1,0.442,1024,64
1,0.557,1024,64
1,0.162,1024,64
1,0.172,1024,64
1,0.523,1024,64
1,0.75,1024,64
1,0.585,1024,64
2,30.038,24576,64
2,30.038,24576,64
1,0.094,1024,64
1,0.217,1024,64
1,0.319,1024,64
1,0.278,1024,64
1,0.109,1024,64
1,0.482,1024,64
1,0.491,1024,64
1,0.618,1024,64
1,0.493,1024,64
1,0.504,1024,64
1,0.148,1024,64
1,0.581,1024,64
1,0.575,1024,64
1,0.274,1024,64
1,0.247,1024,64
1,0.56,1024,64
1,0.286,1024,64
1,0.262,1024,64
1,0.274,1024,64
1,0.429,1024,64
1,0.504,1024,64
1,0.179,1024,64
1,0.437,1024,64
1,0.407,1024,64
1,0.486,1024,64
1,0.504,1024,64
1,0.431,1024,64
1,0.646,1024,64
1,0.426,1024,64
1,0.615,1024,64
1,0.183,1024,64
1,0.654,1024,64
1,0.233,1024,64
1,0.199,1024,64
1,0.283,1024,64
1,0.281,1024,64
1,0.273,1024,64
1,0.162,1024,64
1,0.192,1024,64
1,0.417,1024,64
1,0.382,1024,64
1,0.386,1024,64
1,0.209,1024,64
1,0.251,1024,64
1,0.217,1024,64
1,0.393,1024,64
1,0.54,1024,64
1,0.235,1024,64
1,0.261,1024,64
1,0.306,1024,64
1,0.435,1024,64
1,0.184,1024,64
1,0.556,1024,64
1,0.463,1024,64
1,0.542,1024,64
1,0.181,1024,64
1,0.545,1024,64
1,0.593,1024,64
1,0.69,1024,64
1,0.179,1024,64
1,0.718,1024,64
1,0.222,1024,64
1,0.316,1024,64
1,0.455,1024,64
1,0.414,1024,64
1,0.411,1024,64
1,0.455,1024,64
1,0.466,1024,64
1,0.508,1024,64
1,0.837,2048,64
1,0.58,1024,64
1,0.856,2048,64
1,0.857,2048,64
1,0.107,1024,64
1,0.982,2048,64
1,0.104,1024,64
1,0.899,2048,64
1,0.254,1024,64
1,0.981,2048,64
1,0.352,1024,64
1,0.893,2048,64
1,0.95,2048,64
1,0.95,2048,64
1,0.39,1024,64
1,1.083,2048,64
1,0.39,1024,64
1,1.266,2048,64
1,0.419,1024,64
1,0.895,2048,64
1,0.463,1024,64
1,1.272,2048,64
1,1.356,2048,64
1,0.888,2048,64
1,0.484,1024,64
2,30.041,24576,64
2,30.022,24576,64
1,0.085,1024,64
1,0.641,1024,64
1,0.738,1024,64
1,0.755,1024,64
1,0.333,1024,64
1,0.211,1024,64
1,1.02,2048,64
1,1.095,2048,64
1,0.15,1024,64
1,1.067,2048,64
1,1.022,2048,64
1,1.686,2048,64
1,1.645,2048,64
3,2.41,2048,2048
3,2.458,2048,2048
3,2.457,2048,2048
1,1.746,2048,64
1,1.733,2048,64
1,1.745,2048,64
3,1.996,2048,2048
1,0.609,1024,64
1,0.603,1024,64
3,5.168,2048,2048
1,0.539,1024,64
1,0.341,1024,64
3,2.04,2048,2048
3,2.05,2048,2048
3,2.802,2048,2048
3,2.911,2048,2048
3,2.89,2048,2048
1,0.328,1024,64
1,0.031,1024,64
1,0.015,1024,64
1,1.139,2048,64
1,1.619,2048,64
1,1.741,2048,64
1,0.324,1024,64
3,1.968,2048,2048
1,0.238,1024,64
1,0.403,1024,64
3,2.001,2048,2048
3,2.437,2048,2048
3,1.952,2048,2048
1,1.16,2048,64
3,2.535,2048,2048
3,2.336,2048,2048
3,2.82,2048,2048
1,0.613,1024,64
3,1.927,2048,2048
1,0.015,1024,64
1,0.171,1024,64
1,1.565,2048,64
1,0.569,1024,64
1,0.429,1024,64
1,0.411,1024,64
1,0.534,1024,64
1,0.831,1024,64
1,1.534,2048,64
1,0.921,2048,64
1,1.586,2048,64
1,0.455,1024,64
1,0.131,1024,64
1,0.537,1024,64
1,1.556,2048,64
1,0.854,2048,64
1,1.586,2048,64
2,30.133,24576,64
2,30.099,24576,64
1,0.795,1024,64
1,1.03,2048,64
1,1.035,2048,64
1,1.219,2048,64
1,0.069,1024,64
1,1.231,2048,64
1,0.726,1024,64
1,1.447,2048,64
1,1.627,2048,64
3,2.676,2048,2048
1,0.736,1024,64
1,1.631,2048,64
1,0.952,2048,64
3,2.667,2048,2048
1,0.716,1024,64
1,0.673,1024,64
1,1.626,2048,64
3,2.117,2048,2048
1,1.655,2048,64
1,1.704,2048,64
3,2.134,2048,2048
3,2.161,2048,2048
1,0.39,1024,64
1,1.638,2048,64
3,2.14,2048,2048
1,1.281,2048,64
1,0.212,1024,64
1,0.081,1024,64
3,2.496,2048,2048
3,2.581,2048,2048
3,2.484,2048,2048
3,2.679,2048,2048
1,0.017,1024,64
1,0.963,2048,64
1,1.245,2048,64
1,1.316,2048,64
1,1.732,2048,64
3,2.03,2048,2048
3,2.659,2048,2048
3,1.992,2048,2048
1,0.41,1024,64
3,2.657,2048,2048
3,2.678,2048,2048
3,2.983,2048,2048
3,3.156,2048,2048
1,0.409,1024,64
3,3.152,2048,2048
1,1.752,2048,64
1,0.396,1024,64
3,5.258,2048,2048
2,30.082,24576,64
2,30.082,24576,64
3,1.933,2048,2048
1,0.818,1024,64
1,1.136,2048,64
1,1.474,2048,64
1,1.534,2048,64
1,1.597,2048,64
3,2.291,2048,2048
3,1.922,2048,2048
1,0.365,1024,64
3,1.927,2048,2048
3,2.295,2048,2048
3,2.328,2048,2048
3,2.519,2048,2048
1,0.805,1024,64
1,0.831,1024,64
1,0.799,1024,64
2,30.026,24576,64
2,30.026,24576,64
1,1.034,2048,64
1,1.047,2048,64
1,1.034,2048,64
1,1.545,2048,64
1,1.529,2048,64
1,1.54,2048,64
1,1.523,2048,64
1,1.624,2048,64
3,1.858,2048,2048
3,2.034,2048,2048
1,0.074,1024,64
1,1.538,2048,64
3,2.097,2048,2048
3,1.866,2048,2048
3,2.145,2048,2048
3,2.17,2048,2048
1,0.747,1024,64
1,0.925,2048,64
1,0.09,1024,64
1,0.467,1024,64
1,0.969,2048,64
1,0.098,1024,64
1,1.021,2048,64
1,1.177,2048,64
1,0.314,1024,64
1,1.174,2048,64
1,1.543,2048,64
1,0.493,1024,64
1,1.154,2048,64
1,0.53,1024,64
1,1.4,2048,64
1,0.117,1024,64
2,30.035,24576,64
2,30.035,24576,64
1,0.806,1024,64
1,0.81,1024,64
1,1.062,2048,64
1,0.399,1024,64
1,1.067,2048,64
1,0.404,1024,64
1,0.497,1024,64
1,1.283,2048,64
1,0.718,1024,64
1,0.244,1024,64
1,0.788,1024,64
1,0.31,1024,64
3,3.841,2048,2048
1,1.224,2048,64
1,1.265,2048,64
1,0.192,1024,64
2,30.134,24576,64
2,30.134,24576,64
1,0.771,1024,64
1,0.417,1024,64
1,0.773,1024,64
1,1.143,2048,64
1,0.999,2048,64
1,1.145,2048,64
1,1.17,2048,64
1,1.414,2048,64
1,1.334,2048,64
3,2.303,2048,2048
3,1.896,2048,2048
3,2.31,2048,2048
3,1.92,2048,2048
1,0.467,1024,64
1,0.466,1024,64
3,2.232,2048,2048
2,30.02,24576,64
2,30.02,24576,64
1,1.237,2048,64
1,1.037,2048,64
1,0.197,1024,64
1,1.357,2048,64
1,1.491,2048,64
1,1.367,2048,64
1,1.796,2048,64
1,1.48,2048,64
1,1.68,2048,64
1,0.782,1024,64
1,0.081,1024,64
3,1.907,2048,2048
3,1.882,2048,2048
3,2.184,2048,2048
1,0.715,1024,64
3,2.014,2048,2048
1,0.123,1024,64
1,0.719,1024,64
1,0.428,1024,64
1,1.061,2048,64
1,0.858,2048,64
1,0.861,2048,64
1,0.911,2048,64
1,1.108,2048,64
3,4.657,2048,2048
1,1.273,2048,64
1,1.499,2048,64
1,1.588,2048,64
1,0.986,2048,64
1,1.633,2048,64
1,0.512,1024,64
3,2.532,2048,2048
2,30.052,24576,64
2,30.052,24576,64
1,1.522,2048,64
1,1.523,2048,64
3,4.151,2048,2048
3,2.314,2048,2048
3,2.833,2048,2048
1,1.759,2048,64
3,2.828,2048,2048
3,2.816,2048,2048
3,3.919,2048,2048
3,2.824,2048,2048
3,3.445,2048,2048
3,3.44,2048,2048
1,0.485,1024,64
3,3.445,2048,2048
3,4.73,2048,2048
3,3.446,2048,2048
2,30.045,24576,64
2,30.045,24576,64
1,0.719,1024,64
1,1.211,2048,64
1,0.712,1024,64
1,0.52,1024,64
1,1.476,2048,64
1,0.51,1024,64
1,1.716,2048,64
1,0.71,1024,64
1,1.207,2048,64
1,1.716,2048,64
1,1.208,2048,64
1,1.463,2048,64
1,1.718,2048,64
1,1.455,2048,64
1,1.199,2048,64
2,30.039,24576,64
2,30.027,24576,64
1,0.228,1024,64
1,0.229,1024,64
1,0.222,1024,64
1,0.223,1024,64
1,0.215,1024,64
1,0.483,1024,64
1,0.481,1024,64
1,0.489,1024,64
1,0.48,1024,64
1,0.487,1024,64
1,0.216,1024,64
1,0.488,1024,64
1,0.485,1024,64
1,0.48,1024,64
1,0.534,1024,64
1,0.215,1024,64
1,0.136,1024,64
1,0.212,1024,64
1,0.136,1024,64
1,0.487,1024,64
1,0.136,1024,64
1,0.124,1024,64
1,0.484,1024,64
1,0.492,1024,64
1,0.126,1024,64
1,0.19,1024,64
1,0.203,1024,64
1,0.184,1024,64
1,0.488,1024,64
1,0.416,1024,64
1,0.479,1024,64
1,0.486,1024,64
1,0.289,1024,64
1,0.248,1024,64
1,0.249,1024,64
1,0.28,1024,64
1,0.284,1024,64
1,0.309,1024,64
1,0.427,1024,64
1,0.44,1024,64
1,0.333,1024,64
1,0.445,1024,64
1,0.452,1024,64
1,0.282,1024,64
1,0.466,1024,64
1,0.476,1024,64
1,0.48,1024,64
1,0.158,1024,64
1,0.13,1024,64
1,0.205,1024,64
1,0.34,1024,64
1,0.285,1024,64
1,0.279,1024,64
1,0.427,1024,64
1,0.368,1024,64
1,0.425,1024,64
1,0.152,1024,64
1,0.189,1024,64
1,0.429,1024,64
1,0.265,1024,64
1,0.454,1024,64
1,0.264,1024,64
1,0.238,1024,64
1,0.29,1024,64
1,0.283,1024,64
1,0.209,1024,64
1,0.297,1024,64
1,0.3,1024,64
1,0.372,1024,64
1,0.115,1024,64
1,0.417,1024,64
1,0.389,1024,64
1,0.379,1024,64
1,0.286,1024,64
1,0.562,1024,64
1,0.107,1024,64
1,0.286,1024,64
1,0.757,1024,64
1,0.511,1024,64
1,0.242,1024,64
1,0.354,1024,64
1,0.243,1024,64
1,0.302,1024,64
1,0.309,1024,64
1,0.361,1024,64
1,0.086,1024,64
1,0.361,1024,64
1,0.427,1024,64
1,0.646,1024,64
1,0.441,1024,64
1,0.563,1024,64
1,0.52,1024,64
1,0.114,1024,64
1,0.643,1024,64
1,0.747,1024,64
1,0.188,1024,64
1,0.079,1024,64
1,0.273,1024,64
1,0.169,1024,64
1,0.392,1024,64
1,0.591,1024,64
1,0.401,1024,64
1,0.227,1024,64
1,0.143,1024,64
1,0.456,1024,64
1,0.258,1024,64
1,0.694,1024,64
1,0.566,1024,64
1,0.22,1024,64
1,0.241,1024,64
1,0.266,1024,64
1,0.087,1024,64
1,0.408,1024,64
1,0.408,1024,64
1,0.118,1024,64
1,0.484,1024,64
1,0.48,1024,64
1,0.565,1024,64
1,0.156,1024,64
1,0.516,1024,64
1,0.537,1024,64
1,0.629,1024,64
1,0.091,1024,64
1,0.222,1024,64
1,0.545,1024,64
1,0.201,1024,64
1,0.225,1024,64
1,0.296,1024,64
1,0.385,1024,64
1,0.395,1024,64
1,0.309,1024,64
1,0.469,1024,64
1,0.377,1024,64
1,0.458,1024,64
1,0.722,1024,64
1,0.61,1024,64
1,0.13,1024,64
1,0.794,1024,64
1,0.773,1024,64
1,0.612,1024,64
1,0.669,1024,64
1,0.331,1024,64
1,0.324,1024,64
1,0.181,1024,64
1,0.084,1024,64
1,0.384,1024,64
1,0.583,1024,64
1,0.385,1024,64
1,0.2,1024,64
1,0.577,1024,64
1,0.957,2048,64
1,0.873,2048,64
1,0.581,1024,64
1,0.647,1024,64
1,0.282,1024,64
1,0.656,1024,64
1,0.284,1024,64
2,30.042,24576,64
2,30.027,24576,64
1,0.503,1024,64
1,0.571,1024,64
1,0.246,1024,64
1,0.859,2048,64
1,0.678,1024,64
1,0.322,1024,64
1,0.751,1024,64
1,0.875,2048,64
1,1.202,2048,64
1,0.469,1024,64
1,1.209,2048,64
1,1.059,2048,64
1,1.245,2048,64
1,1.31,2048,64
1,1.516,2048,64
1,0.737,1024,64
1,0.737,1024,64
1,0.254,1024,64
1,0.846,2048,64
1,1.019,2048,64
3,2.333,2048,2048
1,0.766,1024,64
1,1.201,2048,64
1,0.99,2048,64
1,0.401,1024,64
1,0.738,1024,64
3,2.002,2048,2048
1,1.025,2048,64
3,2.002,2048,2048
1,0.467,1024,64
1,1.096,2048,64
1,1.199,2048,64
1,0.324,1024,64
1,0.213,1024,64
1,0.404,1024,64
1,0.321,1024,64
1,0.394,1024,64
1,0.568,1024,64
1,0.644,1024,64
1,0.428,1024,64
1,0.644,1024,64
1,0.55,1024,64
1,0.308,1024,64
1,1.068,2048,64
1,0.318,1024,64
1,0.679,1024,64
1,0.219,1024,64
1,0.552,1024,64
1,0.551,1024,64
1,0.648,1024,64
1,0.886,2048,64
1,0.543,1024,64
1,0.888,2048,64
1,0.874,2048,64
1,1.453,2048,64
1,0.557,1024,64
1,1.106,2048,64
1,0.881,2048,64
1,0.97,2048,64
1,1.102,2048,64
1,1.108,2048,64
1,1.62,2048,64
1,0.724,1024,64
1,0.549,1024,64
1,0.541,1024,64
1,0.275,1024,64
1,0.726,1024,64
1,0.932,2048,64
1,0.903,2048,64
1,0.87,2048,64
1,0.947,2048,64
1,1.306,2048,64
1,1.81,2048,64
1,1.81,2048,64
3,2.319,2048,2048
1,0.307,1024,64
3,2.601,2048,2048
1,0.211,1024,64
2,30.038,24576,64
2,30.038,24576,64
2,30.048,24576,64
2,30.048,24576,64
1,1.68,2048,64
1,1.717,2048,64
3,1.89,2048,2048
3,1.891,2048,2048
3,1.914,2048,2048
1,0.712,1024,64
1,0.7,1024,64
1,1.43,2048,64
1,1.396,2048,64
1,1.684,2048,64
3,2.084,2048,2048
1,1.433,2048,64
3,2.087,2048,2048
1,1.709,2048,64
1,1.673,2048,64
1,1.775,2048,64
1,0.46,1024,64
1,0.907,2048,64
1,0.886,2048,64
1,0.522,1024,64
1,0.421,1024,64
1,0.626,1024,64
1,0.569,1024,64
1,0.878,2048,64
1,1.166,2048,64
1,1.451,2048,64
3,2.428,2048,2048
1,1.456,2048,64
3,2.416,2048,2048
1,1.633,2048,64
1,1.447,2048,64
3,2.182,2048,2048
1,0.293,1024,64
1,1.643,2048,64
1,1.498,2048,64
1,1.573,2048,64
1,0.709,1024,64
1,0.312,1024,64
1,1.65,2048,64
1,1.815,2048,64
1,1.484,2048,64
3,1.888,2048,2048
3,2.219,2048,2048
3,4.269,2048,2048
3,2.838,2048,2048
1,1.485,2048,64
3,4.264,2048,2048
1,1.828,2048,64
3,2.008,2048,2048
3,2.527,2048,2048
3,2.958,2048,2048
1,0.734,1024,64
1,0.847,2048,64
1,0.197,1024,64
1,0.469,1024,64
1,0.899,2048,64
3,2.955,2048,2048
1,0.137,1024,64
3,2.92,2048,2048
1,0.862,2048,64
3,2.94,2048,2048
1,1.257,2048,64
1,1.02,2048,64
1,0.123,1024,64
1,0.151,1024,64
1,0.505,1024,64
3,2.802,2048,2048
1,0.749,1024,64
1,0.788,1024,64
1,0.168,1024,64
1,0.177,1024,64
1,1.099,2048,64
1,0.951,2048,64
1,0.173,1024,64
1,0.217,1024,64
1,0.996,2048,64
1,1.046,2048,64
1,1.099,2048,64
1,0.886,2048,64
3,2.681,2048,2048
1,0.956,2048,64
3,2.766,2048,2048
1,1.076,2048,64
1,0.429,1024,64
1,1.53,2048,64
1,0.276,1024,64
1,1.622,2048,64
1,0.332,1024,64
3,2.747,2048,2048
1,1.338,2048,64
3,2.706,2048,2048
3,2.743,2048,2048
3,2.982,2048,2048
3,2.388,2048,2048
1,0.158,1024,64
1,1.139,2048,64
3,2.024,2048,2048
1,0.588,1024,64
1,0.273,1024,64
1,0.659,1024,64
1,0.73,1024,64
1,1.187,2048,64
1,0.588,1024,64
1,0.734,1024,64
3,2.397,2048,2048
1,0.838,2048,64
1,1.427,2048,64
1,0.282,1024,64
5,19.206,4096,4096
5,19.444,4096,4096
1,0.239,1024,64
1,0.494,1024,64
5,19.444,4096,4096
5,19.279,4096,4096
1,0.544,1024,64
1,1.177,2048,64
1,0.806,1024,64
1,0.255,1024,64
1,0.847,2048,64
5,19.423,4096,4096
5,19.422,4096,4096
5,20.136,4096,4096
1,0.628,1024,64
5,17.685,4096,4096
1,0.414,1024,64
5,19.343,4096,4096
5,16.963,4096,4096
5,19.828,4096,4096
5,18.211,4096,4096
5,19.45,4096,4096
5,17.163,4096,4096
5,20.755,8192,8192
5,18.194,4096,4096
5,21.366,8192,8192
5,17.41,4096,4096
5,21.182,8192,8192
5,16.87,4096,4096
3,15.987,4096,4096
5,17.59,4096,4096
5,21.159,8192,8192
2,30.045,24576,64
2,30.045,24576,64
2,30.096,24576,64
2,30.077,24576,64
2,30.04,24576,64
2,30.04,24576,64
2,30.058,24576,64
2,30.058,24576,64
2,30.031,24576,64
2,30.015,24576,64
1,0.232,1024,64
3,4.136,2048,2048
3,4.055,2048,2048
1,0.986,2048,64
1,0.271,1024,64
1,0.983,2048,64
1,0.98,2048,64
1,0.95,2048,64
1,0.928,2048,64
1,0.507,1024,64
1,1.0,2048,64
1,1.142,2048,64
1,1.151,2048,64
1,1.139,2048,64
1,1.21,2048,64
1,1.257,2048,64
2,30.037,24576,64
2,30.022,24576,64
1,0.497,1024,64
1,0.509,1024,64
1,1.828,2048,64
3,4.183,2048,2048
3,3.778,2048,2048
1,0.728,1024,64
3,5.152,2048,2048
1,0.807,1024,64
3,5.746,2048,2048
1,0.869,2048,64
3,5.274,2048,2048
3,5.276,2048,2048
1,1.001,2048,64
1,1.581,2048,64
3,5.281,2048,2048
3,5.275,2048,2048
1,0.015,1024,64
1,0.015,1024,64
1,0.746,1024,64
3,7.928,4096,4096
3,9.583,4096,4096
3,14.307,4096,4096
1,1.109,2048,64
3,14.345,4096,4096
3,14.587,4096,4096
1,0.429,1024,64
3,14.356,4096,4096
1,0.644,1024,64
3,1.93,2048,2048
3,14.589,4096,4096
1,0.241,1024,64
1,0.433,1024,64
3,14.286,4096,4096
1,1.412,2048,64
1,0.005,1024,64
1,0.005,1024,64
3,11.356,4096,4096
2,30.033,24576,64
2,30.033,24576,64
1,0.015,1024,64
1,0.015,1024,64
1,0.015,1024,64
2,30.042,24576,64
2,30.042,24576,64
2,30.032,24576,64
2,30.032,24576,64
2,30.045,24576,64
2,30.045,24576,64
2,30.042,24576,64
2,30.042,24576,64
2,30.04,24576,64
2,30.04,24576,64
2,30.056,24576,64
2,30.056,24576,64
2,30.044,24576,64
2,30.044,24576,64
2,30.024,24576,64
2,30.024,24576,64
1,0.031,1024,64
2,30.032,24576,64
2,30.032,24576,64
5,29.959,8192,8192
5,29.959,8192,8192
2,30.04,24576,64
2,30.024,24576,64
2,30.042,24576,64
2,30.042,24576,64
2,30.048,24576,64
2,30.048,24576,64
1,0.013,1024,64
1,0.015,1024,64
1,0.059,1024,64
1,0.012,1024,64
1,0.013,1024,64
1,0.013,1024,64
1,0.013,1024,64
1,0.048,1024,64
1,0.012,1024,64
1,0.013,1024,64
1,0.013,1024,64
1,0.012,1024,64
1,0.016,1024,64
1,0.013,1024,64
1,0.014,1024,64
2,30.027,24576,64
2,30.027,24576,64
2,30.043,24576,64
2,30.043,24576,64
2,30.029,24576,64
2,30.029,24576,64
2,30.02,24576,64
2,30.02,24576,64
1,0.015,1024,64
1,0.015,1024,64
1,0.015,1024,64
1,0.015,1024,64
1,0.015,1024,64
2,30.037,24576,64
2,30.037,24576,64
2,30.032,24576,64
2,30.032,24576,64
2,30.031,24576,64
2,30.031,24576,64
1,0.015,1024,64
2,30.044,24576,64
2,30.044,24576,64
2,30.037,24576,64
2,30.037,24576,64
2,30.026,24576,64
2,30.026,24576,64
1,0.031,1024,64
1,0.031,1024,64
1,0.029,1024,64
1,0.015,1024,64
2,30.091,24576,64
2,30.075,24576,64
2,30.05,24576,64
2,30.034,24576,64
2,30.033,24576,64
2,30.033,24576,64
2,30.038,24576,64
2,30.038,24576,64
1,0.015,1024,64
1,0.015,1024,64
1,0.015,1024,64
1,0.015,1024,64
2,30.062,24576,64
2,30.062,24576,64
2,30.046,24576,64
2,30.027,24576,64
2,30.021,24576,64
2,30.021,24576,64
5,29.911,8192,8192
5,29.911,8192,8192
1,0.015,1024,64
1,0.015,1024,64
1,0.015,1024,64
2,30.021,24576,64
2,30.036,24576,64
2,30.027,24576,64
2,30.027,24576,64
1,0.015,1024,64
1,0.015,1024,64
1,0.015,1024,64
2,30.042,24576,64
2,30.042,24576,64
1,0.015,1024,64
1,0.015,1024,64
2,30.03,24576,64
2,30.03,24576,64
1,0.015,1024,64
1,0.015,1024,64
1,0.019,1024,64
1,0.015,1024,64
1,0.013,1024,64
1,0.014,1024,64
1,0.013,1024,64
1,0.013,1024,64
1,0.013,1024,64
1,0.012,1024,64
1,0.013,1024,64
1,0.014,1024,64
1,0.019,1024,64
1,0.013,1024,64
1,0.014,1024,64
1,0.017,1024,64
1,0.015,1024,64
1,0.015,1024,64
5,29.926,8192,8192
5,29.926,8192,8192
1,0.015,1024,64
2,35.961,24576,64
2,35.961,24576,64
2,30.026,24576,64
2,30.026,24576,64
2,34.511,24576,64
2,34.511,24576,64
2,34.121,24576,64
2,34.121,24576,64
2,31.558,24576,64
2,31.558,24576,64
3,4.483,2048,2048
1,0.031,1024,64
1,0.016,1024,64
2,32.614,24576,64
2,32.629,24576,64
2,30.139,24576,64
2,30.123,24576,64
2,30.16,24576,64
2,30.16,24576,64
2,30.309,24576,64
2,30.309,24576,64
1,0.015,1024,64
2,70.452,24576,64
1,0.267,1024,64
2,53.038,24576,64
1,0.562,1024,64
1,0.095,1024,64
1,0.008,1024,64
2,30.063,24576,64
2,30.063,24576,64
2,30.11,24576,64
2,30.11,24576,64
2,30.117,24576,64
2,30.117,24576,64
2,30.155,24576,64
2,30.155,24576,64
2,30.136,24576,64
2,30.123,24576,64
5,29.979,8192,8192
5,29.994,8192,8192
2,30.07,24576,64
2,30.07,24576,64
2,30.103,24576,64
2,30.087,24576,64
